Unnamed: 0,Team1,Team2,Referee,Coef_1,Coef_X,Coef_2,Total_Fouls,Team1_Score,Team2_Score,Team1_Intensive,Team2_Intensive,Intensive,Team1_Ball_possession,Team2_Ball_possession,Team1_Fouls,Team2_Fouls,Team1_Yellow_cards,Team2_Yellow_cards,Team1_Passes,Team2_Passes,Team1_Long_balls,Team2_Long_balls,Team1_Crosses,Team2_Crosses,Team1_Dribbles,Team2_Dribbles,Team1_Duels_won,Team2_Duels_won,Team1_Aerials_won,Team2_Aerials_won,Team1_Tackles,Team2_Tackles,Team1_Corner_kicks,Team2_Corner_kicks,Team1_Interceptions,Team2_Interceptions,Team1_Possession_lost,Team2_Possession_lost,Team1_Total_shots,Team2_Total_shots,Team1_Shots_on_target,Team2_Shots_on_target,Team1_Shots_inside_box,Team2_Shots_inside_box,Team1_Shots_outside_box,Team2_Shots_outside_box,Team1_Clearances,Team2_Clearances,Team1_Accurate_passes,Team2_Accurate_passes,Team1_Formation,Team1_Ratings,Team2_Formation,Team2_Ratings,Team1_PPDA,Team2_PPDA,Team1_Pre_PPDA,Team2_Pre_PPDA
0,Лион,Аяччо,Бенуа Бастьен,1.33,5.0,8.5,28,2,1,1420,514,906,68,32,10,18,1,6,635,297,54,41,7,11,21,16,52,43,13,8,15,22,4,3,11,11,120,124,11,8,6,4,6,6,5,2,11,8,553,218,4-3-3,0.0,4-4-2,0.0,10.69,13.84,,
1,Страсбург,Монако,Франсуа Летексье,2.3,3.2,3.2,32,1,2,684,1822,-1138,53,47,17,15,0,2,482,411,66,58,16,25,14,20,72,52,24,16,26,14,3,7,15,10,155,151,11,24,7,11,7,17,4,7,15,15,380,326,3-4-1-2,0.0,4-2-3-1,0.0,7.36,11.04,,
2,Клермон,ПСЖ,Джереми Стинат,13.0,7.0,1.2,26,0,5,337,1979,-1642,39,61,13,13,2,1,425,673,49,29,3,14,18,26,45,40,4,3,16,9,0,6,12,5,97,106,7,18,1,12,1,15,6,3,16,3,355,603,4-2-3-1,0.0,3-4-3,0.0,18.2,10.72,,
3,Тулуза,Ницца,Йохан Хамель,2.5,3.25,2.88,18,1,1,984,1104,-120,46,54,10,8,1,2,456,544,64,36,18,14,11,22,51,46,14,8,23,15,6,3,16,9,132,138,6,11,4,4,6,7,0,4,11,9,370,459,4-2-3-1,0.0,4-3-3,0.0,9.06,14.16,,
4,Анже,Нант,Хаким Бен эль Салем Хадж,3.0,3.25,2.38,28,0,0,772,1262,-490,49,51,15,13,3,3,365,375,53,77,15,17,20,13,62,57,16,20,23,19,3,6,4,8,143,156,16,14,6,4,10,10,6,4,20,20,278,279,4-2-3-1,0.0,3-4-1-2,0.0,7.63,7.67,,
5,Ленс,Брест,Томас Леонард,1.6,4.2,5.25,30,3,2,1855,508,1347,62,38,16,14,2,4,484,297,46,48,12,11,19,13,47,47,11,12,12,15,6,3,7,8,113,129,16,6,7,4,16,4,0,2,10,9,409,208,3-4-2-1,0.0,4-4-2,0.0,5.92,18.71,,
6,Лилль,Осер,Эрик Ваттелье,1.6,4.2,5.25,19,4,1,1596,513,1083,60,40,10,9,2,1,613,402,55,74,14,15,15,19,35,43,6,7,14,16,7,2,3,8,99,101,16,10,6,2,7,9,9,1,14,16,558,345,4-2-3-1,0.0,4-2-3-1,0.0,14.17,23.69,,
7,Монпелье,Труа,Пьер Гайюст,2.15,3.2,3.6,23,3,2,963,868,95,53,47,13,10,1,0,398,342,39,54,12,22,12,15,37,55,8,15,15,17,3,6,7,15,113,95,17,16,6,10,8,11,9,5,6,15,335,285,4-2-3-1,0.0,5-4-1,0.0,9.87,14.44,,
8,Ренн,Лорьян,Бастьен Дешепи,1.5,4.75,6.0,16,0,1,1646,336,1310,64,36,11,5,3,1,635,368,35,51,25,8,15,18,51,55,17,8,19,25,7,2,9,9,126,120,21,8,6,2,15,3,6,5,9,19,558,295,4-3-3,0.0,4-3-3,0.0,7.43,23.19,,
9,Марсель,Реймс,Жером Брисар,1.62,3.8,5.25,24,4,1,1457,994,463,56,44,14,10,1,0,482,379,78,43,23,18,10,14,56,52,23,22,17,9,6,7,16,11,140,146,16,16,6,6,12,9,4,7,20,22,386,287,3-4-2-1,0.0,4-3-3,0.0,6.96,15.4,,
10,Нант,Лилль,Бастьен Дешепи,3.1,3.3,2.3,24,1,1,693,2088,-1395,30,70,14,10,1,4,260,622,65,49,15,26,13,14,56,52,18,16,23,18,5,11,21,7,149,161,10,16,1,5,5,15,5,1,30,22,172,513,3-5-2,6.97,4-2-3-1,7.14,16.14,5.77,,
11,Монако,Ренн,Джереми Пиньяр,2.05,3.6,3.5,17,1,1,714,1726,-1012,34,66,6,11,0,3,328,628,68,54,10,17,20,15,44,44,12,12,13,19,1,6,8,5,126,129,12,24,4,8,9,13,3,11,19,16,252,547,4-4-2,6.92,4-3-3,6.77,24.07,6.32,,
12,ПСЖ,Монпелье,Вилли Делайод,1.05,17.0,23.0,33,5,2,2689,222,2467,59,41,15,18,2,1,611,425,21,39,14,4,35,19,58,53,5,5,18,22,11,0,14,9,98,95,20,7,10,4,13,4,7,3,2,17,562,371,3-4-1-2,7.3,4-1-4-1,6.8,7.46,17.38,,
13,Аяччо,Ленс,Стефани Фраппар,3.25,3.1,2.3,34,0,0,124,1001,-877,36,64,16,18,5,2,280,506,52,37,8,16,12,12,56,52,19,20,12,10,1,3,14,4,113,115,9,12,2,3,6,7,3,5,22,16,204,430,4-4-2,6.57,3-4-1-2,6.92,16.25,5.61,,
14,Осер,Анже,Рудди Буке,2.38,3.3,3.1,26,2,2,621,1269,-648,40,60,10,16,5,3,330,497,71,50,15,25,13,21,61,45,16,17,23,9,4,5,14,5,120,135,11,11,4,2,3,8,8,3,20,8,259,419,4-1-4-1,6.5,4-2-3-1,7.01,14.94,9.33,,
15,Реймс,Клермон,Йохан Хамель,2.0,3.2,4.0,26,2,4,740,1479,-739,41,59,18,8,3,3,315,448,53,61,12,13,18,15,38,52,7,8,15,19,1,6,13,10,125,114,9,10,6,5,7,4,2,6,11,8,242,380,3-4-2-1,6.55,4-2-3-1,6.36,8.97,8.32,,
16,Труа,Тулуза,Марк Болленджер,2.9,3.25,2.5,33,0,3,439,1673,-1234,32,68,14,19,2,1,265,575,42,60,17,19,19,10,58,46,10,11,19,21,6,6,4,5,113,123,12,10,2,4,9,6,3,4,15,11,202,500,5-4-1,6.93,4-2-3-1,6.83,25.2,3.88,,
17,Ницца,Страсбург,Хаким Бен эль Салем Хадж,2.1,3.4,3.5,20,1,1,1137,896,241,54,46,7,13,1,4,532,454,62,66,23,14,21,13,61,41,18,14,15,16,7,3,6,8,148,129,13,9,3,5,5,6,8,3,16,22,448,365,4-2-3-1,6.87,3-5-2,7.01,15.17,11.14,,
18,Брест,Марсель,Джереми Стинат,3.8,3.75,1.95,25,1,1,1475,647,828,47,53,10,15,1,4,397,468,68,59,29,10,11,25,58,48,18,10,23,16,7,5,12,8,149,152,17,5,5,2,10,4,7,1,14,29,309,367,4-3-3,6.58,3-4-2-1,7.08,11.07,9.85,,
19,Лорьян,Лион,Бастьен Дешепи,4.2,4.0,1.8,26,3,1,514,1564,-1050,33,67,8,18,1,3,305,607,52,37,8,31,19,23,57,45,10,11,21,14,1,6,18,11,114,132,11,15,6,7,6,12,5,3,19,8,231,540,4-3-3,6.9,4-3-3,6.99,20.0,5.08,,
20,Лион,Труа,Эрик Ваттелье,1.29,6.5,8.5,16,4,1,2075,358,1717,66,34,9,7,0,1,747,374,46,35,18,13,22,29,45,48,7,7,24,19,4,5,14,18,124,126,16,4,8,1,15,3,1,1,9,17,666,307,4-3-3,6.71,5-4-1,6.68,5.64,30.5,,
21,Монако,Ленс,Вилли Делайод,1.83,4.0,4.2,31,1,4,992,1025,-33,46,54,18,13,4,0,416,508,41,58,13,8,19,13,46,38,8,6,10,6,3,5,9,13,94,96,12,14,5,6,7,12,5,2,11,7,354,436,4-4-2,6.8,3-4-2-1,6.94,10.03,12.38,,
22,Марсель,Нант,Джереми Пиньяр,1.67,4.0,4.75,21,2,1,1276,1025,251,56,44,15,6,5,1,472,366,44,70,18,22,19,25,53,57,17,15,20,16,7,4,7,10,137,136,16,12,5,3,12,8,4,4,18,24,387,284,3-4-2-1,6.9,5-4-1,6.98,8.0,12.6,,
23,Страсбург,Реймс,Рудди Буке,1.75,3.6,4.75,28,1,1,1034,609,425,64,36,12,16,1,4,531,304,64,43,18,13,14,20,64,39,19,8,19,11,5,4,11,14,139,130,12,12,3,6,8,9,4,3,15,17,435,230,3-5-2,6.85,3-4-1-2,6.45,6.31,11.68,,
24,Анже,Брест,Жером Брисар,2.38,3.25,3.1,19,1,3,719,1425,-706,51,49,9,10,2,0,506,488,33,70,9,21,26,19,55,52,10,10,24,22,3,6,9,12,127,129,7,11,5,7,5,10,2,1,10,12,434,421,4-2-3-1,6.81,4-3-3,6.72,9.79,20.44,,
25,Клермон,Ницца,Томас Леонард,3.6,3.3,2.1,25,1,0,786,1410,-624,48,52,4,21,1,2,512,553,60,36,11,23,11,12,48,31,5,8,18,14,3,6,6,6,99,110,7,13,2,4,4,9,3,4,15,11,457,496,4-2-3-1,6.64,4-2-3-1,6.89,30.78,11.79,,
26,Монпелье,Осер,Матье Вернис,1.91,3.5,4.0,23,1,2,1968,382,1586,64,36,10,13,1,3,561,314,49,54,26,11,21,12,46,44,8,11,12,17,7,2,8,9,119,94,13,7,7,2,9,3,4,4,6,27,493,257,4-1-4-1,6.59,4-1-4-1,6.64,9.36,16.0,,
27,Тулуза,Лорьян,Густаво Фернандес Коррейя,1.8,3.75,4.333333333333334,24,2,2,1421,1118,303,52,48,14,10,2,1,450,428,39,45,24,11,22,24,54,57,15,7,19,20,3,6,12,10,136,128,16,14,8,4,12,9,4,5,15,17,368,362,4-3-3,6.95,4-2-3-1,7.12,8.55,10.39,,
28,Ренн,Аяччо,Хаким Бен эль Салем Хадж,1.5,4.333333333333334,6.5,24,2,1,1268,890,378,55,45,13,11,5,2,491,389,63,58,11,23,19,15,69,61,32,23,16,17,4,8,6,13,153,175,16,10,7,3,9,6,7,4,20,9,392,279,4-4-2,6.86,4-4-2,6.71,8.31,12.91,,
29,Лилль,ПСЖ,Клемент Терпин,7.0,5.5,1.36,21,1,7,914,1438,-524,48,52,13,8,2,1,550,592,32,27,8,9,24,16,36,53,6,6,13,24,2,4,15,5,91,87,16,16,10,9,11,14,5,2,6,6,499,531,4-2-3-1,6.99,3-4-2-1,7.25,17.39,14.08,,
30,Аяччо,Лилль,Томас Леонард,3.0,3.2,2.45,26,1,3,991,742,249,42,58,13,13,3,3,324,489,46,51,32,11,13,19,50,54,17,18,11,12,6,0,7,8,137,123,14,7,2,4,9,5,5,2,8,26,247,407,4-4-2,6.7,4-2-3-1,6.73,14.9,9.18,,
31,Осер,Страсбург,Йохан Хамель,3.5,3.4,2.1,10,1,0,490,1523,-1033,42,58,4,6,0,1,438,611,95,60,15,25,14,12,36,46,13,24,10,11,2,5,12,5,130,149,7,14,3,4,3,9,4,5,35,20,353,509,4-1-4-1,6.63,3-5-2,6.88,22.93,17.07,,
32,Ленс,Ренн,Жером Брисар,2.2,3.5,3.2,28,2,1,1297,689,608,51,49,15,13,0,1,500,498,50,45,21,10,11,13,46,49,12,14,15,11,7,2,17,13,109,122,17,12,4,6,7,9,10,3,18,22,440,415,3-4-3,6.96,4-3-3,6.86,10.78,13.4,,
33,Нант,Тулуза,Матье Вернис,2.38,3.4,3.0,20,3,1,1513,737,776,50,50,11,9,0,3,412,414,68,59,19,15,23,13,44,54,9,20,13,16,4,5,14,14,128,129,16,9,8,3,13,9,3,0,13,19,330,334,4-3-3,6.9,4-2-3-1,6.89,12.53,12.71,,
34,Лорьян,Клермон,Вилли Делайод,1.95,3.4,4.2,21,2,1,911,952,-41,39,61,12,9,1,3,387,583,37,34,8,24,24,19,56,44,8,11,26,14,3,4,12,12,102,129,22,9,9,2,15,6,7,3,18,9,324,512,4-2-3-1,6.96,4-2-3-1,6.78,22.18,10.73,,
35,Ницца,Марсель,Франсуа Летексье,2.75,3.6,2.5,22,0,3,930,1337,-407,49,51,7,15,1,1,436,464,50,38,17,15,13,14,44,39,9,7,16,21,7,5,13,18,124,115,16,13,2,4,8,10,8,3,12,16,360,392,4-2-3-1,6.78,3-4-2-1,6.86,13.11,7.14,,
36,Брест,Монпелье,Марк Болленджер,1.91,3.5,4.0,31,0,7,709,1348,-639,52,48,15,16,0,2,380,357,53,49,17,12,12,12,45,51,15,13,10,18,5,4,10,6,127,115,6,14,0,8,4,13,2,1,8,20,301,281,4-3-3,6.83,4-2-3-1,6.63,7.6,13.31,,
37,Труа,Анже,Стефани Фраппар,2.25,3.3,3.25,20,3,1,2053,626,1427,49,51,8,12,2,3,514,541,37,42,22,10,21,30,52,46,13,7,14,12,8,3,11,6,116,118,25,7,11,2,10,4,15,3,14,20,442,467,5-4-1,6.59,3-1-4-2,6.71,14.04,14.85,,
38,Реймс,Лион,Джереми Стинат,4.0,4.0,1.8,24,1,1,364,2232,-1868,26,74,12,12,1,1,244,675,59,40,6,38,18,34,58,62,15,15,25,17,2,7,11,11,127,163,8,18,5,5,4,8,4,10,34,5,158,586,3-4-1-2,6.54,4-3-3,6.9,15.81,3.57,,
39,ПСЖ,Монако,Бенуа Бастьен,1.25,6.5,10.0,27,1,1,1855,351,1504,67,33,12,15,4,4,693,341,25,46,10,8,26,15,57,53,13,5,16,29,4,3,5,16,108,107,18,4,5,3,10,1,8,3,4,11,637,271,3-4-2-1,7.38,5-3-2,6.68,8.16,14.45,,
40,Анже,Реймс,Джереми Пиньяр,3.0,3.3,2.3,24,2,4,1408,823,585,59,41,9,15,1,6,469,333,52,59,14,9,26,23,59,50,14,10,19,20,4,3,14,15,154,155,10,11,3,5,6,7,4,4,7,10,380,248,3-1-4-2,6.66,3-4-1-2,6.6,6.54,10.27,,
41,Монако,Труа,Рудди Буке,1.29,5.75,9.0,24,2,4,1272,1354,-82,52,48,13,11,3,1,486,448,44,39,13,20,19,21,50,57,14,12,14,20,8,6,11,16,131,113,8,19,6,11,8,13,0,6,17,23,399,380,3-4-1-2,6.71,5-4-1,6.73,10.96,12.42,,
42,Монпелье,Аяччо,Бастьен Дешепи,2.2,3.1,3.5,26,2,0,518,1577,-1059,38,62,9,17,2,4,309,481,66,52,6,32,10,16,54,55,21,23,16,14,3,8,14,6,124,132,9,15,4,0,7,11,2,4,28,9,218,406,4-2-3-1,6.83,4-4-2,6.65,16.0,9.28,,
43,Лион,Осер,Пьер Гайюст,1.29,5.75,8.0,26,2,1,1939,345,1594,62,38,13,13,0,2,612,367,39,51,19,20,20,16,48,53,5,15,18,15,9,3,16,18,134,136,20,6,8,2,12,5,8,1,8,29,526,285,4-3-3,6.91,4-1-4-1,6.73,6.71,16.84,,
44,Страсбург,Нант,Клемент Терпин,2.05,3.5,3.5,31,1,1,598,1121,-523,46,54,13,18,0,3,440,517,60,74,16,22,17,15,61,55,14,18,19,17,3,6,8,13,144,143,5,12,2,3,1,6,4,6,18,15,344,431,3-5-2,6.89,4-2-3-1,6.93,11.52,7.47,,
45,Ленс,Лорьян,Бенуа Бастьен,1.73,3.6,5.0,16,5,2,1750,686,1064,58,42,10,6,1,3,519,372,35,32,18,14,13,11,31,29,7,4,11,10,4,5,11,11,83,92,15,11,8,3,13,7,2,4,13,14,477,317,3-4-3,6.99,4-3-3,7.02,15.69,38.22,,
46,Лилль,Ницца,Джереми Стинат,2.05,3.4,3.6,36,1,2,2238,329,1909,63,37,15,21,1,4,541,326,45,57,33,14,15,11,45,59,8,19,13,20,6,3,6,10,116,120,18,3,6,2,10,2,8,1,10,26,489,258,4-2-3-1,6.76,3-5-2,6.72,8.59,17.72,,
47,Марсель,Клермон,Эрик Ваттелье,1.36,5.0,8.0,28,1,0,2230,460,1770,60,40,16,12,2,2,547,359,34,45,19,11,22,16,67,59,21,16,21,19,7,1,13,17,153,144,21,3,7,0,15,1,6,2,8,17,450,267,3-4-2-1,6.92,3-4-2-1,6.75,5.89,10.41,,
48,Ренн,Брест,Бенуа Милло,1.55,4.333333333333334,5.5,17,3,1,1957,382,1575,65,35,11,6,2,0,637,339,47,81,17,15,27,10,43,50,15,13,10,25,7,3,7,13,148,145,16,7,9,2,11,3,5,4,15,20,552,239,4-3-3,6.83,4-2-3-1,6.63,10.06,19.74,,
49,Тулуза,ПСЖ,Хаким Бен эль Салем Хадж,10.0,6.5,1.25,17,0,3,611,2060,-1449,38,62,10,7,1,0,364,606,40,29,10,11,14,28,46,37,1,5,35,14,3,9,12,12,92,117,14,20,7,13,7,16,7,4,15,4,310,543,3-4-3,6.84,3-4-2-1,7.26,16.26,11.11,,
50,Осер,Марсель,Вилли Делайод,4.2,3.75,1.83,22,0,2,777,1426,-649,47,53,8,14,1,1,438,498,81,44,15,9,13,26,53,45,12,8,23,18,4,1,21,16,129,125,8,15,2,7,4,11,4,4,15,17,363,425,4-1-4-1,6.75,3-4-2-1,6.94,10.92,10.13,,
51,Лион,Анже,Томас Леонард,1.3,5.5,10.0,14,5,0,2515,194,2321,64,36,5,9,2,1,516,295,49,39,25,8,25,16,39,49,10,13,13,23,13,3,13,17,133,109,16,8,9,3,10,5,6,3,8,24,449,226,4-3-3,6.94,3-1-4-2,6.64,7.65,12.64,,
52,Нант,ПСЖ,Пьер Гайюст,11.0,7.0,1.22,18,0,3,190,1620,-1430,41,59,6,12,1,4,464,692,48,33,9,10,20,28,52,41,6,6,23,12,1,7,16,12,96,118,10,19,1,7,6,16,4,3,11,4,396,622,3-4-3,6.9,3-4-3,7.25,18.85,12.67,,
53,Монпелье,Лилль,Жером Брисар,3.6,3.75,1.95,19,1,3,101,2522,-2421,24,76,8,11,0,4,216,681,53,46,8,23,9,22,44,54,12,21,20,17,1,9,11,7,124,131,4,26,2,8,2,14,2,12,27,11,138,603,4-3-2-1,6.86,4-2-3-1,6.76,30.1,3.81,,
54,Аяччо,Лорьян,Джереми Стинат,2.4,3.0,3.1,28,0,1,1401,650,751,58,42,16,12,4,1,445,336,69,67,33,9,12,19,48,64,18,24,13,13,3,3,14,14,154,144,16,7,3,4,6,5,10,2,10,30,353,239,4-4-2,6.64,4-3-3,6.88,5.5,13.35,,
55,Клермон,Тулуза,Франсуа Летексье,3.3,3.4,2.2,26,2,0,499,1476,-977,33,67,14,12,4,1,250,509,48,55,21,30,22,17,48,55,6,18,18,21,4,6,15,6,121,134,12,14,3,4,8,8,4,6,23,18,188,435,3-4-2-1,6.75,4-2-3-1,6.84,15.42,4.52,,
56,Брест,Страсбург,Бастьен Дешепи,2.45,3.4,2.88,24,1,1,1272,812,460,59,41,15,9,3,1,485,340,69,58,35,13,10,23,45,58,18,16,15,13,7,3,15,11,139,132,11,10,2,3,8,5,3,5,15,16,398,248,4-2-3-1,6.64,3-5-2,6.87,6.46,25.73,,
57,Реймс,Ленс,Эрик Ваттелье,3.2,3.5,2.25,20,1,1,782,1435,-653,36,64,9,11,2,2,317,586,37,48,17,15,16,16,39,42,7,4,16,19,4,4,22,7,117,116,17,20,4,4,9,14,8,6,15,15,260,520,3-4-1-2,6.65,3-4-3,7.0,13.0,8.94,,
58,Труа,Ренн,Матье Вернис,3.75,4.0,1.85,35,1,1,293,2151,-1858,29,71,13,22,2,2,255,620,53,43,8,28,19,11,60,50,14,20,17,14,3,5,9,4,108,113,9,19,1,6,7,12,2,7,16,4,181,561,5-4-1,6.8,4-3-3,6.87,30.6,3.26,,
59,Ницца,Монако,Бенуа Милло,2.9,3.4,2.38,22,0,1,872,1025,-153,53,47,10,12,2,1,522,465,52,40,16,16,19,17,44,51,9,14,15,19,3,6,15,15,140,136,12,14,5,2,11,5,1,9,15,12,428,390,3-4-2-1,6.76,3-4-2-1,6.69,9.45,12.44,,
60,Ленс,Труа,Хаким Бен эль Салем Хадж,1.5,4.333333333333334,6.0,26,1,0,2044,228,1816,63,37,16,10,2,1,663,394,38,38,28,5,16,18,43,64,11,13,18,25,9,1,12,17,128,118,12,7,3,2,8,6,4,1,12,29,610,319,3-4-2-1,6.97,5-4-1,6.78,5.9,17.7,,
61,ПСЖ,Брест,Джереми Пиньяр,1.08,12.0,21.0,29,1,0,1426,960,466,61,39,13,16,4,2,671,425,25,55,6,15,21,9,50,46,10,9,15,21,3,5,11,20,116,110,13,6,4,3,11,2,2,4,14,17,599,352,3-4-1-2,7.24,5-3-2,6.67,16.19,13.68,,
62,Марсель,Лилль,Бенуа Милло,2.1,3.6,3.4,39,2,1,1335,669,666,53,47,22,17,5,1,453,402,57,55,11,11,13,12,55,71,17,15,17,27,4,3,5,6,152,138,14,7,7,3,9,7,5,0,7,16,364,311,3-4-2-1,6.96,3-4-3,6.84,6.52,9.31,,
63,Страсбург,Клермон,Марк Болленджер,1.67,3.8,5.25,35,0,0,1186,941,245,43,57,20,15,4,2,357,475,44,70,13,17,19,9,57,46,9,13,22,11,3,5,12,13,144,152,12,10,4,4,10,5,2,5,18,21,257,381,4-3-1-2,6.85,3-4-2-1,6.79,7.92,6.91,,
64,Аяччо,Ницца,Эрик Ваттелье,3.4,2.9,2.38,20,0,1,731,930,-199,44,56,9,11,1,5,380,502,72,56,19,9,18,18,56,57,15,19,23,18,2,3,5,8,165,148,9,12,3,3,5,8,4,4,10,15,281,408,4-4-2,6.66,4-4-2,6.76,12.16,9.65,,
65,Анже,Монпелье,Франсуа Летексье,2.4,3.5,2.8,27,2,1,754,885,-131,45,55,15,12,2,4,374,458,51,52,11,18,16,15,63,52,15,15,28,17,2,5,7,7,135,145,11,7,5,2,11,5,0,2,17,7,289,370,4-2-3-1,6.6,4-2-3-1,6.79,10.15,10.89,,
66,Лорьян,Нант,Йохан Хамель,2.45,3.2,3.1,26,3,2,913,1229,-316,48,52,9,17,2,3,451,470,35,54,9,26,27,24,67,60,12,17,24,21,2,5,9,10,118,132,13,9,5,4,9,6,4,3,21,9,382,395,4-2-3-1,6.94,4-3-3,6.85,15.39,9.8,,
67,Тулуза,Реймс,Стефани Фраппар,2.4,3.5,2.88,28,1,0,801,838,-37,47,53,17,11,1,2,393,438,70,50,8,21,9,23,60,52,14,12,32,14,4,6,22,6,140,176,14,11,3,1,7,8,7,3,29,7,297,332,5-4-1,6.82,3-4-1-2,6.7,6.71,12.24,,
68,Ренн,Осер,Томас Леонард,1.4,4.75,8.0,20,5,0,1353,853,500,48,52,11,9,1,1,473,499,56,81,6,14,20,15,54,48,15,13,19,17,2,1,9,11,129,139,12,7,9,3,11,6,1,1,12,7,382,407,4-4-2,6.86,4-1-4-1,6.75,11.31,11.15,,
69,Монако,Лион,Клемент Терпин,2.6,3.5,2.7,21,2,1,650,1586,-936,39,61,12,9,1,2,355,537,58,52,11,35,15,21,58,49,17,11,23,11,1,6,21,11,137,157,11,20,4,6,9,14,2,6,33,10,264,446,3-4-3,6.76,4-3-3,6.93,9.57,10.05,,
70,Осер,Лорьян,Рудди Буке,2.7,3.3,2.6,24,1,3,1709,1052,657,57,43,13,11,3,1,509,406,85,52,37,10,21,13,55,50,14,14,21,17,9,5,11,13,125,128,17,12,5,8,11,9,6,3,16,20,441,332,4-1-4-1,6.7,4-2-3-1,6.93,8.86,24.58,,
71,Монпелье,Страсбург,Джереми Стинат,2.38,3.5,2.88,31,2,1,1020,1221,-201,50,50,11,20,4,4,354,351,75,68,22,21,9,18,59,55,19,20,18,16,8,6,9,8,152,147,10,8,4,2,9,6,1,2,23,22,265,267,4-2-3-1,6.76,3-5-2,6.87,9.89,6.81,,
72,Лилль,Тулуза,Пьер Гайюст,1.7,4.0,4.75,34,2,1,773,1293,-520,45,55,20,14,2,0,408,475,51,56,9,29,19,27,63,73,18,19,20,18,5,7,14,20,146,168,10,14,4,5,7,8,3,6,23,10,309,375,4-2-3-1,6.85,5-4-1,6.87,7.94,5.38,,
73,Реймс,Монако,Марк Болленджер,3.1,3.6,2.2,30,0,3,412,2289,-1877,32,68,14,16,3,3,256,550,52,60,15,23,23,17,56,48,6,11,21,15,5,4,11,14,132,132,9,20,2,11,5,13,4,7,26,10,182,472,3-4-1-2,6.69,4-4-2,6.81,16.11,3.79,,
74,Клермон,Труа,Жером Брисар,2.25,3.4,3.2,23,1,3,1313,509,804,59,41,8,15,0,3,514,351,46,50,17,9,13,24,52,36,9,6,22,11,5,1,11,14,131,141,14,9,2,4,8,6,6,3,11,16,425,271,3-4-2-1,6.8,5-4-1,6.79,6.93,18.81,,
75,Ницца,Анже,Бастьен Дешепи,1.62,4.0,5.5,20,0,1,1216,1002,214,50,50,9,11,0,3,420,417,54,54,15,15,10,26,53,37,11,10,28,9,5,4,9,11,101,112,18,16,5,3,8,8,10,8,14,10,351,357,4-4-2,6.8,4-2-3-1,6.63,12.0,14.83,,
76,Марсель,Ренн,Бенуа Бастьен,2.05,3.6,3.6,26,1,1,1529,877,652,59,41,13,13,3,4,509,363,50,51,31,13,20,19,54,57,15,14,19,22,11,7,10,18,150,130,15,11,4,4,9,7,6,4,20,25,423,288,3-4-2-1,6.92,4-2-3-1,6.9,9.9,8.8,,
77,Брест,Аяччо,Стефани Фраппар,2.05,3.3,4.0,25,0,1,1459,499,960,59,41,13,12,2,2,501,356,79,77,28,10,12,18,56,59,29,21,12,16,6,2,10,20,186,174,8,6,4,4,7,4,1,2,11,25,372,232,5-3-2,6.68,4-4-2,6.67,6.61,11.75,,
78,Нант,Ленс,Вилли Делайод,3.5,3.75,2.0,28,0,0,644,1224,-580,42,58,14,14,1,1,416,584,50,47,20,28,21,19,44,46,6,4,16,21,3,7,8,11,116,128,12,8,4,2,4,4,8,4,28,15,354,516,3-4-3,6.83,3-4-3,6.96,14.68,11.46,,
79,Лион,ПСЖ,Франсуа Летексье,5.0,5.0,1.53,18,0,1,722,1356,-634,34,66,14,4,0,2,410,797,23,33,14,10,18,36,41,56,3,6,28,19,3,7,18,7,104,117,12,15,3,8,11,13,1,2,14,9,357,739,4-4-2,6.92,3-4-2-1,7.22,15.64,21.2,,
80,Анже,Марсель,Йохан Хамель,4.2,3.8,1.8,23,0,3,958,1073,-115,43,57,9,14,0,0,368,483,43,41,12,15,19,12,46,42,9,8,16,17,6,3,12,13,113,117,16,15,5,7,9,11,7,4,12,10,303,410,4-4-2,6.65,3-4-2-1,6.92,13.0,7.37,,
81,Страсбург,Ренн,Эрик Ваттелье,3.2,3.6,2.15,22,1,3,575,1627,-1052,39,61,9,13,0,2,384,603,48,62,11,19,18,10,52,42,20,12,11,17,1,5,16,9,117,120,9,17,3,7,5,11,4,6,13,8,305,526,3-5-2,6.84,4-4-2,6.89,19.56,9.73,,
82,ПСЖ,Ницца,Жером Брисар,1.22,7.0,11.0,25,2,1,1203,616,587,57,43,16,9,1,1,663,485,30,40,8,12,24,21,43,55,5,5,20,29,4,0,5,11,117,106,12,4,4,1,4,4,8,0,10,13,599,430,3-4-2-1,7.21,5-4-1,6.78,9.24,14.23,,
83,Лорьян,Лилль,Хаким Бен эль Салем Хадж,3.0,3.5,2.3,27,2,1,464,2479,-2015,37,63,13,14,3,3,326,516,57,28,5,40,22,23,63,55,13,15,25,19,0,14,7,7,119,146,7,20,4,4,3,14,4,6,36,5,249,439,4-2-3-1,6.93,4-2-3-1,6.85,12.83,5.73,,
84,Аяччо,Клермон,Клемент Терпин,2.4,3.0,3.25,23,1,3,1620,657,963,52,48,13,10,3,3,439,412,55,67,26,13,9,14,44,54,14,14,17,19,4,4,9,12,154,142,12,7,3,3,5,6,7,1,17,24,346,320,4-4-2,6.7,3-4-1-2,6.78,7.67,16.15,,
85,Осер,Брест,Флоран Батта,3.1,3.3,2.3,33,1,1,749,954,-205,49,51,15,18,3,4,438,453,63,61,14,23,20,12,60,50,14,17,16,13,0,6,15,11,104,125,11,9,3,2,4,6,7,3,24,11,375,383,4-1-4-1,6.71,4-2-3-1,6.68,10.54,12.83,,
86,Тулуза,Монпелье,Джереми Пиньяр,1.91,4.0,3.5,20,4,2,812,2004,-1192,43,57,13,7,5,4,342,432,49,50,9,34,12,11,43,51,18,7,14,23,3,12,12,6,123,140,12,23,6,6,9,11,3,12,32,5,266,357,4-3-3,6.86,4-2-3-1,6.77,12.74,8.48,,
87,Труа,Реймс,Бенуа Милло,2.7,3.25,2.7,26,2,2,2368,394,1974,67,33,13,13,4,2,556,276,34,53,46,8,24,15,49,56,13,9,18,29,10,2,9,9,148,121,19,5,6,2,10,4,9,1,5,35,496,198,5-3-2,6.79,3-4-1-2,6.68,6.22,20.79,,
88,Монако,Нант,Томас Леонард,1.4,5.25,7.0,18,4,1,1213,787,426,48,52,8,10,0,1,476,514,49,50,14,20,20,17,46,39,6,9,20,15,7,7,12,12,115,122,10,7,6,2,7,5,3,2,11,16,412,449,4-4-2,6.86,5-4-1,6.85,23.27,16.53,,
89,Ленс,Лион,Бенуа Бастьен,2.25,3.75,2.8,35,1,0,1682,252,1430,52,48,19,16,2,2,503,470,52,55,24,7,22,19,59,60,17,10,13,21,6,2,21,17,151,141,21,4,6,0,16,0,5,4,15,23,413,372,3-4-2-1,6.96,4-2-3-1,6.92,8.21,10.63,,
90,Лион,Тулуза,Рудди Буке,1.44,5.0,6.0,24,1,1,1654,667,987,58,42,13,11,2,2,556,399,44,60,13,14,20,18,57,43,16,9,18,14,4,5,7,10,138,154,19,5,8,2,8,3,11,2,13,24,461,302,4-2-3-1,6.9,4-3-3,6.88,9.59,14.68,,
91,Марсель,Аяччо,Вилли Делайод,1.53,4.0,7.0,35,1,2,1560,425,1135,65,35,17,18,0,2,547,296,62,61,26,11,13,5,54,54,17,18,14,19,11,2,16,16,166,140,10,6,2,1,7,1,3,5,11,19,441,204,3-4-2-1,6.94,4-4-2,6.69,5.23,9.26,,
92,Реймс,ПСЖ,Пьер Гайюст,8.0,5.75,1.33,32,0,0,1115,1099,16,37,63,20,12,3,5,339,613,38,40,16,6,21,19,41,51,6,7,14,14,7,3,15,8,98,101,24,11,4,3,11,7,13,4,7,18,284,542,3-5-2,6.69,3-4-2-1,7.17,12.0,10.78,,
93,Монпелье,Монако,Бенуа Милло,4.2,4.2,1.75,29,0,2,1013,1052,-39,51,49,13,16,2,3,411,413,59,57,24,16,14,26,57,49,10,13,23,12,7,2,14,11,139,144,11,11,1,7,6,5,5,6,20,29,324,329,4-2-3-1,6.76,4-4-2,6.89,9.37,10.78,,
94,Анже,Страсбург,Клемент Терпин,2.63,3.4,2.55,30,2,3,1199,1236,-37,55,45,16,14,1,1,524,425,46,63,14,26,30,14,58,57,10,12,18,22,6,6,10,7,119,121,14,15,8,7,9,12,5,3,11,13,456,355,4-4-2,6.65,3-5-2,6.82,10.95,16.89,,
95,Клермон,Осер,Матье Вернис,2.2,3.4,3.3,21,2,1,984,696,288,48,52,4,17,0,0,395,431,71,81,19,17,23,18,56,37,10,7,17,18,4,4,7,12,132,121,10,14,6,5,7,7,3,7,14,17,313,366,3-4-2-1,6.8,4-1-4-1,6.73,22.58,6.94,,
96,Ницца,Труа,Йохан Хамель,1.8,3.4,4.75,17,3,2,1605,1162,443,61,39,8,9,1,1,615,375,47,44,15,24,17,15,50,39,10,11,23,17,5,5,7,11,105,114,14,17,6,6,8,9,6,8,14,10,542,313,3-4-3,6.77,5-4-1,6.79,11.19,24.11,,
97,Брест,Лорьян,Бастьен Дешепи,2.25,3.5,3.1,27,1,2,1003,1113,-110,50,50,14,13,3,1,437,445,51,45,34,20,5,24,54,58,12,26,25,10,7,8,10,15,156,156,11,14,4,5,8,8,3,6,15,25,338,356,4-4-2,6.68,4-2-3-1,6.91,10.19,15.44,,
98,Ренн,Нант,Флоран Батта,1.45,4.5,6.5,27,3,0,1275,664,611,58,42,13,14,1,0,474,338,70,59,12,17,10,10,60,65,27,30,17,19,4,3,5,5,158,154,14,8,4,3,11,5,3,3,12,13,375,240,4-4-2,6.9,4-2-3-1,6.79,7.9,12.74,,
99,Лилль,Ленс,Франсуа Летексье,2.63,3.4,2.6,34,1,0,1235,1345,-110,45,55,19,15,3,5,366,432,40,43,13,20,19,14,50,66,10,14,17,24,5,9,13,9,122,131,12,10,6,3,9,6,3,4,25,14,298,362,4-2-3-1,6.83,3-4-2-1,6.98,7.43,8.04,,
100,Страсбург,Лилль,Джереми Пиньяр,3.2,3.3,2.25,29,0,3,829,1023,-194,43,57,12,17,3,1,416,582,58,74,22,4,15,17,62,42,13,11,24,12,3,0,19,12,159,155,12,10,1,7,5,7,7,3,10,19,310,475,3-5-2,6.82,4-2-3-1,6.84,9.45,8.28,,
101,Лорьян,Реймс,Матье Вернис,2.4,3.3,2.9,27,0,0,992,634,358,48,52,10,17,1,2,393,419,46,43,20,18,18,17,63,43,10,10,30,18,2,2,12,14,133,155,10,7,3,2,4,4,6,3,15,15,316,336,4-2-3-1,6.91,3-5-2,6.73,12.14,9.6,,
102,Ленс,Монпелье,Хаким Бен эль Салем Хадж,1.44,5.0,6.5,22,1,0,1672,281,1391,66,34,12,10,2,2,641,324,60,59,23,15,14,11,41,46,17,9,9,20,4,5,8,13,148,153,17,8,5,1,11,4,6,4,9,22,555,218,3-4-2-1,6.96,4-2-3-1,6.76,8.8,17.9,,
103,Тулуза,Анже,Бенуа Бастьен,1.8,3.8,4.0,27,3,2,1357,826,531,55,45,12,15,3,2,464,367,54,44,16,16,16,24,53,50,11,8,24,18,2,8,7,10,129,137,14,13,7,6,6,6,8,7,14,15,383,289,4-3-3,6.88,5-3-2,6.65,7.22,13.29,,
104,Осер,Ницца,Эрик Ваттелье,3.6,3.5,2.05,14,1,1,980,1069,-89,45,55,11,3,0,0,434,538,75,55,19,22,11,23,39,55,11,17,18,12,2,6,9,17,130,145,11,9,3,2,5,5,6,4,12,15,348,449,4-2-3-1,6.73,3-5-2,6.79,11.17,19.08,,
105,Нант,Брест,Марк Болленджер,2.2,3.3,3.4,23,4,1,1639,670,969,54,46,13,10,0,2,427,364,59,44,19,19,21,18,50,47,11,11,20,18,7,5,11,10,125,127,17,11,6,2,11,9,6,2,13,26,357,287,4-2-3-1,6.76,4-2-3-1,6.69,8.04,17.93,,
106,Ренн,Лион,Стефани Фраппар,2.15,3.75,3.2,27,3,2,904,749,155,40,60,13,14,2,2,392,585,57,47,10,14,14,14,46,53,9,18,18,14,3,2,14,19,135,150,14,7,5,5,11,5,3,2,19,9,307,491,4-4-2,6.93,3-4-1-2,6.91,13.14,6.87,,
107,Труа,Аяччо,Жером Брисар,2.2,3.2,3.5,22,1,1,667,1254,-587,50,50,8,14,2,1,400,394,67,47,16,22,8,20,53,65,26,20,13,24,3,5,7,14,150,129,9,15,2,7,5,11,4,4,15,24,308,318,3-4-3,6.78,4-4-2,6.69,11.5,13.65,,
108,Монако,Клермон,Рудди Буке,1.36,5.5,7.5,19,1,1,630,1931,-1301,35,65,8,11,3,4,316,600,68,49,8,16,12,11,49,39,13,11,17,14,3,4,8,10,122,106,6,21,4,7,4,14,2,7,14,9,231,540,4-4-2,6.9,3-4-1-2,6.82,27.43,9.0,,
109,ПСЖ,Марсель,Клемент Терпин,1.4,5.0,6.5,25,1,0,1618,1066,552,50,50,9,16,1,1,517,520,29,45,6,14,20,25,55,45,5,2,26,24,7,6,5,8,89,110,23,18,8,7,16,8,7,10,13,11,473,467,4-3-1-2,7.16,3-4-2-1,6.92,9.43,15.45,,
110,Аяччо,ПСЖ,Йохан Хамель,11.0,6.0,1.25,26,0,3,428,1762,-1334,35,65,13,13,0,1,344,670,46,38,22,11,23,24,60,45,7,7,32,21,3,8,5,2,128,121,8,11,1,6,3,8,5,3,12,8,276,607,4-4-2,6.71,4-3-1-2,7.17,15.87,10.53,,
111,Монпелье,Лион,Томас Леонард,3.6,3.6,2.0,27,1,2,462,1973,-1511,37,63,9,18,2,2,321,532,46,45,10,23,15,12,49,50,11,18,15,17,4,7,7,8,133,123,10,21,4,10,6,16,4,5,19,14,242,460,4-2-3-1,6.76,3-4-1-2,6.89,43.0,4.78,,
112,Марсель,Ленс,Бенуа Милло,2.2,3.5,3.2,39,0,1,1278,841,437,56,44,19,20,3,3,497,391,51,54,20,11,12,12,46,48,7,7,13,15,7,3,13,13,136,115,13,12,3,4,12,7,1,5,9,23,415,315,3-4-2-1,6.92,3-5-2,6.95,6.06,10.82,,
113,Анже,Ренн,Пьер Гайюст,5.0,4.333333333333334,1.62,20,1,2,377,1792,-1415,30,70,9,11,3,1,276,670,53,44,16,16,18,9,44,40,11,12,12,12,5,6,14,6,117,111,7,14,2,5,6,11,1,3,12,13,201,595,5-3-2,6.65,4-4-2,6.92,43.9,5.71,,
114,Клермон,Брест,Джереми Пиньяр,2.1,3.6,3.5,27,1,3,1495,900,595,62,38,10,17,4,1,583,352,47,69,29,14,13,15,44,42,8,6,15,18,7,4,11,21,141,127,14,19,4,11,8,14,6,5,13,16,497,271,3-4-2-1,6.83,4-3-3,6.67,11.47,13.67,,
115,Реймс,Осер,Хаким Бен эль Салем Хадж,1.83,3.6,4.2,25,2,1,1841,551,1290,54,46,13,12,4,0,409,352,36,62,28,16,24,17,55,63,10,13,22,28,8,2,14,25,157,145,19,10,10,2,14,4,5,6,12,21,334,268,4-2-3-1,6.73,4-2-3-1,6.74,6.69,10.21,,
116,Тулуза,Страсбург,Джереми Стинат,2.2,3.6,3.1,22,2,2,1297,1591,-294,48,52,14,8,2,1,418,450,56,68,16,20,9,10,42,33,21,8,9,10,6,6,6,7,124,135,17,11,6,5,14,8,3,3,27,24,334,355,4-2-3-1,6.87,3-5-2,6.82,12.32,23.56,,
117,Труа,Лорьян,Марк Болленджер,2.5,3.4,2.75,17,2,2,727,1394,-667,43,57,8,9,2,0,390,538,39,37,20,17,19,15,41,43,8,10,18,21,3,6,11,12,109,111,13,20,4,5,7,13,6,7,16,14,337,474,5-4-1,6.77,4-2-3-1,6.92,17.13,8.52,,
118,Ницца,Нант,Франсуа Летексье,2.05,3.4,3.75,18,1,1,1345,639,706,66,34,9,9,3,4,604,300,61,56,23,18,20,13,46,56,11,12,20,31,7,3,4,14,153,121,11,11,5,4,8,5,3,6,12,25,518,229,3-4-3,6.8,4-2-3-1,6.79,13.46,16.96,,
119,Лилль,Монако,Вилли Делайод,2.55,3.75,2.6,18,4,3,1314,767,547,60,40,8,10,1,2,498,332,41,60,8,14,11,11,40,40,9,16,13,12,6,6,4,9,118,125,20,9,7,6,13,6,7,3,17,6,412,249,4-2-3-1,6.85,4-4-2,6.87,10.47,16.56,,
120,Ленс,Тулуза,Флоран Батта,1.7,4.0,4.5,25,3,0,1555,801,754,53,47,12,13,2,1,430,378,42,63,16,20,15,6,38,33,12,7,6,11,6,8,8,10,116,130,13,9,8,0,8,8,5,1,16,12,354,289,3-4-2-1,6.96,4-3-3,6.88,15.86,11.84,,
121,ПСЖ,Труа,Эрик Ваттелье,1.1,11.0,21.0,21,4,3,2156,358,1798,67,33,9,12,0,3,689,324,25,39,10,12,26,27,57,47,7,4,25,21,8,4,9,12,106,99,19,16,11,5,10,10,9,6,7,17,627,271,4-3-3,7.16,5-4-1,6.77,6.16,22.0,,
122,Страсбург,Марсель,Рудди Буке,3.6,3.5,2.05,25,2,2,892,810,82,50,50,14,11,0,2,471,476,45,56,20,8,7,14,38,46,14,11,14,14,3,0,13,14,138,129,12,13,5,5,9,8,3,5,11,14,376,390,3-5-2,6.81,3-4-2-1,6.91,11.6,13.24,,
123,Осер,Аяччо,Бенуа Милло,2.7,3.1,2.75,25,1,0,1070,1152,-82,41,59,13,12,1,1,344,482,63,58,11,22,19,10,55,50,18,21,16,15,5,5,13,10,116,143,18,5,5,1,7,4,11,1,34,16,274,400,4-4-2,6.76,4-4-2,6.7,18.73,8.32,,
124,Монако,Анже,Стефани Фраппар,1.44,5.0,6.5,33,2,0,1313,356,957,52,48,18,15,3,3,487,462,49,48,27,6,10,16,44,47,5,7,21,13,7,0,11,5,136,124,8,7,5,4,5,4,3,3,4,18,400,385,3-4-1-2,6.85,5-3-2,6.65,8.43,23.58,,
125,Нант,Клермон,Бенуа Бастьен,1.95,3.75,3.8,24,1,1,1359,714,645,55,45,15,9,0,2,518,439,54,77,31,13,16,11,50,62,17,26,15,17,2,2,8,15,154,146,13,10,4,6,6,6,7,4,13,19,425,341,4-2-3-1,6.79,3-4-2-1,6.83,11.05,11.95,,
126,Брест,Реймс,Вилли Делайод,2.75,3.3,2.55,28,0,0,983,960,23,51,49,15,13,1,1,415,392,82,71,16,18,21,18,61,58,17,12,22,25,5,5,13,10,162,158,12,11,4,3,7,8,5,3,15,12,316,297,4-2-3-1,6.71,4-2-3-1,6.75,6.76,6.28,,
127,Ренн,Монпелье,Бастьен Дешепи,1.4,5.25,7.5,27,3,0,1211,673,538,56,44,15,12,1,2,524,409,68,48,17,19,20,9,43,51,11,12,10,20,3,4,12,11,140,130,14,8,3,3,7,3,7,5,16,15,440,327,4-4-2,6.91,5-3-2,6.76,9.35,14.0,,
128,Лорьян,Ницца,Клемент Терпин,2.63,3.3,2.7,14,1,2,1189,1274,-85,44,56,7,7,0,1,477,620,42,45,13,15,16,23,38,49,10,5,18,26,8,3,5,15,116,106,14,16,8,5,9,11,5,5,12,16,413,565,4-1-4-1,6.91,4-4-2,6.8,16.83,13.86,,
129,Лион,Лилль,Жером Брисар,1.95,3.75,3.6,26,1,0,614,1057,-443,45,55,11,15,3,1,440,537,76,36,11,15,24,15,61,57,10,16,27,27,3,6,20,7,145,145,6,15,3,5,4,8,2,7,20,14,353,449,3-5-2,6.91,4-2-3-1,6.85,10.12,7.52,,
130,Труа,Осер,Пьер Гайюст,2.05,3.6,3.5,19,1,1,1077,1256,-179,50,50,9,10,2,0,484,481,38,52,27,25,16,11,44,37,14,9,13,14,10,5,7,11,118,111,21,13,6,2,15,9,6,4,16,29,411,419,3-4-1-2,6.77,4-4-2,6.78,20.5,22.07,,
131,Аяччо,Страсбург,Матье Вернис,3.0,3.1,2.5,35,4,2,1378,1229,149,49,51,15,20,0,4,372,380,61,62,17,20,8,9,46,50,15,21,10,10,4,3,9,11,121,122,12,9,7,5,10,6,2,3,20,11,295,299,4-4-2,6.7,3-4-3,6.8,12.06,13.8,,
132,Анже,Ленс,Томас Леонард,5.5,4.0,1.62,22,1,2,599,1542,-943,44,56,16,6,1,2,444,561,41,53,7,19,16,9,41,38,9,7,19,15,3,4,2,7,118,128,6,12,3,4,4,9,2,3,11,6,366,484,5-3-2,6.65,3-4-2-1,6.97,21.82,20.73,,
133,Лорьян,ПСЖ,Бенуа Бастьен,8.0,5.5,1.33,19,1,2,435,1793,-1358,41,59,10,9,1,1,404,585,36,41,16,24,17,19,46,44,7,10,22,18,5,8,7,10,111,106,9,15,2,7,6,12,3,3,20,14,342,532,4-1-4-1,6.89,3-4-1-2,7.15,11.36,15.0,,
134,Клермон,Монпелье,Марк Болленджер,2.5,3.4,2.75,31,1,1,1565,425,1140,54,46,14,17,1,2,399,354,60,67,27,12,21,22,77,55,25,13,28,19,5,1,10,15,161,157,16,7,7,3,11,3,5,4,11,17,296,255,3-4-1-2,6.84,5-3-2,6.74,6.1,7.67,,
135,Ницца,Брест,Джереми Стинат,1.8,3.75,4.333333333333334,17,1,0,1219,787,432,56,44,6,11,1,1,577,436,45,69,14,20,10,17,48,36,10,11,21,14,2,6,11,14,108,129,14,12,9,2,8,8,6,4,23,10,512,362,4-4-2,6.83,4-3-3,6.73,16.73,19.56,,
136,Реймс,Нант,Рудди Буке,2.1,3.5,3.3,21,1,0,2100,541,1559,57,43,7,14,2,4,481,367,63,64,27,15,22,17,64,51,17,14,24,25,10,4,14,20,157,160,22,15,9,5,12,7,10,8,18,23,390,265,4-2-3-1,6.76,4-1-4-1,6.79,7.79,15.11,,
137,Тулуза,Монако,Бенуа Милло,3.1,3.8,2.15,20,0,2,964,1510,-546,49,51,9,11,0,1,397,422,50,52,17,20,18,16,42,53,17,15,13,19,7,6,16,21,159,144,13,24,5,10,7,15,6,9,16,12,291,330,4-3-3,6.85,4-2-3-1,6.86,9.38,7.92,,
138,Лилль,Ренн,Йохан Хамель,2.05,3.5,3.6,23,1,1,1832,309,1523,62,38,9,14,4,1,579,358,55,56,15,6,18,14,64,49,19,15,21,23,6,2,7,5,134,135,19,3,7,2,15,3,4,0,4,21,497,266,4-2-3-1,6.84,4-3-3,6.93,9.79,14.7,,
139,Марсель,Лион,Франсуа Летексье,2.1,3.6,3.4,22,1,0,1020,884,136,46,54,9,13,0,1,434,519,65,49,20,18,21,21,57,57,12,14,27,27,6,4,12,10,159,169,6,11,2,4,4,6,2,5,14,12,343,416,3-4-2-1,6.9,4-3-1-2,6.92,9.93,7.13,,
140,Лион,Ницца,Эрик Ваттелье,1.73,3.75,4.75,14,1,1,1407,613,794,63,37,7,7,1,0,647,384,58,53,21,10,16,15,51,46,13,7,24,26,3,4,9,15,146,128,9,13,3,3,5,11,4,2,4,20,564,306,4-3-3,6.91,4-4-2,6.85,10.95,22.89,,
141,Ленс,Клермон,Хаким Бен эль Салем Хадж,1.45,4.5,7.0,36,2,1,1732,370,1362,61,39,19,17,1,3,508,330,32,64,34,9,15,9,44,40,8,5,9,12,5,3,11,10,123,129,16,5,3,2,11,3,5,2,2,15,445,242,3-4-3,6.96,3-4-1-2,6.83,5.88,9.04,,
142,Ренн,Тулуза,Вилли Делайод,1.6,4.333333333333334,5.0,19,2,1,1053,867,186,47,53,9,10,0,0,429,486,52,62,12,19,12,11,40,43,16,12,10,16,4,4,14,6,132,145,16,10,8,4,8,7,8,3,16,12,346,392,4-4-2,6.92,4-3-3,6.84,17.27,11.79,,
143,ПСЖ,Осер,Томас Леонард,1.1,11.0,17.0,12,5,0,1454,641,813,59,41,5,7,0,0,650,446,44,63,9,13,17,21,36,48,9,7,12,23,3,7,5,11,117,115,9,10,6,3,7,6,2,4,10,7,581,372,4-3-1-2,7.14,5-4-1,6.8,14.05,20.0,,
144,Лилль,Анже,Мигель Ногейра,1.25,6.0,11.0,30,1,0,1084,774,310,58,42,18,12,3,1,568,391,55,48,8,17,17,21,50,64,8,19,24,21,2,6,3,13,129,131,9,8,4,2,4,8,5,0,15,7,492,309,4-2-3-1,6.84,5-3-2,6.65,8.67,18.63,,
145,Монпелье,Реймс,Флоран Батта,2.8,3.25,2.55,30,1,1,1591,785,806,49,51,15,15,2,2,345,378,66,56,38,19,18,14,60,60,18,20,20,20,11,7,14,22,182,164,16,17,8,4,9,11,7,6,18,32,243,272,5-3-2,6.73,4-2-3-1,6.79,5.17,6.58,,
146,Нант,Аяччо,Джереми Пиньяр,2.15,3.25,3.6,33,2,2,1365,1111,254,53,47,16,17,3,4,385,337,63,70,22,23,10,13,67,55,30,20,16,13,9,6,4,6,137,140,15,13,5,4,7,11,8,2,17,22,303,249,4-2-3-1,6.79,4-4-2,6.71,11.8,11.68,,
147,Брест,Труа,Рудди Буке,2.0,3.6,3.5,25,2,1,1511,693,818,54,46,13,12,3,2,429,372,46,59,21,15,17,12,47,45,11,10,17,17,5,5,11,10,133,124,15,8,5,2,9,5,6,3,10,18,355,294,4-3-3,6.73,3-4-3,6.78,8.0,10.71,,
148,Страсбург,Лорьян,Пьер Гайюст,2.37,3.4,3.0,18,1,1,1922,397,1525,61,39,9,9,4,1,609,405,56,51,40,5,15,18,55,44,23,13,16,15,4,2,10,7,163,140,20,6,4,2,10,4,10,2,9,42,517,307,4-4-2,6.78,4-1-4-1,6.87,9.0,20.57,,
149,Монако,Марсель,Бенуа Бастьен,2.37,3.6,2.87,26,2,3,856,974,-118,42,58,17,9,3,1,388,563,50,53,21,13,8,11,40,36,15,8,12,8,5,4,11,10,120,108,11,11,6,3,7,8,4,3,9,22,308,492,4-2-3-1,6.9,3-4-3,6.9,13.64,14.07,,
150,Аяччо,Анже,Джереми Стинат,2.3,3.3,3.1,26,1,0,914,1374,-460,46,54,13,13,1,0,371,431,74,55,13,23,12,15,38,67,10,24,11,21,3,5,6,6,143,136,11,14,3,4,10,9,1,5,18,14,290,348,4-4-2,6.72,4-2-3-1,6.66,10.29,11.85,,
151,Труа,Нант,Стефани Фраппар,2.7,3.5,2.5,21,0,0,799,1059,-260,56,44,9,12,0,2,575,447,46,54,15,30,20,5,44,47,9,17,15,20,4,4,7,15,141,126,6,19,2,5,3,11,3,8,22,23,484,376,4-2-3-1,6.77,4-1-4-1,6.78,14.19,17.22,,
152,Осер,Монако,Марк Болленджер,5.25,4.2,1.62,24,2,3,876,1207,-331,38,62,9,15,1,0,342,561,69,60,12,17,14,14,60,42,18,15,21,13,1,3,14,5,125,164,11,6,6,3,7,4,4,2,16,14,264,458,4-4-1-1,6.77,4-4-2,6.89,20.0,8.74,,
153,Клермон,Лилль,Франсуа Летексье,4.333333333333334,3.4,1.85,26,0,2,876,1113,-237,43,57,9,17,4,2,372,519,52,46,14,6,20,16,54,51,16,9,18,27,3,3,15,10,154,143,9,14,3,3,8,5,1,9,10,18,287,429,3-4-2-1,6.82,3-4-2-1,6.84,15.35,6.29,,
154,ПСЖ,Страсбург,Клемент Терпин,1.2,7.0,15.0,22,2,1,1714,384,1330,71,29,9,13,4,1,765,309,46,49,16,11,24,12,41,59,3,10,18,35,8,3,3,17,140,98,10,12,6,3,8,8,2,4,7,24,690,249,4-3-1-2,7.15,4-3-1-2,6.79,9.24,21.21,,
155,Брест,Лион,Бастьен Дешепи,3.3,3.5,2.15,27,2,4,1024,1338,-314,43,57,8,19,2,2,343,475,40,56,27,16,11,19,53,39,15,6,16,18,6,6,9,15,132,122,17,17,5,9,9,14,8,3,19,19,264,404,4-3-3,6.74,4-2-3-1,6.9,17.65,7.35,,
156,Лорьян,Монпелье,Вилли Делайод,1.85,3.75,3.8,30,0,2,1090,956,134,48,52,15,15,3,4,443,498,39,67,21,13,16,17,58,55,16,14,19,13,5,2,15,4,137,158,12,14,4,6,9,8,3,6,8,15,364,386,4-2-3-1,6.86,4-2-3-1,6.75,8.11,26.8,,
157,Реймс,Ренн,Хаким Бен эль Салем Хадж,3.2,3.4,2.25,16,3,1,765,1454,-689,33,67,8,8,2,2,287,598,53,63,13,20,9,20,45,49,14,16,20,13,4,6,10,10,138,148,10,11,4,5,9,9,1,2,13,14,203,504,4-2-3-1,6.8,4-3-3,6.91,25.85,7.88,,
158,Ницца,Ленс,Бенуа Милло,2.9,3.2,2.5,29,0,0,712,1230,-518,41,59,11,18,2,3,400,577,46,34,9,16,10,16,46,47,7,10,14,18,4,6,7,4,111,108,9,10,5,2,5,6,4,4,8,10,335,522,3-4-3,6.85,3-4-2-1,6.96,20.33,8.61,,
159,Марсель,Тулуза,Джереми Пиньяр,1.4,5.0,7.0,22,6,1,974,972,2,51,49,14,8,1,2,458,438,42,43,10,19,15,17,52,51,15,8,19,20,1,6,11,18,133,145,13,10,7,6,11,5,2,5,23,10,375,353,3-4-2-1,6.9,4-3-3,6.84,8.81,11.0,,
160,Анже,Лорьян,Флоран Батта,2.5,3.4,2.75,25,1,2,1155,1244,-89,42,58,16,9,3,0,339,491,60,42,19,15,24,18,51,63,13,14,18,27,7,7,6,9,132,140,15,10,6,5,10,5,5,5,20,13,271,408,4-2-3-1,6.67,4-2-3-1,6.85,16.1,11.59,,
161,Монако,Брест,Джереми Стинат,1.5,4.5,5.75,37,1,0,1491,1065,426,51,49,23,14,3,4,434,411,49,57,17,18,16,22,73,68,23,18,27,20,7,5,9,16,140,150,17,13,5,6,9,8,8,5,17,15,356,315,4-4-2,6.87,4-3-3,6.73,7.48,9.63,,
162,Нант,Осер,Бенуа Бастьен,1.83,3.4,4.75,29,1,0,1008,1525,-517,51,49,10,19,1,2,412,398,61,65,14,21,21,17,75,56,27,29,17,10,3,7,8,15,140,155,10,14,3,6,6,8,4,6,23,17,319,304,4-4-2,6.8,4-4-1-1,6.76,8.23,11.0,,
163,Тулуза,Аяччо,Пьер Гайюст,2.05,3.3,3.6,30,2,0,1711,244,1467,63,37,15,15,3,1,569,339,67,79,19,11,11,13,52,45,20,15,12,12,5,2,11,18,155,156,11,1,4,0,9,1,2,0,8,16,463,234,4-3-3,6.8,4-4-2,6.72,6.65,14.17,,
164,Лион,Клермон,Стефани Фраппар,1.55,4.2,5.75,34,0,1,1491,603,888,60,40,21,13,1,3,543,358,51,51,13,7,26,14,57,54,12,6,21,26,7,4,11,14,130,135,13,13,2,3,8,4,5,9,13,10,468,272,4-2-3-1,6.91,3-4-2-1,6.8,5.5,13.44,,
165,Ленс,ПСЖ,Жером Брисар,3.5,3.5,2.05,28,3,1,849,1662,-813,41,59,16,12,2,3,400,577,55,26,6,19,18,19,48,42,8,5,21,13,3,7,11,6,110,117,10,16,4,6,7,11,3,5,23,11,325,511,3-4-2-1,6.96,4-3-1-2,7.12,9.31,12.35,,
166,Страсбург,Труа,Бенуа Милло,1.85,3.75,4.0,22,2,3,1986,552,1434,56,44,10,12,1,3,541,443,66,74,21,2,10,13,68,55,41,23,10,15,3,1,10,13,159,148,17,9,7,5,9,7,8,2,5,32,439,324,4-3-1-2,6.8,4-2-3-1,6.78,9.85,18.5,,
167,Лилль,Реймс,Эрик Ваттелье,1.62,4.0,5.25,20,1,1,1310,454,856,62,38,8,12,1,1,602,368,45,52,13,8,30,12,57,41,8,6,22,24,5,1,7,9,130,133,14,9,5,6,12,4,2,5,13,9,527,289,3-4-2-1,6.86,4-2-3-1,6.81,10.8,14.63,,
168,Монпелье,Марсель,Рудди Буке,5.25,4.2,1.62,24,1,2,476,1662,-1186,40,60,10,14,2,2,317,483,43,64,18,24,16,21,52,43,12,9,19,18,5,7,6,12,127,128,8,17,1,8,6,12,2,5,16,13,242,407,4-2-3-1,6.75,3-4-2-1,6.91,14.11,7.09,,
169,Ренн,Ницца,Томас Леонард,1.83,3.75,4.333333333333334,23,2,1,1839,649,1190,62,38,16,7,1,1,633,390,50,47,21,6,18,17,40,56,10,13,16,22,5,2,13,10,130,126,20,6,5,3,18,2,2,4,6,24,560,300,4-4-2,6.9,3-4-2-1,6.85,6.74,17.25,,
170,Аяччо,Реймс,Вилли Делайод,3.4,3.0,2.3,42,0,1,1228,807,421,48,52,20,22,3,3,365,425,60,76,32,11,17,11,69,65,24,20,14,19,2,2,12,10,184,162,11,9,1,3,4,6,7,3,9,25,252,305,4-4-2,6.71,4-2-3-1,6.8,8.1,7.05,,
171,Осер,Тулуза,Флоран Батта,3.1,3.3,2.3,35,0,5,1558,1256,302,47,53,22,13,3,1,323,374,43,55,29,13,11,11,53,61,16,19,20,16,7,4,6,10,129,120,18,9,4,7,12,8,6,1,11,27,258,300,4-4-2,6.76,4-3-3,6.82,7.47,6.3,,
172,Клермон,Ренн,Клемент Терпин,4.0,3.4,1.95,25,2,1,566,1035,-469,38,62,12,13,0,2,355,583,58,55,10,9,16,14,47,47,14,16,12,15,4,1,15,11,134,124,11,9,5,2,6,6,5,3,12,11,265,503,3-4-2-1,6.81,4-4-2,6.9,17.18,7.14,,
173,Нант,Лион,Марк Болленджер,3.6,3.75,2.0,27,0,0,928,1087,-159,39,61,12,15,2,3,367,586,69,37,22,13,18,10,49,50,17,17,10,16,6,1,13,11,143,124,13,10,5,6,9,4,4,6,19,25,277,509,4-4-2,6.82,4-3-3,6.9,21.71,9.23,,
174,Брест,Лилль,Матье Вернис,4.2,3.75,1.83,27,0,0,186,2009,-1823,28,72,15,12,0,1,264,688,54,64,11,23,7,11,46,57,10,19,21,15,0,8,16,10,135,149,5,11,0,4,3,7,2,4,21,7,174,605,4-3-3,6.74,4-2-3-1,6.86,17.72,5.0,,
175,Лорьян,Монако,Жером Брисар,4.5,3.8,1.75,21,2,2,622,1703,-1081,42,58,8,13,1,1,369,501,60,47,13,25,26,11,55,45,9,15,21,19,3,4,12,10,143,147,8,16,6,4,5,11,3,5,24,15,280,414,4-2-3-1,6.85,4-2-2-2,6.88,14.76,8.8,,
176,Ницца,Монпелье,Бастьен Дешепи,1.85,3.5,4.333333333333334,33,6,1,1849,593,1256,59,41,16,17,1,1,491,338,34,41,16,12,33,22,63,59,5,7,32,32,3,4,7,10,127,135,16,4,10,2,13,2,3,2,16,17,423,271,4-2-3-1,6.85,4-2-3-1,6.75,7.46,10.32,,
177,ПСЖ,Анже,Эрик Ваттелье,1.17,7.5,17.0,15,2,0,1712,269,1443,66,34,5,10,1,2,832,419,33,26,10,7,10,16,34,29,3,2,19,18,5,1,4,8,96,90,9,6,6,0,6,5,3,1,5,9,774,372,3-4-2-1,7.09,4-2-3-1,6.67,13.37,85.14,,
178,Страсбург,Ленс,Франсуа Летексье,3.75,3.3,2.0,25,2,2,454,1983,-1529,35,65,15,10,1,1,337,618,54,53,11,34,20,15,47,53,13,5,16,26,3,4,5,8,116,124,9,15,6,8,6,12,3,3,32,9,268,553,5-3-2,6.8,3-4-2-1,6.96,33.6,6.3,,
179,Труа,Марсель,Хаким Бен эль Салем Хадж,5.25,4.0,1.65,25,0,2,252,1828,-1576,32,68,12,13,2,3,300,656,39,59,11,27,11,13,34,36,6,4,9,12,4,7,8,10,102,107,5,13,1,4,3,11,2,2,12,10,235,595,4-2-3-1,6.78,3-4-2-1,6.91,29.5,6.69,,
180,Ленс,Осер,Вилли Делайод,1.3,5.25,10.0,37,1,0,2138,359,1779,68,32,21,16,2,3,581,274,44,53,37,11,13,7,46,45,15,10,14,15,9,2,7,11,113,112,10,6,2,1,6,3,4,3,13,28,528,202,3-4-3,6.97,4-5-1,6.74,6.2,18.23,,
181,Марсель,Лорьян,Бастьен Дешепи,1.44,4.75,7.0,26,3,1,2609,307,2302,69,31,14,12,1,0,661,304,46,38,30,6,11,14,42,42,14,9,11,13,6,3,14,7,105,106,15,11,8,3,12,6,3,5,13,19,604,230,3-4-2-1,6.92,4-2-3-1,6.85,5.17,27.18,,
182,Лион,Страсбург,Джереми Стинат,1.5699999999999998,4.2,5.75,26,1,2,2463,229,2234,72,28,10,16,1,3,691,274,58,45,42,3,19,11,63,54,16,18,22,22,14,2,14,19,162,133,28,8,7,6,19,5,9,3,3,42,599,191,3-4-1-2,6.91,5-3-2,6.79,5.17,23.31,,
183,Лилль,Труа,Пьер Гайюст,1.45,4.333333333333334,7.5,17,5,1,2120,332,1788,67,33,12,5,1,0,665,320,55,38,15,12,15,16,32,39,5,6,12,15,7,2,8,7,89,82,23,10,13,2,17,5,6,5,7,16,612,275,4-4-2,6.87,4-2-3-1,6.76,12.68,23.37,,
184,Анже,Клермон,Матье Вернис,2.38,3.4,3.0,26,1,2,842,799,43,59,41,15,11,2,2,614,438,42,47,24,11,30,21,54,56,9,9,17,21,3,1,14,15,144,122,5,10,1,6,3,6,2,4,10,17,540,363,4-2-3-1,6.66,3-4-2-1,6.81,10.89,15.25,,
185,Монпелье,Нант,Томас Леонард,2.55,3.3,2.8,27,0,3,917,1248,-331,47,53,13,14,1,2,366,418,49,48,18,28,13,11,53,56,21,24,13,15,3,5,3,11,148,144,11,12,5,7,9,5,2,7,25,17,277,334,4-2-3-1,6.72,5-3-2,6.82,12.47,7.89,,
186,Реймс,Ницца,Франсуа Летексье,2.5,3.2,2.88,11,0,0,1289,742,547,51,49,6,5,1,1,519,519,46,65,19,11,20,24,47,46,7,6,29,28,5,3,7,14,162,150,13,6,2,4,8,4,5,2,5,18,432,432,4-2-3-1,6.8,4-3-3,6.87,14.09,12.43,,
187,Тулуза,Брест,Бенуа Милло,1.85,3.6,4.2,29,1,1,1844,814,1030,64,36,17,12,2,2,544,310,49,65,28,18,17,19,48,70,11,29,14,14,10,5,15,21,137,129,16,17,7,5,12,7,4,10,15,24,461,228,4-3-3,6.84,4-1-4-1,6.74,6.07,17.5,,
188,Монако,Аяччо,Рудди Буке,1.4,4.75,8.0,22,7,1,1890,323,1567,66,34,8,14,1,2,635,329,58,46,19,7,14,15,51,42,11,12,21,16,3,3,11,12,139,124,11,5,8,2,10,4,1,1,3,21,545,248,4-2-2-2,6.88,5-4-1,6.71,7.88,20.0,,
189,Ренн,ПСЖ,Бенуа Бастьен,5.25,4.2,1.6,25,1,0,804,1149,-345,35,65,8,17,0,0,364,666,42,37,10,14,17,15,50,36,10,5,17,16,4,5,10,6,101,108,8,8,6,1,4,5,4,3,25,11,305,600,3-4-3,6.89,3-4-2-1,7.09,21.89,8.6,,
190,Лорьян,Ренн,Бенуа Милло,4.0,3.5,1.95,10,2,1,339,2348,-2009,33,67,4,6,1,1,342,668,42,38,4,42,17,29,53,52,15,15,26,19,2,10,9,8,124,154,4,19,4,6,3,8,1,11,45,8,263,590,4-2-3-1,6.84,5-4-1,6.89,23.0,10.42,,
191,Труа,Ленс,Клемент Терпин,5.75,4.0,1.6,19,1,1,125,2882,-2757,27,73,12,7,2,1,244,650,60,35,7,47,15,13,40,58,9,17,20,22,3,11,8,5,131,152,6,21,1,4,4,16,2,5,40,6,151,575,3-4-2-1,6.75,3-4-3,6.96,25.91,5.68,,
192,Марсель,Монако,Джереми Пиньяр,1.95,3.75,3.6,16,1,1,1903,643,1260,61,39,7,9,2,2,589,373,58,67,21,14,22,10,64,51,20,14,23,28,6,3,14,13,172,161,22,11,6,4,14,8,8,3,8,28,476,265,3-4-3,6.93,4-2-2-2,6.9,7.18,9.13,,
193,Ницца,Лилль,Эрик Ваттелье,3.25,3.2,2.3,23,1,0,941,1245,-304,44,56,12,11,3,2,443,562,61,46,16,13,16,17,55,47,12,8,22,16,5,7,11,10,115,125,12,16,6,7,6,10,6,6,18,21,369,481,4-3-3,6.88,4-2-3-1,6.88,17.67,11.39,,
194,Осер,Монпелье,Джереми Стинат,2.38,3.3,3.1,31,0,2,1833,699,1134,58,42,13,18,1,3,469,346,62,64,29,10,19,14,62,55,14,11,24,28,5,3,13,13,168,165,16,4,5,3,11,4,5,0,11,23,380,243,4-3-3,6.73,4-2-3-1,6.71,7.83,9.3,,
195,Клермон,Нант,Флоран Батта,2.4,3.1,3.25,32,0,0,1539,511,1028,59,41,9,23,2,1,548,378,65,38,24,15,14,17,51,44,9,12,13,15,9,1,6,20,137,114,9,4,0,0,6,0,3,4,4,30,469,310,3-4-2-1,6.81,4-5-1,6.84,15.6,10.61,,
196,Брест,Анже,Марк Болленджер,2.2,3.3,3.4,27,4,0,723,953,-230,41,59,10,17,0,2,383,556,52,45,15,21,11,10,50,39,11,10,17,16,4,5,14,18,129,134,9,8,7,1,8,7,1,1,13,7,304,471,4-1-4-1,6.76,4-4-2,6.66,19.22,7.18,,
197,Страсбург,Тулуза,Хаким Бен эль Салем Хадж,2.4,3.5,3.0,24,1,2,1061,831,230,54,46,14,10,1,1,556,476,77,69,17,5,20,13,49,68,16,28,17,25,4,2,13,9,183,170,11,8,2,3,5,7,6,1,9,18,438,352,3-5-2,6.79,4-3-3,6.85,10.12,14.5,,
198,Аяччо,Лион,Томас Леонард,4.5,3.5,1.83,40,0,2,1316,610,706,51,49,22,18,2,3,394,386,58,72,17,7,24,16,70,71,20,24,22,22,5,1,10,14,172,156,16,8,5,2,13,5,3,3,7,15,282,281,4-4-2,6.67,4-1-4-1,6.92,5.67,6.13,,
199,ПСЖ,Реймс,Рудди Буке,1.22,6.5,12.0,15,1,1,1097,901,196,59,41,5,10,2,1,713,466,53,35,5,24,23,12,33,40,6,2,10,31,3,3,8,15,123,104,12,17,4,4,9,11,3,6,16,9,638,411,4-2-3-1,7.07,4-5-1,6.81,18.07,14.9,,
200,Анже,Аяччо,Бастьен Дешепи,2.3,3.2,3.4,29,1,2,367,1540,-1173,39,61,18,11,1,2,296,451,53,70,7,29,28,13,59,64,19,20,17,20,2,6,11,15,151,161,6,9,2,4,3,8,3,1,18,15,200,353,4-4-2,6.65,4-4-2,6.68,11.13,5.63,,
201,Лилль,Клермон,Джереми Стинат,1.53,4.0,7.0,26,0,0,1818,495,1323,66,34,15,11,0,1,611,314,47,56,24,9,24,21,61,65,10,12,22,25,8,3,6,11,152,132,22,13,5,5,13,8,9,5,4,21,527,237,4-2-3-1,6.88,3-4-2-1,6.81,4.55,17.81,,
202,Нант,Марсель,Вилли Делайод,4.75,3.8,1.7,30,0,2,469,1323,-854,41,59,14,16,4,3,321,494,50,40,21,17,13,15,45,50,11,15,13,13,5,7,9,8,129,132,12,13,2,4,6,6,6,7,17,19,245,412,4-2-3-1,6.84,3-4-2-1,6.94,13.79,8.05,,
203,Реймс,Лорьян,Флоран Батта,1.75,3.75,4.5,18,4,2,2060,782,1278,58,42,11,7,1,0,561,404,37,53,21,14,17,22,48,47,14,7,17,15,5,7,6,6,110,127,31,12,9,5,18,8,13,4,11,20,505,324,4-2-3-1,6.82,4-2-3-1,6.84,10.17,30.0,,
204,Тулуза,Труа,Матье Вернис,1.65,4.2,4.75,26,4,1,1552,476,1076,56,44,12,14,2,3,549,448,62,38,19,3,3,18,35,41,6,15,14,5,8,0,11,9,98,108,13,11,6,3,11,6,2,5,4,11,482,368,4-3-3,6.85,3-5-2,6.74,10.48,29.75,,
205,Монако,Осер,Эрик Ваттелье,1.3,5.5,9.5,18,3,2,1364,1031,333,43,57,11,7,0,0,422,546,55,67,9,13,14,24,44,61,10,18,26,20,5,4,8,9,138,160,16,11,6,3,8,9,8,2,11,8,336,452,4-2-2-2,6.89,4-3-3,6.72,10.31,11.11,,
206,Ленс,Ницца,Томас Леонард,1.75,3.4,5.25,20,0,1,1160,870,290,55,45,12,8,0,2,518,425,45,59,19,9,22,11,40,52,7,13,15,23,5,3,13,11,141,133,9,14,4,6,3,9,6,5,12,21,437,345,3-4-3,6.96,5-4-1,6.89,11.22,11.32,,
207,Монпелье,ПСЖ,Джереми Пиньяр,8.5,6.0,1.3,21,1,3,300,2127,-1827,34,66,9,12,1,1,356,708,44,41,11,13,14,23,42,44,5,8,17,15,1,3,16,11,122,115,6,19,3,8,3,14,3,5,11,10,268,633,3-5-2,6.72,4-1-3-2,7.05,21.22,6.83,,
208,Лион,Брест,Рудди Буке,1.5,4.333333333333334,6.5,23,0,0,2796,184,2612,75,25,10,13,0,0,686,225,34,47,36,9,29,12,54,51,15,8,8,28,15,2,12,17,140,106,28,8,8,1,20,4,8,4,8,30,616,159,4-3-1-2,6.93,4-1-4-1,6.78,5.62,16.82,,
209,Ренн,Страсбург,Марк Болленджер,1.53,4.0,7.0,25,3,0,1279,536,743,59,41,12,13,0,1,586,398,44,39,4,13,13,7,44,36,12,12,10,9,4,0,7,10,109,107,6,3,3,0,4,1,2,2,13,12,510,334,4-3-3,6.89,5-4-1,6.78,11.29,23.67,,
210,ПСЖ,Тулуза,Бастьен Дешепи,1.33,5.5,8.0,22,2,1,1606,453,1153,61,39,9,13,2,2,637,399,36,38,10,13,24,12,46,37,7,4,12,16,6,2,5,10,108,105,22,12,5,5,12,5,10,7,5,13,566,341,4-3-1-2,7.06,4-3-3,6.86,19.77,14.39,,
211,Труа,Лион,Франсуа Летексье,5.0,4.2,1.6,24,1,3,482,1043,-561,42,58,10,14,0,1,423,597,54,60,9,12,22,15,61,57,20,14,16,25,5,6,17,12,140,140,8,10,2,6,7,8,1,2,20,5,335,505,3-5-2,6.73,4-3-1-2,6.94,19.88,7.91,,
212,Ренн,Лилль,Флоран Батта,2.38,3.3,3.0,25,1,3,704,1471,-767,39,61,16,9,1,2,357,584,62,52,8,10,25,13,55,53,14,14,19,19,2,1,12,7,144,149,10,15,6,6,7,11,3,4,17,10,264,491,4-4-2,6.89,4-2-3-1,6.89,12.11,7.81,,
213,Клермон,Монако,Марк Болленджер,4.5,3.75,1.8,30,0,2,630,929,-299,54,46,9,21,1,2,523,441,39,63,14,13,25,16,57,50,6,11,17,22,2,4,10,11,151,136,8,14,3,5,3,7,5,7,14,11,427,359,3-4-2-1,6.82,4-2-3-1,6.89,21.58,8.89,,
214,Аяччо,Нант,Рудди Буке,2.55,2.9,3.0,32,0,2,830,809,21,43,57,16,16,2,1,356,468,75,81,10,16,11,24,53,82,17,30,20,21,2,1,12,15,170,164,8,7,2,3,1,6,7,1,15,23,248,361,4-4-2,6.68,4-2-3-1,6.83,7.86,6.92,,
215,Осер,Реймс,Пьер Гайюст,3.8,3.6,1.91,23,0,0,1008,1140,-132,39,61,13,10,2,0,310,515,68,49,31,16,17,25,53,63,11,21,26,18,4,5,15,6,146,170,13,8,3,4,8,5,5,3,17,28,228,414,4-2-3-1,6.73,4-2-3-1,6.84,9.15,10.2,,
216,Лорьян,Анже,Вилли Делайод,1.95,3.4,4.0,32,0,0,1302,983,319,56,44,16,16,2,4,516,404,40,52,22,21,26,18,68,63,14,17,22,21,8,6,9,10,131,133,13,12,2,5,8,6,5,6,14,35,449,331,4-2-3-1,6.83,4-4-2,6.65,8.65,12.61,,
217,Страсбург,Монпелье,Стефани Фраппар,2.05,3.3,3.8,27,2,0,420,1493,-1073,32,68,11,16,3,1,275,566,73,68,7,33,17,20,68,50,23,17,21,14,4,7,12,8,136,164,6,11,2,0,6,7,0,4,30,4,182,473,5-4-1,6.76,4-3-3,6.71,23.57,5.31,,
218,Брест,Ленс,Бенуа Бастьен,4.333333333333334,3.5,1.8,24,1,1,872,2030,-1158,34,66,15,9,4,2,275,553,57,34,25,43,11,24,53,60,22,18,19,15,11,5,13,7,115,129,16,20,3,7,13,13,3,7,31,19,206,494,4-1-4-1,6.79,5-4-1,6.95,11.88,8.45,,
219,Марсель,Ницца,Клемент Терпин,1.67,4.0,5.0,15,1,3,1670,689,981,58,42,10,5,0,1,522,406,33,62,37,8,12,14,38,58,14,13,15,24,9,1,11,15,163,149,22,14,5,8,16,8,6,6,9,19,433,303,3-4-2-1,6.94,4-3-3,6.9,7.53,13.88,,
220,Ницца,Аяччо,Стефани Фраппар,1.65,3.6,6.0,16,3,0,1185,756,429,62,38,9,7,1,0,654,396,39,56,11,14,21,11,38,40,12,8,8,16,5,5,9,11,107,110,11,6,3,3,5,5,6,1,11,11,583,318,4-3-3,6.9,4-1-4-1,6.67,16.67,23.09,,
221,Монако,ПСЖ,Клемент Терпин,2.3,3.3,3.1,20,3,1,1142,675,467,42,58,9,11,0,1,491,695,51,31,12,4,26,21,65,46,11,5,23,19,3,2,11,16,110,119,19,7,9,2,16,5,3,2,13,10,421,621,4-2-2-2,6.9,3-5-2,7.06,16.93,10.15,,
222,Клермон,Марсель,Рудди Буке,5.25,3.5,1.7,31,0,2,489,1983,-1494,38,62,15,16,4,3,332,541,48,47,10,22,16,26,49,56,8,14,17,18,3,4,6,7,122,127,9,17,4,5,8,8,1,9,14,9,250,472,3-4-2-1,6.82,3-4-2-1,6.93,15.22,5.36,,
223,Тулуза,Ренн,Джереми Стинат,2.8,3.3,2.55,28,3,1,767,1573,-806,31,69,12,16,1,1,278,610,47,51,6,25,27,41,73,71,10,10,31,24,2,7,13,4,123,160,13,13,7,4,10,8,3,5,26,3,211,529,4-3-3,6.85,4-4-2,6.88,12.48,3.41,,
224,Анже,Осер,Томас Леонард,2.4,3.3,3.0,19,1,1,919,1055,-136,49,51,10,9,2,0,390,406,43,65,17,18,16,19,48,58,12,17,18,23,6,4,12,10,156,143,10,15,5,4,5,10,5,5,14,18,297,326,4-4-2,6.66,4-2-3-1,6.74,14.67,8.78,,
225,Лилль,Страсбург,Хаким Бен эль Салем Хадж,1.44,4.75,6.5,26,2,0,2010,542,1468,67,33,13,13,1,2,738,351,35,38,11,17,25,19,40,46,5,4,10,18,5,4,5,7,117,107,14,5,10,0,12,2,2,3,15,15,666,287,4-2-3-1,6.89,3-4-2-1,6.77,8.16,25.42,,
226,Монпелье,Брест,Флоран Батта,2.38,3.3,3.0,35,3,0,1246,662,584,44,56,15,20,1,2,348,453,46,56,18,15,30,21,76,55,17,16,20,16,4,3,13,9,137,144,16,10,7,2,13,5,3,5,13,23,261,365,4-2-3-1,6.7,4-1-4-1,6.8,13.67,6.47,,
227,Реймс,Труа,Джереми Пиньяр,1.5,4.5,6.0,27,4,0,1760,581,1179,54,46,13,14,1,2,445,384,66,56,19,10,23,20,65,61,13,15,27,27,5,2,13,18,159,159,20,7,10,2,11,3,9,4,11,19,352,283,4-2-3-1,6.84,3-5-2,6.72,4.98,6.0,,
228,Нант,Лорьян,Матье Вернис,1.91,3.5,4.0,23,1,0,1316,873,443,49,51,12,11,0,0,472,502,51,37,26,7,20,26,68,52,15,12,27,21,7,3,9,7,140,141,12,9,5,5,6,6,6,3,13,19,398,422,4-2-3-1,6.84,4-2-3-1,6.83,11.03,10.88,,
229,Лион,Ленс,Эрик Ваттелье,2.45,3.4,2.8,26,2,1,717,1665,-948,41,59,15,11,1,1,430,599,55,34,7,26,24,7,57,45,12,13,22,18,2,5,21,6,140,166,11,14,5,4,6,8,5,6,26,7,341,504,3-4-1-2,6.93,3-4-2-1,6.95,9.69,10.15,,
230,Осер,Лион,Жером Брисар,4.0,3.6,1.91,29,2,1,722,1487,-765,35,65,17,12,4,2,306,577,52,60,14,16,20,20,57,54,15,12,18,18,6,4,14,9,132,142,8,6,3,4,5,4,3,2,14,16,232,488,3-4-2-1,6.74,3-4-1-2,6.94,11.93,7.91,,
231,Ницца,Реймс,Марк Болленджер,2.05,3.4,3.6,22,0,0,1606,477,1129,53,47,9,13,1,1,482,444,59,40,30,9,31,17,56,32,4,6,19,12,9,0,11,9,134,126,16,10,1,2,8,7,8,3,9,27,402,363,4-3-3,6.91,4-2-3-1,6.86,14.74,9.69,,
232,Страсбург,Анже,Франсуа Летексье,1.85,3.4,4.5,30,2,1,1045,1368,-323,37,63,14,16,3,3,317,544,44,60,13,25,16,15,69,48,23,14,21,16,4,5,12,5,113,133,18,10,5,3,13,5,5,5,25,13,244,476,3-5-2,6.77,4-4-2,6.66,13.35,7.13,,
233,ПСЖ,Лилль,Вилли Делайод,1.65,4.2,4.75,28,4,3,851,1279,-428,47,53,9,19,2,4,446,506,36,39,7,16,31,13,64,38,9,7,14,17,3,6,12,7,97,102,12,16,10,7,9,12,3,4,11,3,382,448,4-3-1-2,7.04,4-2-3-1,6.89,15.11,6.65,,
234,Лорьян,Аяччо,Эрик Ваттелье,2.05,3.4,3.75,25,3,0,821,734,87,59,41,11,14,0,2,556,383,41,37,7,18,29,7,48,44,6,11,11,19,2,2,5,11,120,112,10,12,6,3,10,7,0,5,12,11,481,314,4-2-3-1,6.83,4-1-4-1,6.66,16.47,15.22,,
235,Брест,Монако,Хаким Бен эль Салем Хадж,4.5,3.6,1.8,18,1,2,774,944,-170,48,52,8,10,1,2,428,474,78,56,26,12,18,16,47,57,12,19,18,23,5,5,16,9,141,145,12,9,3,3,11,5,1,4,20,23,349,377,4-1-4-1,6.78,4-4-2,6.92,10.81,10.88,,
236,Ренн,Клермон,Бастьен Дешепи,1.5699999999999998,4.0,6.5,19,2,0,1232,761,471,60,40,9,10,0,2,585,380,49,59,6,18,21,17,47,41,8,7,18,18,2,7,11,13,117,135,18,7,6,3,9,4,9,3,19,8,515,305,4-2-3-1,6.86,3-4-2-1,6.8,9.43,20.3,,
237,Труа,Монпелье,Бенуа Бастьен,3.25,3.25,2.25,21,0,1,654,1725,-1071,51,49,12,9,2,1,451,408,53,35,14,39,22,20,51,58,13,20,18,17,2,10,9,18,134,126,4,19,2,7,1,10,3,9,36,16,361,344,3-4-2-1,6.71,4-2-3-1,6.72,10.73,11.18,,
238,Ленс,Нант,Пьер Гайюст,1.5,4.0,7.5,24,3,1,1845,492,1353,58,42,9,15,0,0,580,423,42,68,23,18,18,13,54,45,18,15,12,11,2,5,8,10,115,131,19,6,6,3,13,3,6,3,18,21,508,342,3-4-2-1,6.94,3-4-1-2,6.85,9.39,16.19,,
239,Тулуза,Марсель,Стефани Фраппар,3.8,3.6,1.95,18,2,3,1004,1457,-453,52,48,8,10,0,2,448,401,46,50,14,25,19,25,52,52,10,10,18,19,3,10,10,14,129,138,15,15,6,7,12,11,3,4,22,16,372,323,4-1-4-1,6.86,3-4-2-1,6.93,8.41,9.57,,
240,Лилль,Брест,Пьер Гайюст,1.36,5.0,8.5,19,2,1,2654,200,2454,70,30,8,11,2,2,609,268,47,67,25,6,21,27,55,59,17,14,15,19,11,2,8,8,136,119,18,3,4,0,12,2,6,1,7,28,529,194,4-2-3-1,6.88,4-1-4-1,6.77,6.31,20.64,,
241,Анже,Лион,Флоран Батта,4.333333333333334,3.8,1.8,22,1,3,820,1089,-269,43,57,16,6,0,0,430,591,39,51,16,11,28,12,56,48,8,8,23,20,2,2,17,11,126,131,11,7,2,5,7,5,4,2,10,11,359,512,4-3-3,6.66,4-3-3,6.93,10.43,10.64,,
242,Монпелье,Ленс,Жером Брисар,4.5,3.6,1.8,25,1,1,435,1778,-1343,38,62,12,13,0,3,334,548,45,38,18,27,13,13,44,46,13,15,11,13,4,6,9,4,112,113,8,19,3,6,4,17,4,2,27,13,268,478,3-4-3,6.74,3-4-2-1,6.94,13.24,9.05,,
243,Лорьян,Осер,Бенуа Милло,2.15,3.25,3.5,33,0,1,1583,276,1307,61,39,12,21,2,3,508,331,34,62,27,8,23,20,72,56,11,14,25,19,10,0,9,11,136,123,18,9,4,1,10,6,8,3,9,26,435,265,4-2-3-1,6.84,3-4-2-1,6.75,5.39,11.0,,
244,Аяччо,Труа,Марк Болленджер,2.05,3.2,4.2,23,2,1,1459,822,637,54,46,8,15,2,2,412,357,58,66,16,13,26,12,63,53,26,19,10,20,6,3,11,10,145,155,14,11,6,5,10,10,4,1,16,21,320,243,4-4-2,6.66,3-4-2-1,6.71,9.06,10.85,,
245,Клермон,Страсбург,Вилли Делайод,2.88,3.0,2.7,42,1,1,1324,843,481,56,44,17,25,1,4,451,357,75,62,19,12,24,18,76,62,14,20,26,20,7,2,8,16,187,165,11,12,4,6,6,9,5,3,12,23,322,249,3-4-2-1,6.79,3-5-2,6.78,5.66,3.93,,
246,Нант,Ренн,Джереми Пиньяр,3.4,3.2,2.25,20,0,1,1772,575,1197,55,45,8,12,2,2,477,414,59,66,40,10,28,25,66,67,20,25,15,21,12,4,7,12,168,137,20,12,8,3,16,8,4,4,11,27,382,317,4-3-3,6.84,4-3-3,6.87,9.48,14.59,,
247,Реймс,Тулуза,Матье Вернис,2.1,3.5,3.6,26,3,0,1250,781,469,48,52,12,14,0,0,440,495,52,52,17,14,25,24,61,49,15,10,17,16,4,2,14,14,136,144,18,13,6,6,14,10,4,3,16,15,357,401,4-2-3-1,6.85,4-3-3,6.85,9.59,7.43,,
248,Монако,Ницца,Бенуа Бастьен,2.0,3.6,3.6,20,0,3,1803,587,1216,56,44,8,12,0,1,579,483,37,61,29,5,23,11,45,48,6,6,17,29,5,3,9,13,143,118,15,12,4,7,8,7,7,5,5,31,509,409,3-1-4-2,6.92,5-3-2,6.92,10.62,13.73,,
249,Марсель,ПСЖ,Клемент Терпин,2.8,3.6,2.38,34,0,3,1423,1069,354,54,46,20,14,0,0,466,414,35,41,25,7,25,17,50,65,7,12,17,25,7,4,11,10,128,113,19,12,6,7,12,10,7,2,10,24,404,346,3-4-2-1,6.93,3-5-2,7.03,6.02,10.17,,
250,Ницца,Осер,Бастьен Дешепи,1.65,3.75,5.75,21,1,1,2186,178,2008,65,35,10,11,0,1,602,338,37,69,40,9,23,28,64,41,15,5,23,12,8,0,14,17,136,133,17,3,5,1,12,1,5,2,11,35,526,259,4-3-3,6.93,3-4-2-1,6.76,5.61,19.65,,
251,Ленс,Лилль,Франсуа Летексье,2.4,3.3,2.9,32,1,1,878,1119,-241,38,62,18,14,2,4,310,538,37,47,22,15,15,15,47,43,11,7,12,11,10,3,13,10,131,118,10,11,1,6,9,11,1,0,14,21,233,461,4-2-3-1,6.94,4-2-3-1,6.88,12.54,7.85,,
252,ПСЖ,Нант,Джереми Стинат,1.25,6.0,11.0,15,4,2,1867,356,1511,67,33,7,8,0,2,753,358,20,38,13,16,33,31,47,56,6,4,19,28,4,6,7,11,115,100,17,8,11,5,9,4,8,4,13,17,690,304,3-5-2,7.05,5-3-2,6.84,7.19,21.94,,
253,Труа,Монако,Стефани Фраппар,6.5,4.75,1.44,16,2,2,554,2219,-1665,39,61,8,8,0,1,361,560,67,54,13,32,7,20,46,54,14,25,18,8,3,4,11,5,138,165,13,17,6,4,3,12,10,5,35,6,260,455,3-4-2-1,6.71,4-4-2,6.9,15.31,10.28,,
254,Монпелье,Анже,Бенуа Милло,1.8,3.5,4.5,28,5,0,1684,465,1219,59,41,10,18,1,4,516,357,59,43,21,10,15,31,50,51,10,6,19,16,6,5,11,13,117,100,15,10,8,4,12,6,3,4,7,22,446,296,4-2-3-1,6.74,4-3-3,6.66,7.44,15.68,,
255,Реймс,Аяччо,Жером Брисар,1.53,3.8,7.0,40,1,0,1715,352,1363,64,36,19,21,3,4,562,330,60,69,28,6,19,17,65,62,18,17,18,15,2,1,4,12,163,149,12,5,3,1,3,2,9,3,7,31,466,229,4-2-3-1,6.87,4-4-2,6.67,5.72,14.89,,
256,Страсбург,Брест,Рудди Буке,2.0,3.3,4.0,31,0,1,1759,527,1232,62,38,14,17,2,1,487,294,74,72,29,12,22,16,74,71,34,33,13,17,9,2,4,8,189,158,16,8,4,1,10,5,6,3,12,37,370,185,3-5-2,6.78,4-1-4-1,6.76,4.63,9.54,,
257,Тулуза,Клермон,Флоран Батта,1.65,3.8,5.25,24,0,1,805,809,-4,51,49,20,4,3,1,489,474,55,65,19,12,19,31,49,56,11,6,22,13,4,5,8,13,133,144,9,12,0,3,4,6,5,6,10,17,399,382,4-2-3-1,6.84,3-4-2-1,6.8,6.67,23.18,,
258,Лион,Лорьян,Томас Леонард,1.62,4.2,5.25,25,0,0,1539,611,928,53,47,19,6,1,0,539,476,39,29,23,9,36,23,53,73,9,9,22,35,6,5,11,6,126,110,17,11,5,1,11,5,6,6,14,24,477,416,4-3-3,6.93,4-1-4-1,6.83,7.68,14.14,,
259,Ренн,Марсель,Эрик Ваттелье,3.0,3.4,2.38,20,0,1,1043,1019,24,55,45,10,10,1,1,483,413,62,64,19,9,26,12,67,58,25,15,16,24,4,3,9,16,168,149,13,11,2,4,11,6,2,5,7,17,382,313,4-4-2,6.88,3-4-2-1,6.92,7.82,9.79,,
260,Лилль,Лион,Бенуа Бастьен,1.8,3.8,4.2,39,3,3,1263,586,677,56,44,20,19,5,4,477,388,49,53,20,8,24,25,69,50,8,12,22,11,4,0,13,8,122,139,8,6,6,5,7,6,1,0,13,14,402,293,4-2-3-1,6.88,4-3-3,6.93,6.24,8.3,,
261,Осер,Ренн,Матье Вернис,3.8,3.25,2.05,25,0,0,690,905,-215,32,68,14,11,2,2,290,652,69,56,15,11,14,16,42,57,10,22,17,17,8,0,9,7,135,133,12,7,0,2,6,5,6,2,9,15,206,569,5-4-1,6.75,4-4-2,6.88,19.48,6.17,,
262,Брест,ПСЖ,Марк Болленджер,7.5,5.0,1.4,18,1,2,597,1752,-1155,39,61,6,12,1,1,370,605,52,27,24,9,11,22,38,37,4,9,19,12,6,3,12,6,108,111,7,17,2,8,5,12,2,5,19,15,308,545,4-1-4-1,6.77,4-2-2-2,7.04,26.36,10.79,,
263,Клермон,Ленс,Джереми Стинат,5.0,3.8,1.67,26,0,4,1022,1575,-553,47,53,13,13,1,2,435,498,46,47,15,16,12,23,39,52,9,9,10,12,6,4,11,7,111,104,9,13,6,6,7,11,2,2,14,9,362,429,3-4-2-1,6.8,4-2-3-1,6.93,13.17,10.41,,
264,Аяччо,Монпелье,Хаким Бен эль Салем Хадж,3.4,3.1,2.3,32,0,1,617,840,-223,48,52,13,19,2,2,423,467,66,72,15,15,21,14,75,74,26,23,23,29,1,3,12,13,198,182,7,11,1,4,1,5,6,6,10,21,295,344,4-4-2,6.67,4-2-3-1,6.76,7.76,7.23,,
265,Анже,Тулуза,Пьер Гайюст,3.8,3.6,1.95,19,0,2,889,1054,-165,40,60,8,11,0,1,368,576,53,65,21,13,32,9,60,32,13,8,13,13,6,8,12,13,124,131,13,8,2,5,10,7,3,1,20,18,298,492,5-3-2,6.65,4-2-3-1,6.83,24.14,7.56,,
266,Лорьян,Труа,Клемент Терпин,1.73,3.75,4.75,21,2,0,864,917,-53,52,48,11,10,0,2,516,463,44,52,10,19,18,15,44,50,11,17,12,16,1,4,13,11,111,130,16,9,6,2,10,6,6,3,23,5,445,375,4-1-4-1,6.84,3-4-2-1,6.71,12.95,13.71,,
267,Нант,Ницца,Вилли Делайод,2.88,3.2,2.55,20,2,2,550,1505,-955,45,55,9,11,1,1,472,575,57,46,10,23,14,22,46,37,12,7,18,11,1,10,3,9,97,107,10,16,3,8,5,9,5,7,17,12,411,514,4-2-3-1,6.83,3-4-2-1,6.93,27.8,21.69,,
268,Монако,Реймс,Томас Леонард,1.83,3.75,4.2,23,0,1,981,1051,-70,49,51,9,14,1,2,468,499,60,67,17,19,17,20,54,43,12,15,16,9,3,3,15,4,142,143,14,17,3,8,12,8,2,9,8,21,365,404,4-4-2,6.9,4-2-3-1,6.87,13.68,10.22,,
269,Марсель,Страсбург,Джереми Пиньяр,1.44,4.5,7.5,21,2,2,598,1709,-1111,41,59,6,15,0,4,348,496,56,62,8,26,23,15,53,47,14,11,17,23,1,8,10,10,146,144,7,24,4,9,3,15,4,9,24,5,249,406,3-4-2-1,6.92,3-5-2,6.78,16.86,4.76,,
270,Лион,Нант,Бенуа Милло,1.55,4.333333333333334,5.75,20,1,1,1492,542,950,67,33,13,7,0,1,664,322,29,65,19,13,21,31,56,59,13,10,23,24,5,2,6,11,129,121,11,11,6,5,10,7,1,4,14,23,590,253,4-3-3,6.91,4-2-3-1,6.83,5.48,21.4,,
271,Тулуза,Лилль,Хаким Бен эль Салем Хадж,3.5,3.75,2.0,14,0,2,999,1137,-138,46,54,12,2,2,0,435,526,50,33,25,14,16,30,43,49,9,7,21,11,12,8,13,7,115,114,16,18,4,5,14,12,2,6,18,17,370,457,4-2-3-1,6.83,4-2-3-1,6.88,10.67,18.31,,
272,Ленс,Анже,Бастьен Дешепи,1.2,7.0,12.0,22,3,0,1216,792,424,46,54,7,15,0,0,472,564,56,47,13,8,11,18,44,35,10,10,17,7,4,4,7,18,96,112,12,3,6,1,9,3,3,0,11,12,407,495,4-1-4-1,6.95,5-3-2,6.66,14.35,13.22,,
273,Аяччо,Монако,Джереми Стинат,6.0,3.6,1.6,33,0,2,351,1426,-1075,42,58,20,13,2,1,346,473,63,61,11,18,13,16,63,67,27,20,19,20,1,4,18,9,156,170,10,8,1,4,5,5,5,3,19,5,246,363,4-4-2,6.66,4-4-2,6.9,7.31,5.93,,
274,Монпелье,Клермон,Пьер Гайюст,1.8,3.6,4.5,30,2,1,1770,879,891,56,44,15,15,3,1,453,359,64,55,23,12,30,25,60,69,14,14,13,23,11,4,18,18,160,137,23,16,9,8,14,9,9,7,20,21,354,261,4-2-3-1,6.77,3-4-2-1,6.78,6.03,8.68,,
275,Ницца,Лорьян,Рудди Буке,1.62,3.8,5.25,22,1,1,1823,563,1260,53,47,13,9,0,2,542,496,35,46,33,3,27,23,67,54,9,10,28,19,10,2,13,5,119,108,16,9,1,3,8,5,8,4,2,27,483,431,3-4-1-2,6.93,4-1-4-1,6.85,8.83,13.64,,
276,Страсбург,Осер,Эрик Ваттелье,2.0,3.2,3.8,25,2,0,1575,502,1073,51,49,14,11,2,1,379,367,70,79,16,13,17,25,80,68,33,20,26,20,5,4,17,12,173,188,13,8,6,1,9,4,4,4,11,14,265,249,5-3-2,6.78,3-4-2-1,6.76,4.87,9.65,,
277,Труа,Брест,Флоран Батта,2.88,3.3,2.4,22,2,2,1199,1037,162,48,52,12,10,1,1,456,487,52,75,13,25,16,15,64,57,25,25,20,13,7,4,4,14,138,135,15,9,5,2,9,6,6,3,25,17,362,404,3-4-2-1,6.71,4-1-4-1,6.77,13.09,10.8,,
278,ПСЖ,Ренн,Жером Брисар,1.5,4.5,6.0,23,0,2,1390,546,844,60,40,11,12,1,1,648,424,24,47,11,8,24,22,46,50,11,4,11,20,6,3,10,11,108,85,17,10,8,3,13,9,4,1,10,12,587,363,3-5-2,7.04,5-4-1,6.88,10.96,16.04,,
279,Реймс,Марсель,Франсуа Летексье,2.9,3.4,2.4,24,1,2,1602,792,810,56,44,13,11,2,3,417,348,40,53,33,12,16,24,67,60,21,16,22,15,6,4,14,8,150,150,19,12,6,5,12,6,7,6,17,35,334,251,4-2-3-1,6.87,3-4-3,6.92,6.26,8.78,,
280,Марсель,Монпелье,Томас Леонард,1.5,4.2,6.5,24,1,1,1266,400,866,69,31,15,9,2,2,607,280,45,56,21,11,21,16,50,53,11,14,19,16,1,3,17,25,155,147,13,9,2,3,8,5,5,4,11,24,505,195,3-4-2-1,6.92,4-2-3-1,6.78,3.94,14.76,,
281,Осер,Труа,Жером Брисар,1.91,3.5,4.0,22,1,0,734,1101,-367,38,62,7,15,0,0,316,519,60,58,12,15,19,22,56,51,13,21,17,14,4,5,11,12,143,159,13,14,5,2,8,9,5,5,30,11,222,411,3-4-2-1,6.75,3-4-2-1,6.72,17.72,5.5,,
282,Ренн,Ленс,Клемент Терпин,2.8,3.25,2.55,24,0,1,1125,1219,-94,56,44,13,11,2,2,563,445,50,62,11,12,21,19,48,44,12,8,14,14,5,5,9,11,121,116,10,12,3,4,4,8,6,4,15,11,480,364,5-4-1,6.89,3-4-3,6.96,11.96,16.79,,
283,Лилль,Лорьян,Джереми Пиньяр,1.36,5.25,8.0,23,3,1,1989,249,1740,60,40,14,9,3,3,585,393,42,32,19,8,16,23,51,47,8,8,23,18,5,1,12,8,116,122,20,2,7,1,12,1,8,1,9,28,516,324,4-2-3-1,6.89,4-1-4-1,6.84,9.04,17.38,,
284,Анже,Ницца,Эрик Ваттелье,5.5,3.75,1.67,19,1,1,640,1270,-630,37,63,8,11,1,1,331,584,39,45,20,22,21,13,51,58,14,12,15,29,5,2,8,12,138,126,13,12,6,3,5,7,8,5,23,14,266,506,5-3-2,6.65,4-3-3,6.93,16.95,7.18,,
285,Клермон,Аяччо,Матье Вернис,2.0,3.1,4.5,37,2,1,2064,175,1889,67,33,15,22,2,5,566,283,62,61,23,4,30,25,78,59,21,13,16,16,5,1,6,15,145,140,14,3,6,2,9,2,5,1,7,15,482,182,4-2-3-1,6.78,4-4-2,6.66,4.18,8.98,,
286,Нант,Реймс,Марк Болленджер,3.25,3.4,2.2,23,0,3,1256,1369,-113,48,52,10,13,1,2,410,450,59,34,24,13,23,19,51,53,9,11,15,20,3,4,19,10,147,150,12,14,6,9,7,9,5,5,24,22,326,344,4-1-4-1,6.83,4-2-3-1,6.87,8.96,8.81,,
287,Брест,Тулуза,Стефани Фраппар,2.7,3.4,2.6,28,3,1,1530,757,773,41,59,16,12,2,5,353,537,46,49,25,12,19,17,64,43,24,9,19,14,4,2,12,7,126,132,17,9,7,3,11,8,6,1,14,23,287,458,4-1-4-1,6.77,4-2-3-1,6.83,11.81,9.9,,
288,Монако,Страсбург,Вилли Делайод,1.55,4.2,5.75,32,4,3,1178,1129,49,50,50,15,17,3,1,448,430,76,55,11,21,16,22,55,61,18,16,14,17,3,3,11,18,156,142,9,13,7,6,8,8,1,5,21,21,338,337,4-4-2,6.91,3-1-4-2,6.78,9.33,8.23,,
289,ПСЖ,Лион,Франсуа Летексье,1.44,5.0,6.5,26,0,1,1468,733,735,62,38,10,16,3,3,690,426,22,56,16,5,44,18,67,50,7,7,17,25,7,1,12,15,143,124,16,10,5,3,6,8,10,2,6,26,606,347,3-5-2,7.03,3-4-1-2,6.91,8.48,13.42,,
290,Ленс,Страсбург,Пьер Гайюст,1.53,4.333333333333334,6.0,38,2,1,942,795,147,55,45,19,19,1,5,512,423,51,55,12,16,13,15,51,54,15,16,8,14,5,1,4,18,124,130,13,13,9,3,10,9,3,4,17,15,426,338,3-4-3,6.95,3-4-2-1,6.79,10.9,8.55,,
291,Анже,Лилль,Матье Вернис,7.0,5.0,1.44,36,1,0,407,1677,-1270,33,67,18,18,2,3,242,503,43,46,12,23,23,22,60,65,11,13,18,21,3,6,8,7,120,120,7,15,5,5,5,6,2,9,24,13,181,435,5-3-2,6.65,4-2-3-1,6.9,13.48,3.94,,
292,Ницца,ПСЖ,Джереми Пиньяр,3.8,3.6,1.85,10,0,2,1709,1249,460,46,54,8,2,1,0,568,706,29,38,31,9,22,18,34,49,3,5,19,26,10,5,7,8,116,102,21,13,7,4,13,6,8,7,9,33,514,647,5-4-1,6.93,3-5-2,7.02,24.78,20.54,,
293,Лион,Ренн,Бенуа Бастьен,2.15,3.5,3.3,31,3,1,1397,729,668,59,41,14,17,2,2,523,367,58,42,19,5,29,24,65,57,7,8,20,15,7,2,6,9,132,110,11,11,3,3,6,8,5,3,13,21,436,300,4-1-4-1,6.91,4-2-3-1,6.89,7.25,9.48,,
294,Аяччо,Осер,Бастьен Дешепи,2.8,2.8,3.0,28,0,3,1229,643,586,57,43,13,15,1,3,433,344,55,71,31,12,12,13,46,52,17,14,9,15,7,5,13,13,147,129,9,11,2,4,8,6,1,5,12,22,349,255,4-4-2,6.65,3-4-2-1,6.76,8.0,8.59,,
295,Монпелье,Тулуза,Флоран Батта,1.95,3.75,3.6,35,1,2,1190,1211,-21,51,49,16,19,0,2,420,414,65,53,18,11,30,7,55,57,17,18,6,21,4,3,5,8,142,129,15,15,8,8,9,11,6,4,8,19,340,325,4-2-3-1,6.78,4-2-3-1,6.81,9.23,8.77,,
296,Реймс,Брест,Бенуа Милло,1.6,4.0,5.5,22,1,1,2282,350,1932,61,39,9,13,0,1,509,324,38,76,34,15,19,18,58,57,19,16,16,22,6,3,6,14,165,142,22,12,7,5,17,10,5,2,7,27,411,230,4-2-3-1,6.88,4-1-4-1,6.78,6.44,20.75,,
297,Труа,Клермон,Джереми Стинат,2.9,3.3,2.5,27,0,2,671,1541,-870,43,57,18,9,3,2,401,538,47,59,10,17,34,10,52,63,11,14,14,25,3,2,13,8,128,133,9,12,3,4,5,5,4,7,20,4,327,460,3-4-2-1,6.72,4-2-3-1,6.78,11.67,8.48,,
298,Нант,Монако,Клемент Терпин,3.75,3.75,1.95,24,2,2,742,1365,-623,49,51,13,11,3,1,387,415,44,56,20,16,21,12,47,73,16,26,9,25,6,8,12,16,155,148,9,16,2,10,5,13,4,3,17,16,292,310,4-2-3-1,6.82,4-2-3-1,6.9,10.8,8.89,,
299,Лорьян,Марсель,Вилли Делайод,5.5,4.333333333333334,1.5699999999999998,27,0,0,462,1511,-1049,40,60,9,18,0,2,361,529,57,45,8,24,19,17,49,45,8,11,18,18,3,6,11,8,127,132,9,13,5,2,5,9,4,4,27,13,282,454,3-4-2-1,6.83,3-4-2-1,6.92,22.75,6.71,,
