Unnamed: 0,Team1,Team2,Referee,Coef_1,Coef_X,Coef_2,Total_Fouls,Team1_Score,Team2_Score,Team1_Intensive,Team2_Intensive,Intensive,Team1_Ball_possession,Team2_Ball_possession,Team1_Fouls,Team2_Fouls,Team1_Yellow_cards,Team2_Yellow_cards,Team1_Passes,Team2_Passes,Team1_Long_balls,Team2_Long_balls,Team1_Crosses,Team2_Crosses,Team1_Dribbles,Team2_Dribbles,Team1_Duels_won,Team2_Duels_won,Team1_Aerials_won,Team2_Aerials_won,Team1_Tackles,Team2_Tackles,Team1_Corner_kicks,Team2_Corner_kicks,Team1_Interceptions,Team2_Interceptions,Team1_Possession_lost,Team2_Possession_lost,Team1_Total_shots,Team2_Total_shots,Team1_Shots_on_target,Team2_Shots_on_target,Team1_Shots_inside_box,Team2_Shots_inside_box,Team1_Shots_outside_box,Team2_Shots_outside_box,Team1_Formation,Team1_Ratings,Team2_Formation,Team2_Ratings,Team1_PPDA,Team2_PPDA,Team1_Pre_PPDA,Team2_Pre_PPDA,Ref_Mean_Cards,Ref_Mean_Fouls,Team1_Mean_Fouls_Home,Team1_Mean_Fouls,Team2_Mean_Fouls_Away,Team2_Mean_Fouls
0,Бавария М.,Герта,Вред Осмерс,1.14,8.0,15.0,24,1,2,2556,338,2218,70,30,6,18,3,3,661,282,46,62,34,8,19,7,50,37,13,12,7,14,12,0,5,12,142,109,17,6,7,3,12,2,5,4,4-3-3,0.0,3-4-1-2,0.0,10.5,16.22,,,3.0,20.0,10.0,10.0,10.0,10.0
1,Леверкузен,Падерборн,Тобиас Стилер,1.22,6.5,11.0,21,2,2,1815,462,1353,73,27,8,13,2,0,763,267,73,48,20,11,25,27,56,56,16,12,18,19,6,6,10,19,164,147,13,9,4,6,10,4,3,5,3-4-3,0.0,4-4-2,0.0,3.84,17.38,,,3.0,20.0,10.0,10.0,10.0,10.0
2,Дортмунд,Аугсбург,Фрэнк Вилленборг,1.12,8.0,26.0,15,1,1,3409,118,3291,78,22,8,7,0,0,886,246,53,55,21,5,34,13,46,50,10,7,13,28,10,0,7,16,121,104,22,5,10,1,15,5,7,0,4-2-3-1,0.0,4-2-3-1,0.0,5.91,22.67,,,3.0,20.0,10.0,10.0,10.0,10.0
3,Фрайбург,Майнц 05,Роберт Хартманн,2.5,3.3,2.75,20,0,0,1629,981,648,52,48,6,14,1,3,400,372,60,57,22,12,18,14,67,43,26,16,14,16,5,5,5,9,144,134,19,19,8,5,10,8,9,11,3-4-1-2,0.0,4-3-1-2,0.0,20.2,10.39,,,3.0,20.0,10.0,10.0,10.0,10.0
4,Вольфсбург,Кельн,Свен Яблонски,2.05,3.4,3.6,33,1,0,809,1090,-281,47,53,15,18,1,3,377,411,56,67,12,24,17,14,65,64,19,18,17,22,2,6,9,11,157,162,15,11,5,2,4,6,11,5,3-4-2-1,0.0,4-2-3-1,0.0,8.56,7.1,,,3.0,20.0,10.0,10.0,10.0,10.0
5,Бремен,Фортуна,Феликс Цвайер,1.66,4.2,4.5,22,0,1,2137,659,1478,66,34,9,13,0,2,639,308,39,66,34,21,9,8,46,44,20,15,9,16,14,5,5,11,141,117,24,12,10,7,18,7,6,5,4-3-3,0.0,4-2-3-1,0.0,11.87,21.0,,,3.0,20.0,10.0,10.0,10.0,10.0
6,Мгладбах,Шальке 04,Феликс Брых,2.15,3.6,3.2,21,0,0,1459,469,990,59,41,10,11,3,2,519,351,34,62,17,10,27,15,57,61,12,23,20,23,8,3,14,21,161,146,16,8,4,1,8,5,8,3,4-3-1-2,0.0,4-2-3-1,0.0,5.76,15.29,,,3.0,20.0,10.0,10.0,10.0,10.0
7,Э. Франкфурт,Хоффенхайм,Дэниел Зиберт,2.05,3.75,3.3,28,1,0,1067,982,85,31,69,19,9,3,1,250,567,57,56,22,14,23,20,58,64,15,24,21,15,10,5,7,9,151,159,15,9,8,1,11,7,4,2,3-4-2-1,0.0,3-4-2-1,0.0,11.45,6.44,,,3.0,20.0,10.0,10.0,10.0,10.0
8,Юнион Берлин,РБ Лейпциг,Маркус Шмидт,4.5,4.0,1.72,21,0,3,693,1682,-989,35,65,14,7,1,0,325,605,54,48,17,9,18,17,48,55,18,17,15,14,3,6,16,13,146,137,13,14,2,8,6,13,7,1,4-2-3-1,0.0,3-4-3,0.0,15.77,8.23,,,3.0,20.0,10.0,10.0,10.0,10.0
9,Кельн,Дортмунд,Кристиан Дингерт,5.5,4.75,1.5,23,1,0,605,1650,-1045,26,74,12,11,2,1,232,675,55,37,16,14,14,21,51,57,11,15,23,18,7,8,13,11,131,135,13,14,1,6,11,8,2,6,4-4-2,6.66,4-2-3-1,7.36,16.63,4.57,,,3.0,20.0,10.0,18.0,10.0,8.0
10,Хоффенхайм,Бремен,Саша Стегеманн,2.0,3.6,3.6,31,0,1,747,937,-190,54,46,14,17,2,5,510,425,41,64,12,14,11,10,56,56,27,24,11,13,3,6,11,6,125,133,10,18,3,6,8,12,2,6,3-4-2-1,6.81,3-4-2-1,6.84,10.5,16.53,,,3.0,20.0,10.0,9.0,10.0,9.0
11,Майнц 05,Мгладбах,Мартин Петерсен,2.62,3.4,2.7,28,1,1,1232,1055,177,47,53,13,15,2,2,378,422,59,64,23,13,11,20,67,58,27,21,22,18,3,5,13,9,136,143,20,15,4,6,12,11,8,4,4-3-1-2,6.48,4-3-1-2,6.96,8.17,10.72,,,3.0,20.0,10.0,14.0,10.0,10.0
12,Аугсбург,Юнион Берлин,Роберт Шредер,2.3,3.4,3.0,36,0,0,1115,661,454,54,46,17,19,3,1,382,322,72,72,19,18,12,10,63,66,26,31,14,10,3,4,16,12,158,154,12,11,4,2,7,6,5,5,4-2-3-1,6.24,4-4-2,6.34,6.11,6.93,,,3.0,20.0,10.0,7.0,10.0,14.0
13,Фортуна,Леверкузен,Патрик Иттрих,5.0,4.333333333333334,1.61,26,0,3,578,1458,-880,31,69,15,11,3,2,296,644,61,47,9,12,28,12,48,61,8,15,17,23,1,5,10,10,126,131,12,12,6,7,5,10,7,2,4-2-2-2,7.14,4-1-4-1,6.98,18.76,5.14,,,3.0,20.0,10.0,13.0,10.0,8.0
14,Падерборн,Фрайбург,Тобиас Вельц,2.3,3.75,2.75,27,1,2,1461,933,528,54,46,21,6,3,1,398,335,55,65,18,12,16,16,48,59,13,15,19,19,9,5,9,10,139,142,16,9,2,4,9,6,7,3,4-4-2,6.61,3-4-1-2,7.49,5.56,14.47,,,3.0,20.0,10.0,13.0,10.0,6.0
15,Шальке 04,Бавария М.,Марко Фриц,0.0,0.0,0.0,21,0,1,541,1375,-834,33,67,11,10,0,0,353,704,39,62,13,17,11,17,45,42,9,15,19,8,3,4,17,10,111,128,11,10,2,6,7,7,4,3,4-3-3,6.9,4-3-3,7.08,18.28,9.68,,,3.0,20.0,10.0,11.0,10.0,6.0
16,РБ Лейпциг,Э. Франкфурт,Бенджамин Кортус,1.4,4.75,7.0,25,1,0,776,909,-133,43,57,10,15,2,3,408,524,59,73,8,15,18,17,62,44,13,9,24,14,4,1,12,7,139,143,12,10,5,5,7,5,5,5,3-4-3,7.41,3-4-1-2,6.95,13.86,9.3,,,3.0,20.0,10.0,7.0,10.0,19.0
17,Герта,Вольфсбург,Гвидо Винкманн,2.4,3.4,2.9,27,0,1,929,790,139,56,44,15,12,1,0,496,383,66,62,16,11,22,13,56,64,14,18,15,21,2,5,7,13,155,145,9,10,2,4,8,5,1,5,4-3-3,6.7,3-4-2-1,6.85,7.96,11.31,,,3.0,20.0,10.0,18.0,10.0,15.0
18,Мгладбах,РБ Лейпциг,Свен Яблонски,3.1,3.6,2.2,37,0,1,1043,1097,-54,48,52,18,19,3,2,469,502,43,58,27,17,19,19,61,59,14,10,12,18,9,5,13,11,140,132,12,14,3,6,7,11,5,3,4-2-3-1,6.96,4-4-2,7.18,8.29,8.17,,,4.0,33.0,10.0,12.5,7.0,8.5
19,Леверкузен,Хоффенхайм,Феликс Цвайер,1.5,4.5,6.0,21,0,0,2689,144,2545,75,25,9,12,2,2,632,219,55,57,46,4,21,9,54,53,17,21,10,18,19,0,7,6,168,121,20,6,2,1,13,5,7,1,4-1-4-1,6.93,4-2-3-1,6.86,7.69,20.83,,,2.0,22.0,8.0,9.5,9.0,11.5
20,Бавария М.,Майнц 05,Маркус Шмидт,1.08,11.0,26.0,29,2,1,2533,256,2277,67,33,16,13,3,3,659,325,48,38,28,5,12,13,48,53,15,16,15,14,10,1,12,16,136,115,18,7,10,4,11,3,7,4,4-2-3-1,7.14,4-2-3-1,6.63,5.35,20.35,,,1.0,21.0,6.0,8.0,14.0,13.5
21,Шальке 04,Герта,Тобиас Стилер,2.05,3.5,3.6,25,1,0,1055,551,504,57,43,15,10,1,1,528,388,62,45,14,11,9,11,39,48,9,15,14,13,5,3,3,8,119,105,9,10,2,3,5,7,4,3,4-2-3-1,6.75,4-2-3-1,6.58,11.77,21.38,,,2.0,21.0,11.0,11.0,18.0,16.5
22,Фрайбург,Кельн,Роберт Кампка,2.6,3.4,2.62,21,1,0,1000,851,149,52,48,6,15,0,2,391,353,66,85,21,20,18,12,60,65,23,27,12,21,5,6,3,13,153,135,15,10,1,3,5,8,10,2,4-2-2-2,7.2,4-1-3-2,6.59,11.44,6.59,,,3.0,20.0,6.0,6.0,18.0,15.0
23,Вольфсбург,Падерборн,Даниэль Шлагер,1.44,4.75,6.0,23,0,1,1737,236,1501,62,38,8,15,0,3,531,320,52,61,25,6,23,18,64,54,12,16,23,18,8,3,15,16,162,163,16,8,5,3,8,5,8,3,3-4-2-1,6.95,4-4-2,6.55,4.78,10.26,,,3.0,20.0,15.0,13.5,13.0,17.0
24,Юнион Берлин,Дортмунд,Феликс Брых,8.0,5.0,1.36,15,1,1,567,1211,-644,25,75,13,2,0,0,255,762,66,62,14,16,8,25,31,65,15,26,9,8,7,4,13,9,136,135,15,13,7,2,9,5,6,8,4-4-2,6.57,4-2-3-1,7.2,23.74,8.23,,,5.0,21.0,14.0,16.5,11.0,9.5
25,Бремен,Аугсбург,Сёрен Аисты,1.5,4.2,6.5,24,2,1,2105,744,1361,66,34,10,14,1,4,570,283,66,61,27,11,12,9,53,42,22,18,14,12,4,2,4,8,145,132,15,12,5,6,10,8,5,4,4-3-1-2,6.71,4-4-2,6.5,8.81,18.88,,,3.0,20.0,9.0,13.0,7.0,12.0
26,Э. Франкфурт,Фортуна,Фрэнк Вилленборг,1.5699999999999998,4.2,5.25,30,0,1,1125,565,560,59,41,14,16,2,4,472,326,66,75,22,15,27,17,75,70,29,28,11,17,4,1,7,11,160,163,14,14,8,4,9,4,5,10,3-4-1-2,6.81,4-3-3,6.83,6.23,12.41,,,0.0,15.0,19.0,17.0,13.0,14.0
27,Фортуна,Вольфсбург,Мануэль Грефе,3.1,3.6,2.2,22,1,1,661,1432,-771,41,59,7,15,0,2,345,487,82,63,12,25,18,21,64,50,20,10,22,22,3,8,8,8,157,156,12,15,3,6,3,10,9,5,4-4-2,6.79,3-4-2-1,6.94,14.9,6.89,,,3.0,20.0,15.0,14.666666666666666,12.0,11.666666666666666
28,Кельн,Мгладбах,Дениз Айтекин,2.1,3.6,3.3,44,0,1,787,1060,-273,51,49,23,21,2,2,409,378,85,57,15,18,15,30,66,86,29,25,14,16,4,7,9,13,155,152,14,15,7,4,10,9,4,6,4-2-2-2,6.67,4-3-1-2,6.85,5.11,6.18,,,3.0,20.0,12.0,15.0,15.0,14.333333333333334
29,Юнион Берлин,Бремен,Тобиас Вельц,2.3,3.6,2.87,36,1,1,860,1199,-339,46,54,24,12,3,4,339,408,60,56,26,13,11,7,60,57,30,24,14,10,7,4,4,8,146,141,13,16,5,7,12,11,1,5,4-4-2,6.63,4-1-3-2,6.87,8.77,9.12,,,4.0,27.0,13.5,15.333333333333334,17.0,12.0
30,Майнц 05,Герта,Марко Фриц,2.37,3.3,3.0,27,1,0,1077,1208,-131,52,48,16,11,2,2,409,373,52,59,19,15,23,11,54,52,11,10,19,18,6,3,8,12,125,114,12,16,5,8,4,11,8,5,4-3-1-2,6.5,3-4-1-2,6.54,10.52,14.83,,,0.0,21.0,13.0,13.333333333333334,14.0,14.333333333333334
31,Дортмунд,Леверкузен,Дэниел Зиберт,1.8,3.9,4.2,22,1,0,907,1211,-304,33,67,9,13,0,3,347,695,57,47,9,12,17,19,43,48,6,14,18,16,3,3,22,8,134,140,9,12,7,2,9,4,0,8,4-2-3-1,7.08,4-2-3-1,6.94,16.61,6.92,,,4.0,28.0,8.0,7.0,11.0,9.333333333333334
32,Аугсбург,Э. Франкфурт,Вред Осмерс,4.0,3.8,1.83,17,2,0,457,2203,-1746,30,70,8,9,2,1,242,522,59,68,6,41,9,24,45,65,16,24,16,15,2,11,17,7,139,173,8,22,6,3,5,11,3,11,4-4-2,6.5,3-1-4-2,6.9,18.4,6.17,,,6.0,24.0,17.0,12.666666666666666,15.0,16.0
33,РБ Лейпциг,Бавария М.,Саша Стегеманн,4.0,4.2,1.75,16,1,1,633,2161,-1528,32,68,12,4,4,2,362,760,46,68,9,21,19,33,45,60,7,14,23,14,3,6,18,11,129,156,12,14,5,7,8,9,4,5,3-4-3,7.14,4-2-3-1,7.2,17.18,9.14,,,7.0,31.0,10.0,12.0,10.0,10.666666666666666
34,Хоффенхайм,Фрайбург,Гвидо Винкманн,1.85,3.8,3.8,17,0,2,1732,662,1070,68,32,11,6,0,2,572,269,49,64,26,12,17,12,49,44,26,10,7,14,12,4,5,8,129,115,24,18,5,8,16,13,8,5,3-4-1-2,6.84,3-4-1-2,6.95,6.74,21.88,,,1.0,27.0,14.0,11.666666666666666,6.0,6.0
35,Падерборн,Шальке 04,Роберт Шредер,3.0,3.6,2.3,29,1,1,516,2002,-1486,46,54,17,12,2,1,368,431,51,45,11,16,35,19,62,66,12,14,21,24,3,5,11,6,144,140,11,17,1,11,9,13,2,4,4-2-2-2,6.63,4-4-2,6.83,8.5,7.74,,,4.0,36.0,21.0,16.333333333333332,11.0,12.333333333333334
36,Шальке 04,Майнц 05,Даниэль Шлагер,1.61,4.2,5.0,22,1,0,1302,938,364,51,49,7,15,1,1,461,428,57,70,16,17,16,20,75,49,32,11,23,19,5,5,15,19,173,166,18,14,6,3,11,9,7,5,4-2-3-1,6.92,4-3-1-2,6.6,8.33,7.13,,,3.0,23.0,13.0,12.25,13.5,14.0
37,Леверкузен,Юнион Берлин,Роберт Хартманн,1.33,5.0,8.0,21,2,0,2111,126,1985,67,33,10,11,0,1,757,365,68,51,16,8,18,19,41,51,8,15,12,16,8,1,8,16,129,131,20,4,7,0,11,2,9,2,4-2-3-1,6.81,4-4-2,6.64,9.5,22.52,,,4.0,20.0,8.5,10.25,19.0,17.5
38,Бавария М.,Кельн,Патрик Иттрих,1.11,9.5,21.0,35,1,0,1856,543,1313,60,40,15,20,4,0,558,358,54,51,16,17,19,13,49,41,10,6,9,11,12,4,11,12,114,122,25,14,5,2,16,7,9,7,4-2-3-1,7.16,4-2-3-1,6.65,7.92,14.5,,,5.0,26.0,11.0,9.0,16.5,17.0
39,Герта,Падерборн,Фрэнк Вилленборг,1.6,4.2,5.25,27,1,0,427,1774,-1347,38,62,13,14,4,4,325,510,76,71,8,16,24,14,84,61,29,19,25,23,1,8,19,5,158,172,6,18,4,8,6,11,0,7,4-2-3-1,6.61,4-4-2,6.55,8.19,5.86,,,3.0,22.5,15.0,13.5,14.0,16.5
40,Фрайбург,Аугсбург,Бастиан Данкерт,1.9,3.75,3.8,26,1,1,1283,594,689,61,39,13,13,1,1,463,292,80,71,28,11,16,12,44,49,15,13,10,18,7,4,5,15,167,130,17,13,5,2,13,7,4,6,3-4-1-2,7.05,4-4-2,6.55,7.1,10.68,,,3.0,20.0,6.0,6.0,10.5,11.5
41,Бремен,РБ Лейпциг,Тобиас Стилер,4.2,4.2,1.72,27,0,2,805,1479,-674,46,54,12,15,0,3,479,539,37,52,17,23,25,8,55,56,11,15,17,24,4,7,10,7,137,131,8,14,1,7,5,8,3,6,3-5-2,6.86,3-1-4-2,7.06,13.95,9.79,,,2.0,23.0,9.5,12.0,13.0,12.0
42,Мгладбах,Фортуна,Кристиан Дингерт,1.72,3.8,4.5,26,0,1,1581,822,759,58,42,15,11,2,3,476,339,42,69,29,21,23,14,58,49,19,12,13,15,10,4,5,7,132,135,23,18,11,4,16,6,7,12,4-3-1-2,6.95,3-4-3,6.82,9.82,18.4,,,3.0,23.0,14.0,16.0,14.5,12.75
43,Э. Франкфурт,Дортмунд,Маркус Шмидт,5.25,4.2,1.5699999999999998,29,1,1,802,1535,-733,37,63,18,11,2,2,356,607,56,58,22,19,18,28,61,70,18,16,21,20,5,8,12,7,150,153,18,16,3,7,12,13,6,3,3-1-4-2,6.92,4-2-3-1,7.11,10.05,7.9,,,3.5,25.0,16.5,14.25,6.5,7.5
44,Вольфсбург,Хоффенхайм,Бенджамин Кортус,2.0,3.75,3.4,31,1,1,1139,863,276,52,48,13,18,2,4,514,472,63,62,15,10,22,15,56,64,12,17,17,25,4,6,14,9,160,150,12,9,4,5,6,6,6,3,3-4-2-1,6.91,4-1-4-1,6.82,10.07,10.14,,,5.0,25.0,11.5,12.5,10.5,11.5
45,Юнион Берлин,Э. Франкфурт,Саша Стегеманн,2.8,3.6,2.37,23,0,0,1095,1095,0,53,47,11,12,1,1,455,393,88,92,21,28,15,8,64,66,32,29,11,21,4,5,15,15,187,186,11,17,5,6,8,9,3,8,4-2-3-1,6.61,3-4-1-2,6.89,13.64,9.88,,,6.5,23.5,17.0,16.2,12.0,15.0
46,Хоффенхайм,Мгладбах,Вред Осмерс,2.7,3.4,2.55,24,0,1,1202,1143,59,51,49,11,13,2,2,470,436,52,54,20,18,11,16,47,54,11,22,16,16,2,5,6,13,139,140,17,12,4,5,9,10,8,2,3-5-2,6.83,4-3-1-2,6.96,13.24,10.38,,,4.5,20.5,12.5,12.8,18.0,15.8
47,Майнц 05,Вольфсбург,Феликс Брых,2.87,3.5,2.4,27,0,1,1652,375,1277,53,47,11,16,2,3,426,405,58,71,34,5,20,11,66,63,13,23,26,27,10,1,13,5,192,167,15,4,5,3,11,4,4,0,4-3-1-2,6.63,3-4-2-1,6.89,7.61,9.46,,,2.5,18.0,14.5,14.2,13.5,12.6
48,Аугсбург,Леверкузен,Роберт Кампка,4.5,4.2,1.7,25,0,1,208,1771,-1563,25,75,16,9,4,0,274,830,44,88,8,11,3,10,32,39,14,8,9,8,1,3,12,13,133,131,7,11,1,5,2,5,5,6,4-4-2,6.62,4-2-3-1,6.86,25.65,11.0,,,2.0,21.0,12.5,11.8,12.0,10.2
49,РБ Лейпциг,Шальке 04,Мануэль Грефе,1.53,4.333333333333334,5.5,27,0,2,1753,915,838,65,35,13,14,1,1,619,340,45,80,23,7,20,18,65,51,19,16,20,14,8,4,5,16,176,165,16,13,6,8,7,11,9,2,4-2-2-2,7.05,4-4-2,6.95,6.36,9.61,,,2.0,22.0,11.0,12.6,11.5,11.2
50,Падерборн,Бавария М.,Феликс Цвайер,15.0,10.0,1.14,14,0,1,965,1588,-623,36,64,8,6,1,1,350,649,56,71,24,12,20,46,48,71,10,16,22,20,11,5,7,11,148,146,10,18,5,6,3,15,7,3,4-4-2,6.56,4-2-3-1,7.22,16.8,9.86,,,3.0,21.5,19.0,16.0,7.0,10.2
51,Дортмунд,Бремен,Дениз Айтекин,1.33,5.75,8.5,18,2,1,1881,243,1638,65,35,8,10,1,0,750,399,37,50,35,10,24,18,44,44,6,10,14,16,9,2,4,21,143,111,18,11,7,5,11,9,7,2,4-2-3-1,7.07,4-2-3-1,6.8,11.67,22.41,,,4.0,44.0,8.5,8.2,14.5,12.0
52,Фортуна,Фрайбург,Дэниел Зиберт,2.5,3.4,2.7,20,1,1,1334,396,938,55,45,9,11,2,2,481,408,50,65,24,6,17,14,53,39,18,10,14,14,5,1,6,6,129,112,18,9,7,3,12,6,6,3,4-2-2-2,6.83,3-4-2-1,6.99,20.23,12.16,,,3.5,25.0,11.0,12.4,6.0,7.4
53,Кельн,Герта,Сёрен Аисты,2.05,3.6,3.4,23,0,1,1174,870,304,54,46,10,13,1,0,438,379,61,47,32,19,8,9,41,37,14,13,13,11,8,4,13,11,124,108,9,10,3,6,7,7,2,3,4-2-2-2,6.6,4-2-3-1,6.7,10.0,18.88,,,5.0,24.0,17.5,17.6,13.0,13.4
54,Герта,Фортуна,Мартин Петерсен,1.61,4.0,5.0,35,2,1,1381,744,637,53,47,17,18,3,3,448,396,50,55,24,15,19,13,66,44,17,12,20,11,9,2,9,10,119,119,17,10,3,3,14,5,3,5,4-2-3-1,6.8,4-2-3-1,6.83,11.18,12.61,,,4.0,28.0,14.0,13.333333333333334,13.333333333333334,11.833333333333334
55,Леверкузен,РБ Лейпциг,Марко Фриц,2.3,3.6,2.87,25,0,0,1239,539,700,64,36,12,13,2,2,718,386,52,43,18,8,22,14,52,64,14,16,19,30,4,0,14,9,182,172,11,11,8,5,8,10,3,1,3-4-2-1,6.92,4-4-2,7.02,7.81,16.9,,,2.0,24.0,9.0,10.0,13.666666666666666,12.666666666666666
56,Бавария М.,Хоффенхайм,Тобиас Стилер,1.1,9.5,26.0,21,0,0,2052,330,1722,64,36,9,12,2,0,691,394,73,65,29,9,19,11,58,53,18,18,14,21,9,3,15,4,146,140,20,8,4,5,12,7,8,1,4-2-3-1,7.2,4-1-4-1,6.8,8.21,21.47,,,2.333333333333333,24.33333333333333,12.333333333333334,9.5,13.0,12.5
57,Фрайбург,Дортмунд,Свен Яблонски,5.5,4.0,1.6,18,0,1,559,1498,-939,34,66,10,8,0,3,394,767,69,54,14,17,12,25,47,51,16,13,14,13,3,11,9,6,143,153,6,8,1,4,4,6,2,2,3-4-2-1,6.96,4-2-3-1,7.05,20.09,12.33,,,4.5,35.0,8.333333333333334,8.0,8.0,8.166666666666666
58,Падерборн,Майнц 05,Патрик Иттрих,2.45,3.6,2.75,28,1,2,1352,985,367,64,36,9,19,1,4,573,301,66,53,19,20,26,14,66,53,18,16,14,22,7,10,8,12,158,139,16,16,7,7,8,11,8,5,4-2-3-1,6.55,4-4-2,6.66,12.73,11.26,,,4.5,30.5,15.333333333333334,14.666666666666666,14.0,13.666666666666666
59,Шальке 04,Кельн,Тобиас Вельц,1.6,4.333333333333334,5.25,34,0,0,1209,553,656,54,46,17,17,4,4,422,351,59,68,19,12,16,24,65,70,24,28,16,12,6,4,12,12,161,149,15,9,3,5,6,5,9,4,4-3-1-2,6.94,4-2-3-1,6.59,4.59,10.13,,,5.5,31.5,11.0,11.666666666666666,17.666666666666668,16.333333333333332
60,Мгладбах,Аугсбург,Роберт Шредер,1.53,4.2,6.5,18,4,0,1579,602,977,62,38,9,9,1,2,572,332,45,38,11,13,26,15,47,38,8,5,14,17,2,7,14,15,118,126,12,14,9,3,9,9,3,5,4-2-3-1,7.01,4-4-2,6.59,8.04,17.17,,,3.5,32.5,14.333333333333334,15.333333333333334,11.333333333333334,12.5
61,Вольфсбург,Юнион Берлин,Бастиан Данкерт,1.9,3.6,4.0,33,0,0,833,879,-46,51,49,18,15,2,2,413,390,86,82,22,18,19,11,51,84,23,38,7,22,5,4,7,12,180,174,13,14,4,3,11,7,2,7,3-4-2-1,6.89,3-4-2-1,6.63,9.15,7.68,,,2.0,26.0,12.0,13.166666666666666,15.0,15.333333333333334
62,Э. Франкфурт,Бремен,Гвидо Винкманн,1.9,3.8,3.5,20,0,1,2784,346,2438,62,38,12,8,2,1,472,311,63,66,50,5,15,14,46,55,17,15,13,19,10,1,6,11,177,136,25,11,7,5,20,8,5,3,3-1-4-2,6.9,4-3-3,6.82,6.78,14.69,,,1.5,22.0,17.0,14.5,13.0,11.666666666666666
63,Э. Франкфурт,Леверкузен,Кристиан Дингерт,2.7,3.8,2.37,23,2,0,861,1424,-563,34,66,11,12,1,1,316,591,69,44,11,20,24,12,55,56,13,22,18,16,4,1,9,13,178,160,10,19,5,10,10,15,0,4,3-1-4-2,6.9,3-4-2-1,6.91,16.61,5.26,,,4.0,24.5,15.75,14.142857142857142,11.0,10.285714285714286
64,Юнион Берлин,Фрайбург,Бенджамин Кортус,2.55,3.3,2.7,34,1,0,1014,956,58,39,61,21,13,3,0,346,551,69,62,22,16,15,7,61,75,27,37,8,14,3,4,19,7,138,144,16,12,5,4,7,10,9,2,3-4-2-1,6.67,3-4-2-1,6.92,11.93,11.18,,,5.5,28.0,15.5,15.285714285714286,7.666666666666667,8.285714285714286
65,Аугсбург,Бавария М.,Дэниел Зиберт,17.0,8.5,1.14,18,1,1,356,3060,-2704,21,79,11,7,3,3,204,766,50,63,7,19,11,22,29,55,6,16,11,11,3,7,12,3,110,118,9,24,7,9,7,16,2,8,4-1-4-1,6.54,4-2-3-1,7.16,33.54,6.29,,,3.6666666666666665,23.33333333333333,13.666666666666666,12.0,6.666666666666667,9.428571428571429
66,Фортуна,Майнц 05,Феликс Цвайер,2.55,3.4,2.62,29,0,0,2089,383,1706,55,45,11,18,2,4,458,386,68,52,38,5,18,12,63,48,25,15,15,16,8,1,9,7,139,122,20,7,4,1,9,2,11,5,5-4-1,6.76,4-2-2-2,6.69,11.71,14.68,,,2.6666666666666665,19.0,10.333333333333334,12.714285714285714,15.25,14.428571428571429
67,РБ Лейпциг,Вольфсбург,Дениз Айтекин,1.53,4.5,5.5,24,0,0,899,919,-20,56,44,13,11,1,3,514,392,57,84,20,13,16,25,62,58,19,21,24,13,3,3,10,22,191,179,15,13,5,6,7,9,8,4,4-4-2,7.0,3-4-3,6.9,7.07,10.12,,,2.5,31.0,11.666666666666666,12.714285714285714,14.333333333333334,13.857142857142858
68,Бремен,Герта,Феликс Брых,2.25,3.6,3.0,21,1,0,1266,791,475,53,47,9,12,1,1,546,483,51,70,24,17,4,19,32,62,8,27,12,14,7,5,8,17,142,129,16,12,5,2,11,6,5,6,4-3-3,6.83,4-2-3-1,6.84,15.11,24.23,,,3.333333333333333,21.0,10.333333333333334,11.142857142857142,13.0,13.857142857142858
69,Дортмунд,Мгладбах,Саша Стегеманн,1.53,4.75,5.0,29,0,0,1130,1060,70,54,46,13,16,1,2,484,403,65,60,14,15,19,15,66,52,16,15,24,20,10,8,18,11,146,152,16,14,7,3,14,11,2,3,4-4-2,7.0,4-2-3-1,7.04,9.32,12.62,,,5.0,23.33333333333333,8.333333333333334,8.142857142857142,16.333333333333332,14.428571428571429
70,Кельн,Падерборн,Мануэль Грефе,1.65,4.5,4.333333333333334,15,1,0,1068,1031,37,42,58,7,8,0,0,391,537,58,31,20,22,18,23,72,49,20,15,33,20,6,9,8,9,148,150,17,9,6,1,16,5,1,4,4-2-3-1,6.61,4-2-2-2,6.58,15.71,9.28,,,2.0,24.5,15.0,16.428571428571427,14.0,13.857142857142858
71,Хоффенхайм,Шальке 04,Роберт Хартманн,2.62,3.6,2.55,28,0,0,440,1580,-1140,42,58,12,16,2,2,349,474,51,66,14,23,15,18,61,61,15,19,24,21,3,8,9,10,137,155,9,11,3,1,6,6,3,5,4-1-4-1,6.79,4-1-3-2,6.92,8.66,6.06,,,2.5,20.5,12.0,12.428571428571429,12.333333333333334,12.428571428571429
72,Майнц 05,Кельн,Фрэнк Вилленборг,2.55,3.6,2.55,29,1,1,1410,1693,-283,47,53,20,9,2,2,370,405,51,61,14,21,17,10,51,64,19,26,12,13,5,10,13,9,138,152,18,17,6,8,9,9,9,8,4-4-2,6.68,4-2-3-1,6.71,7.64,10.89,,,4.666666666666667,24.0,13.333333333333334,14.875,17.5,15.25
73,Бавария М.,Юнион Берлин,Марко Фриц,1.09,12.0,19.0,26,1,0,2085,545,1540,65,35,10,16,0,1,671,343,56,64,23,11,21,12,67,56,19,23,16,21,8,2,6,10,139,134,20,6,10,4,10,4,10,2,4-1-4-1,7.16,4-2-3-1,6.74,8.86,15.54,,,2.6666666666666665,24.33333333333333,11.5,9.125,15.0,16.0
74,Шальке 04,Дортмунд,Феликс Брых,3.2,3.6,2.1,18,0,0,1359,749,610,42,58,9,9,3,2,353,484,57,62,19,10,19,17,47,57,13,17,15,22,8,2,11,5,158,146,14,8,3,3,8,3,6,5,4-1-3-2,6.89,4-2-3-1,7.05,11.0,8.0,,,3.0,21.0,12.5,12.875,8.0,8.75
75,Герта,Хоффенхайм,Маркус Шмидт,2.0,3.9,3.3,28,0,2,773,1145,-372,43,57,17,11,3,3,375,511,64,65,21,11,20,9,64,63,19,20,21,20,4,4,13,8,139,145,13,17,4,9,8,9,5,8,4-2-3-1,6.88,3-1-4-2,6.81,9.76,11.35,,,3.6666666666666665,26.33333333333333,15.0,13.625,12.75,12.375
76,Фрайбург,РБ Лейпциг,Вред Осмерс,4.75,4.2,1.65,18,1,0,563,1412,-849,39,61,9,9,3,1,378,592,64,52,20,15,10,22,44,64,15,20,17,22,5,4,12,6,139,131,14,24,3,6,8,10,6,14,3-4-2-1,6.9,3-5-2,7.0,12.96,11.52,,,4.333333333333333,21.666666666666668,8.75,8.875,13.5,12.75
77,Падерборн,Фортуна,Бастиан Данкерт,2.5,3.75,2.6,39,1,0,870,1146,-276,48,52,23,16,5,4,363,382,64,64,16,21,13,12,50,62,15,19,12,12,4,7,11,11,154,154,14,18,6,4,5,9,9,9,4-2-3-1,6.56,5-4-1,6.82,8.88,9.64,,,3.0,29.5,13.75,13.125,14.5,12.5
78,Леверкузен,Бремен,Мартин Петерсен,1.65,4.333333333333334,4.5,27,1,1,2007,348,1659,62,38,14,13,2,1,512,333,59,40,53,9,20,10,55,48,13,14,15,17,10,1,14,14,150,132,24,11,4,3,17,4,7,7,3-4-1-2,6.88,4-3-1-2,6.82,5.0,17.41,,,5.0,31.5,9.75,10.5,11.75,10.875
79,Вольфсбург,Аугсбург,Тобиас Стилер,1.5699999999999998,4.333333333333334,5.5,28,0,0,1253,627,626,56,44,14,14,0,0,438,340,70,77,25,14,12,13,58,56,24,20,17,20,5,3,6,17,171,159,14,10,3,5,9,5,5,5,3-4-2-1,6.9,4-4-2,6.56,7.13,10.65,,,2.25,23.5,13.5,13.5,10.75,11.875
80,Мгладбах,Э. Франкфурт,Даниэль Шлагер,2.05,3.75,3.3,28,2,0,1134,1162,-28,48,52,13,15,1,1,418,422,57,78,15,35,17,12,62,60,24,19,19,22,5,6,14,14,167,172,13,15,7,3,11,12,2,3,4-3-3,7.0,3-1-4-2,6.95,12.35,8.34,,,2.5,22.5,13.0,14.625,12.0,13.75
81,Хоффенхайм,Падерборн,Роберт Шредер,1.4,4.5,7.0,19,3,0,1166,530,636,63,37,7,12,0,1,779,441,42,31,14,12,11,17,39,35,5,2,17,20,4,4,9,6,88,96,12,9,7,2,9,4,3,5,3-1-4-2,6.8,4-1-4-1,6.61,19.94,45.5,,,3.333333333333333,27.666666666666668,12.0,12.22222222222222,12.5,14.22222222222222
82,Леверкузен,Мгладбах,Дэниел Зиберт,1.8,4.0,4.0,22,1,2,2277,419,1858,61,39,13,9,2,1,552,370,56,63,42,9,41,17,81,63,24,17,23,25,13,0,15,15,174,149,25,10,7,6,17,7,8,3,4-2-3-1,6.89,3-5-2,6.99,7.56,16.17,,,4.25,22.0,10.6,10.88888888888889,16.25,14.444444444444445
83,Дортмунд,Вольфсбург,Тобиас Вельц,1.5,4.5,5.5,31,0,0,1886,450,1436,64,36,12,19,1,3,641,342,56,59,17,11,21,18,52,53,8,14,15,19,7,2,5,20,153,132,17,12,8,3,11,8,6,4,4-2-3-1,7.04,3-4-2-1,6.9,10.0,10.81,,,6.333333333333333,32.333333333333336,9.5,8.777777777777779,13.5,13.555555555555555
84,Э. Франкфурт,Бавария М.,Маркус Шмидт,6.5,5.5,1.4,21,2,1,1328,466,862,39,61,14,7,1,2,391,593,63,58,15,10,8,26,47,53,18,10,17,11,3,0,18,12,124,128,17,8,11,3,12,6,5,2,3-1-4-2,6.93,4-2-3-1,7.15,9.95,15.0,,,4.25,26.75,14.8,13.88888888888889,6.75,9.22222222222222
85,РБ Лейпциг,Майнц 05,Гвидо Винкманн,1.33,5.75,8.5,18,5,0,2147,321,1826,67,33,11,7,0,1,730,349,39,45,21,9,18,16,34,45,6,11,11,14,3,4,11,13,129,134,18,9,12,2,13,5,5,4,4-4-2,7.0,4-3-1-2,6.73,8.15,23.63,,,2.0,21.33333333333333,12.0,12.333333333333334,15.8,15.444444444444445
86,Бремен,Фрайбург,Кристиан Дингерт,1.8,4.0,3.8,28,1,1,1277,910,367,46,54,18,10,3,4,437,511,59,52,12,18,10,15,54,61,23,18,18,18,5,0,13,14,133,129,21,13,10,3,12,7,9,6,4-3-3,6.82,4-4-2,6.9,15.2,11.25,,,3.333333333333333,24.0,10.0,11.11111111111111,9.0,8.88888888888889
87,Юнион Берлин,Герта,Дениз Айтекин,2.45,3.3,2.87,24,0,0,1536,600,936,54,46,14,10,1,1,448,375,83,76,19,18,11,17,51,62,22,25,13,10,1,4,8,13,160,154,14,7,6,3,5,3,9,4,3-4-3,6.73,4-2-3-1,6.87,8.5,27.22,,,3.0,28.666666666666668,16.6,16.0,12.8,14.0
88,Фортуна,Кельн,Свен Яблонски,2.9,3.4,2.4,31,1,0,947,741,206,39,61,11,20,1,3,301,476,65,48,20,20,12,18,71,60,23,29,21,11,3,4,16,11,145,151,9,8,3,1,5,5,4,3,4-4-1-1,6.79,4-2-3-1,6.7,8.87,6.65,,,4.0,29.33333333333333,10.5,12.88888888888889,15.8,14.555555555555555
89,Аугсбург,Шальке 04,Патрик Иттрих,4.5,3.75,1.75,24,1,1,797,1174,-377,32,68,13,11,3,5,263,544,56,70,10,19,20,14,48,51,11,17,17,13,1,6,8,8,143,151,12,10,4,3,6,6,6,4,4-2-3-1,6.6,4-3-1-2,6.9,15.57,6.76,,,4.666666666666667,29.666666666666668,13.0,12.11111111111111,13.25,12.444444444444445
90,Кельн,Хоффенхайм,Роберт Кампка,2.2,3.6,3.0,35,1,0,615,1071,-456,44,56,21,14,4,3,390,477,46,63,19,20,14,20,67,60,20,14,27,18,5,7,7,14,134,146,11,15,3,5,6,6,5,9,3-4-1-2,6.68,3-1-4-2,6.84,8.8,10.0,,,3.0,23.0,13.0,15.1,12.4,11.7
91,Майнц 05,Юнион Берлин,Вред Осмерс,2.37,3.4,2.87,32,0,2,1412,862,550,55,45,16,16,1,4,463,392,63,89,24,10,19,14,73,80,30,42,14,17,3,2,12,14,181,164,16,14,5,4,8,7,8,7,4-3-1-2,6.65,3-4-1-2,6.75,6.31,10.08,,,4.25,20.75,15.0,14.6,15.25,15.8
92,Шальке 04,Фортуна,Роберт Хартманн,1.61,4.0,5.0,27,1,0,1144,766,378,57,43,10,17,2,4,437,317,56,56,8,19,19,6,62,49,29,17,6,18,2,4,14,8,156,143,12,9,5,5,8,8,4,1,4-2-3-1,6.88,5-3-2,6.82,10.2,10.19,,,3.0,23.0,11.8,12.3,14.8,12.7
93,Герта,РБ Лейпциг,Сёрен Аисты,4.333333333333334,4.2,1.7,24,1,2,213,1456,-1243,38,62,12,12,2,1,365,586,81,41,9,20,12,10,48,58,10,25,17,18,0,5,13,10,172,182,7,10,3,7,2,9,5,1,3-4-3,6.86,4-2-2-2,7.06,16.13,7.07,,,3.0,23.5,15.5,13.6,12.6,12.2
94,Падерборн,Аугсбург,Марко Фриц,2.5,3.75,2.6,27,0,1,1087,1223,-136,61,39,15,12,1,3,476,303,56,64,16,15,18,19,59,55,11,12,24,20,5,7,12,10,147,160,11,13,4,5,3,8,8,5,4-4-1-1,6.6,4-2-3-1,6.58,6.15,12.11,,,2.25,24.75,15.6,14.0,11.4,12.2
95,Бавария М.,Дортмунд,Феликс Цвайер,1.53,4.5,5.25,23,1,0,2168,165,2003,59,41,11,12,2,1,641,429,73,68,13,6,18,19,60,35,4,6,30,14,2,1,10,16,124,145,18,2,5,0,13,2,5,0,4-1-4-1,7.07,4-2-3-1,7.05,10.0,18.27,,,3.5,21.5,11.2,9.0,8.2,9.1
96,Мгладбах,Бремен,Тобиас Стилер,1.9,4.0,3.6,31,2,0,1574,1122,452,53,47,18,13,5,4,456,382,44,57,13,15,22,15,64,48,26,10,16,14,3,8,21,12,125,144,17,16,7,7,10,9,7,7,4-3-3,6.98,4-4-2,6.82,6.97,10.22,,,1.8,24.4,13.0,13.9,12.0,11.8
97,Вольфсбург,Леверкузен,Мануэль Грефе,3.1,3.6,2.15,20,0,1,1079,462,617,46,54,9,11,2,2,451,535,77,90,29,6,18,18,62,54,23,12,20,21,9,0,10,9,215,185,10,9,1,4,6,9,4,0,3-4-2-1,6.88,4-2-3-1,6.91,10.34,9.42,,,1.3333333333333333,21.33333333333333,13.6,14.1,11.25,11.1
98,Фрайбург,Э. Франкфурт,Феликс Брых,2.75,3.75,2.37,20,0,0,1129,1204,-75,51,49,7,13,1,2,389,374,68,69,27,17,11,12,41,59,14,29,10,14,8,10,13,7,137,149,13,17,7,6,9,8,4,9,4-4-2,6.91,3-4-1-2,6.95,10.44,19.0,,,3.4,20.4,8.8,9.0,12.75,13.9
99,Дортмунд,Падерборн,Кристиан Дингерт,1.14,9.0,15.0,16,0,3,2185,490,1695,67,33,9,7,3,1,723,355,38,45,32,9,29,29,60,55,9,12,26,23,10,2,18,16,166,142,17,9,7,4,14,8,3,1,4-2-3-1,6.96,4-2-3-1,6.62,6.0,31.86,,,4.25,25.0,10.0,9.363636363636363,12.4,14.090909090909092
100,Юнион Берлин,Мгладбах,Феликс Брых,3.4,3.8,2.0,19,1,0,536,1150,-614,37,63,12,7,1,1,368,612,92,81,16,26,9,16,63,65,33,32,19,11,2,6,12,11,170,198,11,13,6,2,8,7,3,6,3-4-1-2,6.77,4-2-3-1,7.0,15.4,10.87,,,3.333333333333333,20.33333333333333,16.166666666666668,15.818181818181818,14.8,14.272727272727272
101,Леверкузен,Фрайбург,Дениз Айтекин,1.44,4.75,6.5,24,1,1,2579,371,2208,71,29,10,14,0,3,685,276,55,69,40,8,17,8,65,41,29,14,10,13,13,3,7,12,168,133,27,8,9,2,16,5,11,3,4-2-3-1,6.92,3-4-1-2,6.93,6.85,19.7,,,2.75,27.5,11.0,11.090909090909092,9.2,8.818181818181818
102,Э. Франкфурт,Вольфсбург,Дэниел Зиберт,2.05,3.6,3.5,36,0,1,1997,432,1565,69,31,13,23,3,5,458,217,55,51,50,7,17,13,65,59,20,23,13,15,12,1,10,8,167,133,17,9,9,6,12,6,5,3,3-4-1-2,6.94,3-4-2-1,6.85,3.19,9.32,,,4.0,22.0,14.666666666666666,13.818181818181818,14.6,13.636363636363637
103,Фортуна,Бавария М.,Фрэнк Вилленборг,13.0,7.0,1.2,14,0,3,379,2276,-1897,29,71,8,6,1,1,268,692,59,51,22,25,13,23,41,47,8,8,18,18,8,6,10,8,138,123,13,17,1,5,6,13,7,4,4-2-3-1,6.81,4-1-4-1,7.11,32.38,5.57,,,4.5,25.25,10.6,13.090909090909092,6.8,9.181818181818182
104,Бремен,Шальке 04,Бенджамин Кортус,2.7,3.6,2.45,28,0,1,881,847,34,49,51,12,16,3,2,466,478,71,66,12,8,16,29,77,64,24,20,31,19,1,3,11,8,162,159,18,11,5,5,10,5,8,6,4-3-1-2,6.8,4-2-3-1,6.85,8.58,9.33,,,4.666666666666667,30.0,11.6,11.909090909090908,12.8,12.090909090909092
105,РБ Лейпциг,Кельн,Роберт Шредер,1.44,4.75,6.5,24,3,1,2816,268,2548,69,31,9,15,0,3,719,317,43,44,24,11,15,9,44,37,14,9,8,14,13,3,9,10,146,129,21,6,8,1,13,4,8,2,4-2-2-2,7.05,4-3-3,6.68,9.83,30.07,,,2.75,25.5,11.8,12.181818181818182,16.5,15.636363636363637
106,Аугсбург,Герта,Саша Стегеманн,2.45,3.6,2.62,28,2,0,1337,354,983,52,48,9,19,0,2,423,387,58,78,16,13,9,11,60,43,19,17,22,14,3,3,6,6,121,125,14,5,5,1,7,3,7,2,4-2-3-1,6.62,4-4-1-1,6.82,11.13,14.17,,,4.5,24.75,13.0,12.181818181818182,12.333333333333334,13.454545454545457
107,Хоффенхайм,Майнц 05,Бастиан Данкерт,1.66,4.0,4.75,26,0,1,2150,863,1287,63,37,12,14,1,3,534,306,53,48,31,16,16,14,53,52,15,12,15,20,14,3,9,10,147,133,20,12,8,5,12,11,8,1,3-4-3,6.85,3-4-1-2,6.66,9.12,11.41,,,5.0,32.666666666666664,11.0,11.909090909090908,14.333333333333334,14.727272727272728
108,Шальке 04,Юнион Берлин,Даниэль Шлагер,1.66,4.0,4.75,25,1,1,1259,886,373,55,45,12,13,1,4,483,387,66,62,17,15,23,12,68,65,31,26,12,23,7,4,15,16,181,146,17,17,8,7,12,12,5,5,4-2-3-1,6.86,3-4-3,6.8,11.15,12.39,,,2.333333333333333,24.33333333333333,11.5,12.416666666666666,15.4,15.5
109,Хоффенхайм,Фортуна,Мартин Петерсен,1.75,3.9,4.2,28,1,0,930,1153,-223,51,49,12,16,2,4,504,457,68,51,14,36,14,30,62,54,20,12,19,16,2,5,6,12,141,143,12,11,6,3,12,9,0,2,3-4-2-1,6.82,3-1-4-2,6.77,14.85,11.29,,,4.333333333333333,30.0,11.166666666666666,11.916666666666666,15.166666666666666,12.666666666666666
110,Кельн,Аугсбург,Тобиас Стилер,1.95,3.75,3.6,32,0,1,1116,1044,72,55,45,15,17,8,3,433,341,72,65,28,26,13,10,56,55,19,19,18,14,4,8,5,14,136,141,13,11,6,4,9,6,4,5,4-4-2,6.66,4-2-3-1,6.67,8.86,12.0,,,3.0,25.5,14.6,15.583333333333334,11.5,11.916666666666666
111,Герта,Дортмунд,Свен Яблонски,4.2,4.0,1.72,24,1,2,1020,836,184,48,52,14,10,3,2,500,543,67,69,14,9,12,20,62,47,21,14,23,9,2,2,8,12,139,146,13,7,3,5,9,5,4,2,3-4-1-2,6.76,3-4-2-1,6.97,8.97,15.95,,,4.0,29.75,14.8,13.916666666666666,8.833333333333334,9.333333333333334
112,Падерборн,РБ Лейпциг,Бибиана Штайнхаус,7.5,6.0,1.3,23,0,3,1090,1183,-93,51,49,10,13,3,3,490,463,47,53,18,16,29,26,59,68,16,17,14,22,6,6,14,8,171,139,8,18,4,6,6,14,2,4,4-2-2-2,6.63,4-2-2-2,7.06,9.19,8.3,,,3.0,20.0,15.5,13.5,12.5,11.916666666666666
113,Бавария М.,Леверкузен,Гвидо Винкманн,1.22,7.0,10.0,25,1,2,2618,363,2255,74,26,9,16,1,3,708,241,49,70,38,8,18,14,56,36,16,8,15,12,8,2,9,18,155,127,23,11,11,7,14,5,9,6,4-1-4-1,7.14,4-2-3-1,6.93,4.61,20.5,,,1.75,20.5,11.166666666666666,8.916666666666666,11.2,11.0
114,Мгладбах,Фрайбург,Феликс Цвайер,1.53,4.5,5.5,31,1,1,1433,668,765,50,50,15,16,3,2,443,427,55,58,12,20,12,12,52,41,16,11,14,12,2,3,9,16,125,130,23,12,13,4,18,8,5,4,4-2-3-1,6.97,3-4-1-2,6.93,15.65,14.17,,,3.4,21.8,13.833333333333334,13.666666666666666,10.0,9.25
115,Вольфсбург,Бремен,Роберт Кампка,2.0,3.75,3.3,31,1,2,1576,569,1007,60,40,15,16,1,4,472,317,64,63,31,15,14,12,68,76,31,38,17,21,9,3,5,12,180,170,20,10,6,3,13,7,7,3,3-4-2-1,6.86,4-3-3,6.79,5.58,12.29,,,4.333333333333333,27.0,12.833333333333334,14.416666666666666,12.166666666666666,11.916666666666666
116,Майнц 05,Э. Франкфурт,Мануэль Грефе,2.75,3.8,2.25,23,0,1,1700,904,796,54,46,13,10,1,2,455,380,69,56,30,26,21,16,52,58,14,19,15,16,8,6,8,11,169,163,18,14,8,4,7,10,11,4,3-4-1-2,6.7,3-1-4-2,6.93,6.3,11.78,,,2.0,21.0,15.2,14.666666666666666,12.8,13.75
117,Э. Франкфурт,Герта,Кристиан Дингерт,1.72,4.0,4.333333333333334,26,0,1,2656,255,2401,63,37,11,15,3,4,467,287,53,70,53,7,26,16,64,73,20,36,12,16,16,1,6,13,175,143,25,9,6,3,19,5,6,4,3-4-1-2,6.92,3-4-1-2,6.76,6.0,12.94,,,4.2,23.2,14.428571428571429,13.461538461538462,13.285714285714286,13.923076923076923
118,Дортмунд,Фортуна,Дэниел Зиберт,1.3,5.5,8.5,18,1,0,2913,10,2903,73,27,8,10,0,3,942,328,54,49,13,4,24,8,49,36,10,3,13,19,6,0,9,12,108,116,23,2,10,0,15,2,8,0,3-4-3,6.96,4-1-4-1,6.78,8.12,34.2,,,4.666666666666667,24.33333333333333,9.833333333333334,9.384615384615383,15.285714285714286,12.923076923076923
119,Мгладбах,Бавария М.,Марко Фриц,5.0,5.25,1.5,32,0,0,508,1465,-957,37,63,14,18,3,5,323,531,62,65,8,25,27,31,70,61,14,14,19,13,2,5,23,13,135,148,7,16,3,5,5,13,2,3,4-3-1-2,7.0,4-2-3-1,7.14,9.97,5.58,,,2.6,25.2,14.0,13.76923076923077,6.666666666666667,8.923076923076923
120,Аугсбург,Майнц 05,Маркус Шмидт,2.1,3.8,3.2,30,1,1,1633,685,948,50,50,15,15,2,2,351,350,66,83,27,10,16,8,52,51,26,12,4,21,8,2,11,9,170,152,18,12,5,3,13,3,5,9,4-2-3-1,6.68,3-4-1-2,6.73,9.85,6.96,,,4.0,25.6,12.333333333333334,12.307692307692308,14.285714285714286,14.538461538461538
121,РБ Лейпциг,Хоффенхайм,Дениз Айтекин,1.4,5.0,6.5,21,1,0,1428,923,505,41,59,16,5,3,1,417,619,60,69,25,15,27,16,58,55,21,15,15,15,8,6,11,15,134,163,25,11,14,1,19,10,6,1,4-4-2,7.06,4-2-3-1,6.82,10.58,9.88,,,2.8,26.8,11.333333333333334,12.0,12.666666666666666,11.923076923076923
122,Фрайбург,Вольфсбург,Бастиан Данкерт,3.25,3.5,2.15,35,0,0,734,954,-220,49,51,14,21,0,2,378,376,80,74,25,30,15,14,60,56,21,21,11,16,2,7,5,5,165,171,10,10,3,0,4,8,6,2,3-4-2-1,6.91,3-4-2-1,6.85,8.86,7.21,,,4.75,31.0,8.5,9.76923076923077,16.0,14.461538461538462
123,Леверкузен,Шальке 04,Вред Осмерс,2.0,3.8,3.3,26,1,0,1802,464,1338,56,44,13,13,2,2,478,385,74,76,20,5,19,33,73,74,24,18,29,25,9,0,11,12,189,188,19,5,9,3,14,4,5,1,4-2-3-1,6.93,4-1-3-2,6.87,5.85,7.75,,,4.4,23.0,10.857142857142858,11.384615384615383,13.333333333333334,12.384615384615383
124,Юнион Берлин,Кельн,Патрик Иттрих,2.1,3.5,3.4,40,1,0,1147,941,206,55,45,21,19,1,3,437,353,86,89,20,16,20,11,89,75,47,28,18,22,3,5,14,17,169,178,12,14,5,4,9,9,3,5,3-4-3,6.8,4-4-1-1,6.67,4.8,7.43,,,5.5,28.25,15.571428571428571,15.307692307692308,16.285714285714285,15.538461538461538
125,Бремен,Падерборн,Саша Стегеманн,1.5,5.0,5.5,23,0,0,1693,755,938,54,46,10,13,1,4,478,410,46,63,31,19,29,22,55,63,14,14,18,27,13,6,13,13,176,150,12,16,3,5,8,9,4,7,4-3-3,6.8,4-4-2,6.62,9.11,8.93,,,4.0,25.4,11.666666666666666,12.23076923076923,11.5,13.23076923076923
126,Хоффенхайм,Аугсбург,Бибиана Штайнхаус,1.9,3.8,3.75,17,1,1,2338,237,2101,76,24,10,7,1,0,658,212,55,59,37,5,19,11,44,48,11,21,11,11,11,1,5,14,141,116,19,6,8,4,12,5,7,1,4-2-3-1,6.81,4-4-2,6.69,5.87,31.43,,,6.0,23.0,11.285714285714286,11.428571428571429,12.285714285714286,12.5
127,Кельн,Леверкузен,Мануэль Грефе,4.0,3.75,1.9,26,0,0,759,940,-181,38,62,14,12,2,2,380,610,69,47,12,7,17,21,49,55,11,14,22,19,3,4,25,8,155,151,13,6,5,2,9,2,4,4,4-1-4-1,6.67,4-2-3-1,6.93,11.66,8.23,,,2.2,21.4,14.666666666666666,15.785714285714286,12.0,11.5
128,Майнц 05,Дортмунд,Бенджамин Кортус,6.0,4.75,1.5,19,0,1,408,1678,-1270,37,63,9,10,1,0,389,650,56,67,13,18,17,23,46,49,7,11,19,13,3,5,10,10,139,136,9,18,0,7,3,13,6,5,3-4-1-2,6.72,3-4-3,7.02,15.33,8.7,,,4.75,29.5,14.833333333333334,14.571428571428571,9.0,9.285714285714286
129,Бавария М.,Бремен,Роберт Шредер,1.12,10.0,17.0,28,2,1,3367,254,3113,73,27,15,13,2,2,738,272,49,62,31,7,24,15,42,54,4,11,13,20,8,2,6,19,137,116,28,10,14,2,16,9,12,1,4-2-3-1,7.09,3-1-4-2,6.81,4.84,33.08,,,2.8,25.2,10.857142857142858,9.571428571428571,12.714285714285714,12.071428571428571
130,Герта,Фрайбург,Фрэнк Вилленборг,1.85,3.5,4.2,17,0,0,587,1635,-1048,38,62,11,6,2,0,359,566,57,61,9,28,5,8,41,40,22,18,12,11,4,7,13,9,127,151,16,15,4,3,5,10,11,5,4-4-2,6.77,3-4-2-1,6.92,22.93,18.64,,,4.0,23.0,14.666666666666666,14.0,10.857142857142858,10.071428571428571
131,Падерборн,Юнион Берлин,Свен Яблонски,2.87,3.75,2.3,35,1,1,759,1124,-365,56,44,19,16,2,4,442,322,51,82,10,23,20,18,63,77,21,27,17,22,2,3,13,10,173,168,13,16,3,2,8,11,5,5,4-4-2,6.66,3-4-2-1,6.84,4.68,9.67,,,4.2,28.6,14.714285714285714,13.214285714285714,15.0,15.714285714285714
132,Фортуна,РБ Лейпциг,Роберт Хартманн,6.5,5.0,1.4,22,0,1,167,2369,-2202,30,70,12,10,2,1,298,689,68,26,11,30,16,13,44,45,8,16,21,13,3,9,6,7,110,107,4,22,1,7,1,18,3,4,5-4-1,6.74,4-4-2,7.06,65.86,9.37,,,3.75,24.0,10.166666666666666,12.714285714285714,12.571428571428571,12.285714285714286
133,Вольфсбург,Мгладбах,Феликс Брых,2.62,3.5,2.6,35,1,1,1374,541,833,49,51,20,15,3,3,436,459,71,64,20,15,22,28,76,57,22,11,22,12,5,2,13,12,137,142,18,6,7,6,13,4,5,2,4-1-4-1,6.83,4-2-3-1,7.0,7.59,14.72,,,3.142857142857143,20.142857142857142,13.142857142857142,14.928571428571429,13.5,13.785714285714286
134,Шальке 04,Э. Франкфурт,Феликс Цвайер,1.9,3.8,3.8,27,0,0,1033,1150,-117,49,51,15,12,1,4,390,379,59,61,12,30,24,9,60,80,21,31,11,28,7,6,7,7,146,144,11,18,5,3,6,10,5,8,4-2-3-1,6.86,3-4-1-2,6.93,9.95,12.63,,,3.6666666666666665,23.33333333333333,11.571428571428571,12.428571428571429,12.333333333333334,13.285714285714286
135,Бремен,Майнц 05,Фрэнк Вилленборг,1.66,4.333333333333334,4.5,27,0,4,1273,857,416,60,40,14,13,2,2,518,337,48,58,33,21,4,21,41,64,13,22,12,12,8,5,7,10,141,126,14,17,5,8,8,11,6,6,4-3-3,6.79,4-2-3-1,6.71,6.46,18.24,,,3.6666666666666665,22.0,11.428571428571429,12.133333333333333,14.375,14.2
136,Юнион Берлин,Хоффенхайм,Сёрен Аисты,2.3,3.6,2.87,31,0,0,1608,589,1019,49,51,17,14,2,6,375,399,77,78,25,9,11,10,63,67,32,38,12,9,6,1,12,11,173,172,16,7,2,4,9,3,7,4,3-4-1-2,6.85,4-2-3-1,6.81,8.57,14.0,,,3.0,23.666666666666668,16.25,15.733333333333333,11.571428571428571,11.333333333333334
137,Дортмунд,РБ Лейпциг,Тобиас Стилер,2.15,3.9,3.0,14,2,0,1452,1032,420,56,44,9,5,0,0,636,509,55,49,22,8,38,17,57,56,11,9,19,29,12,3,18,18,161,173,14,12,6,8,12,8,2,4,3-4-3,7.04,4-3-1-2,7.07,10.88,15.11,,,4.142857142857143,26.428571428571427,9.571428571428571,9.333333333333334,12.25,12.133333333333333
138,Аугсбург,Фортуна,Марко Фриц,1.85,3.8,4.0,25,1,0,1182,464,718,46,54,11,14,3,4,334,397,63,77,21,11,10,12,52,51,22,23,12,10,4,2,15,15,163,149,12,6,7,2,7,3,5,3,4-2-3-1,6.71,4-2-3-1,6.72,11.71,10.87,,,3.5,26.33333333333333,12.714285714285714,12.133333333333333,14.625,12.666666666666666
139,Леверкузен,Герта,Бастиан Данкерт,1.5,4.5,6.0,28,0,0,2024,402,1622,71,29,12,16,2,3,681,276,49,59,26,8,19,23,65,57,17,18,20,13,5,4,3,11,152,141,16,10,7,5,11,8,5,2,4-1-4-1,6.9,4-1-4-1,6.79,5.75,16.92,,,4.2,31.8,11.125,11.533333333333331,13.5,13.8
140,Мгладбах,Падерборн,Роберт Кампка,1.36,5.75,6.5,21,0,0,1649,455,1194,59,41,6,15,2,3,541,374,47,54,21,13,29,20,73,64,17,17,27,28,8,4,13,16,155,147,17,12,6,2,15,8,2,4,4-3-1-2,6.98,4-4-2,6.67,6.7,8.61,,,4.5,28.0,14.0,13.866666666666667,11.714285714285714,13.6
141,Э. Франкфурт,Кельн,Дениз Айтекин,1.9,3.8,3.8,22,2,1,1177,1477,-300,43,57,12,10,2,4,342,441,73,70,26,31,20,18,58,69,26,27,11,20,7,10,13,20,181,165,17,21,6,9,11,9,6,12,3-4-1-2,6.93,4-2-3-1,6.7,12.83,6.96,,,3.0,25.83333333333333,14.0,13.2,16.625,15.666666666666666
142,Фрайбург,Бавария М.,Саша Стегеманн,12.0,7.5,1.18,14,0,1,858,2215,-1357,35,65,6,8,0,3,331,602,72,61,16,40,16,18,53,53,19,23,17,14,6,8,17,9,154,180,15,22,5,10,12,14,3,8,4-4-2,6.91,4-3-3,7.11,23.93,5.92,,,4.166666666666667,25.0,9.285714285714286,9.8,8.285714285714286,9.933333333333334
143,Вольфсбург,Шальке 04,Мартин Петерсен,2.0,3.6,3.5,25,0,0,1877,782,1095,53,47,14,11,1,1,399,354,65,84,32,13,26,12,75,64,30,22,16,23,12,5,17,9,151,147,29,8,11,2,20,6,9,2,4-1-4-1,6.84,4-3-1-2,6.87,8.08,6.42,,,4.75,29.5,14.0,15.266666666666667,13.285714285714286,12.6
144,Хоффенхайм,Дортмунд,Феликс Цвайер,4.333333333333334,4.5,1.66,20,0,1,570,1011,-441,48,52,8,12,0,1,552,587,68,60,12,19,10,20,49,35,14,11,17,9,0,8,13,7,131,136,11,12,3,5,7,10,4,2,4-3-3,6.81,3-4-3,7.04,12.24,19.05,,,3.857142857142857,23.857142857142858,11.125,11.5,9.125,9.3125
145,Кельн,Бремен,Даниэль Шлагер,1.9,3.8,3.8,31,1,0,1237,892,345,53,47,11,20,1,4,476,401,57,73,16,20,20,18,77,57,25,19,22,17,1,7,18,17,166,168,7,6,1,1,3,2,4,4,4-1-4-1,6.73,3-4-3,6.77,6.93,7.97,,,3.0,24.5,14.571428571428571,15.3125,12.75,12.25
146,Майнц 05,Леверкузен,Патрик Иттрих,3.6,4.0,1.9,18,0,0,929,1142,-213,39,61,9,9,0,2,317,503,60,51,16,22,18,16,51,49,16,15,19,18,6,6,15,13,164,168,20,14,2,4,11,7,9,7,4-2-3-1,6.76,4-1-4-1,6.91,14.52,5.53,,,5.2,30.6,14.0,14.125,12.0,11.5625
147,Бавария М.,Вольфсбург,Кристиан Дингерт,1.18,7.5,13.0,16,0,0,2199,355,1844,68,32,7,9,2,2,577,275,50,63,41,11,22,13,54,47,20,15,13,15,12,6,6,11,155,146,18,10,8,3,11,4,7,6,4-3-3,7.12,4-3-3,6.86,7.75,19.83,,,4.666666666666667,23.666666666666668,11.375,9.8125,16.714285714285715,15.1875
148,Шальке 04,Фрайбург,Феликс Брых,1.85,3.8,4.0,22,1,0,1642,1094,548,58,42,10,12,1,1,458,316,63,62,16,17,21,11,62,53,18,26,13,14,7,5,7,13,139,120,20,19,6,7,5,12,15,7,4-2-3-1,6.87,4-2-2-2,6.91,8.58,12.5,,,3.5,22.0,12.0,12.5,10.25,9.5625
149,РБ Лейпциг,Аугсбург,Дэниел Зиберт,1.25,6.5,10.0,18,0,1,2816,170,2646,74,26,8,10,1,3,608,206,59,61,33,10,43,16,70,56,21,12,17,28,11,4,14,15,166,140,22,6,7,2,18,4,4,2,4-2-2-2,7.05,4-2-2-2,6.74,4.32,11.17,,,4.428571428571429,23.428571428571427,12.0,11.6875,11.625,12.0625
150,Герта,Мгладбах,Вред Осмерс,2.8,3.6,2.37,23,0,0,302,1210,-908,40,60,12,11,2,2,356,518,74,38,11,20,11,12,50,45,19,20,14,10,1,7,14,8,146,143,7,11,0,5,4,9,3,2,4-1-4-1,6.8,4-3-1-2,6.99,19.06,10.0,,,4.333333333333333,23.5,14.142857142857142,13.9375,13.714285714285714,13.375
151,Фортуна,Юнион Берлин,Бенджамин Кортус,3.0,3.4,2.3,32,1,0,1521,901,620,47,53,12,20,2,4,406,453,69,57,31,32,26,11,70,65,30,27,12,21,7,5,8,11,159,143,22,17,8,6,11,10,11,7,4-3-3,6.7,3-4-2-1,6.83,16.56,10.09,,,4.0,27.4,10.428571428571429,12.75,15.142857142857142,15.8125
152,Падерборн,Э. Франкфурт,Маркус Шмидт,3.1,4.0,2.0,22,2,0,760,1146,-386,50,50,11,11,3,2,402,375,59,62,13,26,23,24,65,53,21,19,15,12,3,8,3,17,156,162,19,20,5,5,11,12,8,8,4-4-2,6.67,4-4-1-1,6.92,19.2,8.52,,,4.0,26.33333333333333,15.25,13.6875,12.285714285714286,13.125
153,Шальке 04,Мгладбах,Дениз Айтекин,2.6,3.6,2.55,33,0,0,1569,877,692,45,55,15,18,3,4,352,429,63,53,20,22,31,28,82,66,28,16,20,21,8,8,13,10,163,154,15,14,7,5,13,5,2,9,4-3-1-2,6.87,4-2-3-1,6.99,6.59,5.76,,,3.4285714285714284,25.285714285714285,11.77777777777778,12.352941176470589,13.375,13.235294117647058
154,Хоффенхайм,Э. Франкфурт,Саша Стегеманн,2.3,3.8,2.8,23,0,1,1626,623,1003,64,36,10,13,2,2,612,329,63,66,29,20,16,14,49,70,18,24,9,26,8,6,10,14,164,139,12,13,5,3,8,8,4,5,4-3-3,6.82,4-4-1-1,6.91,7.9,13.3,,,4.0,23.428571428571427,10.77777777777778,11.294117647058824,12.125,13.0
155,Кельн,Вольфсбург,Марко Фриц,3.1,3.4,2.25,29,2,0,1126,1497,-371,48,52,11,18,3,3,360,383,77,50,18,22,10,36,80,79,27,28,29,20,8,5,14,15,169,171,12,18,7,8,10,9,2,9,4-2-3-1,6.75,4-3-3,6.85,8.21,5.56,,,4.0,26.142857142857142,14.125,15.058823529411764,15.75,14.823529411764708
156,Майнц 05,Фрайбург,Свен Яблонски,2.15,3.7,3.1,25,0,2,1867,629,1238,58,42,15,10,4,2,458,331,56,69,28,16,21,12,65,60,26,27,14,13,7,5,8,15,165,159,24,13,8,5,14,10,10,3,4-2-3-1,6.76,3-4-3,6.91,7.83,10.82,,,4.5,29.666666666666668,13.375,13.823529411764708,10.444444444444445,9.705882352941176
157,Аугсбург,Дортмунд,Мануэль Грефе,5.5,4.75,1.5,10,1,0,625,1662,-1037,29,71,5,5,0,1,320,781,59,57,6,12,11,18,28,41,3,10,16,14,2,6,11,12,143,151,13,17,5,8,4,10,9,7,4-2-3-1,6.72,3-4-3,7.02,24.64,9.1,,,2.5,22.166666666666668,12.5,11.941176470588236,9.444444444444445,9.470588235294118
158,Фортуна,Бремен,Феликс Брых,2.62,3.5,2.6,29,0,0,1322,1103,219,48,52,17,12,4,5,412,453,67,64,31,20,7,18,55,70,23,27,14,15,6,4,20,16,176,177,18,13,2,4,10,5,8,8,4-2-3-1,6.73,3-4-3,6.76,7.29,9.57,,,3.333333333333333,22.0,10.625,12.705882352941176,13.555555555555555,12.705882352941176
159,РБ Лейпциг,Юнион Берлин,Бастиан Данкерт,1.25,6.5,10.0,26,0,1,1681,532,1149,65,35,6,20,1,3,627,311,53,64,17,17,22,17,71,63,21,33,18,15,4,4,3,13,166,163,19,14,8,4,12,10,7,4,4-2-3-1,7.05,3-4-2-1,6.84,8.82,13.81,,,4.333333333333333,31.166666666666668,11.5,11.470588235294118,15.75,16.058823529411764
160,Герта,Бавария М.,Тобиас Стилер,10.0,6.5,1.25,22,0,0,173,2766,-2593,32,68,7,15,3,1,344,689,63,53,6,38,23,19,62,64,22,19,12,23,0,4,10,12,148,145,7,20,1,11,5,16,2,4,4-1-4-1,6.82,4-2-3-1,7.13,25.53,4.54,,,3.625,24.875,13.875,13.823529411764708,8.25,9.647058823529411
161,Падерборн,Леверкузен,Дэниел Зиберт,4.75,4.5,1.61,20,0,3,774,1301,-527,36,64,8,12,3,1,365,658,45,65,15,20,25,39,60,72,10,14,24,23,6,4,5,11,156,146,13,12,7,6,7,10,6,2,4-2-2-2,6.69,4-2-3-1,6.92,12.86,8.0,,,4.375,22.75,14.77777777777778,13.529411764705882,11.625,11.411764705882351
162,Дортмунд,Кельн,Вред Осмерс,1.28,6.0,8.5,13,2,0,1369,586,783,60,40,6,7,1,1,698,455,54,54,6,15,24,12,52,35,11,9,17,12,1,3,8,12,123,117,14,11,9,5,12,6,2,5,3-4-3,7.03,4-2-3-1,6.77,19.75,21.95,,,4.285714285714286,23.428571428571427,9.5,9.22222222222222,15.88888888888889,14.833333333333334
163,Юнион Берлин,Аугсбург,Бибиана Штайнхаус,2.15,3.6,3.3,27,0,0,806,1508,-702,46,54,18,9,4,1,364,419,85,76,13,22,12,15,65,62,35,27,15,11,4,5,12,8,168,182,12,24,3,7,7,14,5,10,3-4-1-2,6.83,4-2-3-1,6.71,10.36,10.69,,,3.5,20.0,16.333333333333332,16.27777777777778,11.444444444444445,11.555555555555555
164,Мгладбах,Майнц 05,Феликс Цвайер,1.5699999999999998,4.5,5.0,21,1,1,1957,601,1356,71,29,7,14,1,3,625,241,57,60,25,18,25,18,61,62,15,20,15,24,6,3,7,19,177,142,15,13,5,9,11,9,4,4,4-2-3-1,6.97,4-2-3-1,6.77,5.67,15.17,,,3.5,23.375,13.11111111111111,13.5,14.22222222222222,13.88888888888889
165,Э. Франкфурт,РБ Лейпциг,Дэниел Зиберт,4.333333333333334,4.5,1.65,17,0,0,472,1874,-1402,33,67,7,10,1,2,280,570,86,65,13,20,6,21,56,57,18,24,24,10,4,6,23,7,143,172,7,23,5,4,6,12,1,11,4-4-1-1,6.92,3-4-2-1,7.06,11.57,10.29,,,4.333333333333333,22.444444444444443,13.77777777777778,13.0,11.444444444444445,11.166666666666666
166,Фрайбург,Падерборн,Кристиан Дингерт,1.65,4.333333333333334,4.333333333333334,18,0,0,1611,815,796,64,36,11,7,4,3,548,302,86,61,34,15,22,20,60,73,26,28,17,24,6,6,10,10,155,145,19,17,5,3,15,10,4,7,3-4-2-1,6.92,4-1-4-1,6.68,6.0,14.33,,,4.571428571428571,22.571428571428573,8.875,9.72222222222222,12.125,13.22222222222222
167,Вольфсбург,Герта,Маркус Шмидт,1.72,3.75,4.75,16,0,0,1814,611,1203,59,41,8,8,0,1,546,381,65,72,33,13,16,20,47,64,12,24,19,22,9,4,7,14,176,169,20,9,7,4,9,5,11,4,4-3-3,6.85,4-1-4-1,6.78,7.88,22.85,,,4.142857142857143,25.714285714285715,14.0,15.0,13.77777777777778,13.444444444444445
168,Бавария М.,Шальке 04,Мануэль Грефе,1.14,8.0,15.0,8,2,0,3194,153,3041,75,25,3,5,0,0,822,271,56,57,39,3,25,17,47,38,9,9,18,18,9,2,7,13,138,117,24,7,14,1,16,5,8,2,4-2-3-1,7.15,4-3-1-2,6.9,8.43,35.62,,,2.2857142857142856,20.428571428571427,10.88888888888889,9.944444444444445,13.0,12.5
169,Бремен,Хоффенхайм,Мартин Петерсен,2.4,3.75,2.7,31,0,0,1110,789,321,53,47,16,15,2,2,490,440,67,73,34,14,17,15,51,62,17,16,11,21,7,4,11,12,169,136,16,11,3,5,6,8,10,3,3-1-4-2,6.78,5-3-2,6.82,8.52,12.05,,,4.2,28.6,11.75,12.666666666666666,11.875,11.22222222222222
170,Леверкузен,Фортуна,Даниэль Шлагер,1.33,5.5,8.0,21,1,0,2012,721,1291,66,34,10,11,0,3,593,285,60,72,26,23,32,10,61,52,19,13,8,21,8,5,11,18,144,134,27,12,11,3,22,8,5,4,4-2-3-1,6.94,4-1-4-1,6.73,6.59,14.5,,,3.4,25.8,11.22222222222222,11.444444444444445,14.555555555555555,12.944444444444445
171,Герта,Шальке 04,Саша Стегеманн,2.8,3.4,2.45,18,0,0,448,1289,-841,42,58,9,9,1,1,360,520,74,80,18,14,23,23,60,58,17,21,22,15,3,7,14,12,179,161,9,13,0,5,7,6,2,7,4-1-4-1,6.8,4-3-1-2,6.87,17.21,7.12,,,4.0,23.375,13.11111111111111,13.157894736842104,12.11111111111111,12.105263157894736
172,Хоффенхайм,Леверкузен,Дениз Айтекин,3.0,4.2,2.05,18,1,1,563,1681,-1118,35,65,8,10,3,3,293,548,67,63,15,28,21,23,55,64,16,20,20,19,4,10,15,5,152,160,14,22,6,11,9,15,5,7,3-4-2-1,6.84,4-2-3-1,6.96,11.44,5.28,,,3.875,26.25,10.7,11.421052631578949,11.666666666666666,11.36842105263158
173,Майнц 05,Бавария М.,Бастиан Данкерт,15.0,9.0,1.14,24,1,3,451,1601,-1150,31,69,14,10,3,1,297,696,64,75,24,19,11,18,44,62,11,24,19,14,6,4,6,11,156,159,8,13,3,5,4,9,4,4,4-2-3-1,6.77,4-2-3-1,7.18,19.13,6.86,,,4.285714285714286,30.428571428571427,13.555555555555555,13.894736842105264,9.0,9.578947368421051
174,Дортмунд,Юнион Берлин,Бенджамин Кортус,1.22,6.5,11.0,15,2,0,1639,398,1241,66,34,7,8,0,1,712,357,48,34,11,14,24,12,39,42,6,8,11,18,5,3,10,11,120,129,13,5,7,0,8,2,5,3,3-4-2-1,7.05,3-4-2-1,6.84,14.63,19.61,,,4.333333333333333,28.166666666666668,9.11111111111111,9.052631578947368,16.22222222222222,16.36842105263158
175,Аугсбург,Бремен,Марко Фриц,2.15,3.8,3.1,27,0,1,1363,486,877,50,50,8,19,2,5,387,379,54,64,23,17,14,8,66,32,27,13,12,9,5,3,17,17,142,161,15,7,4,1,10,4,5,3,4-2-2-2,6.71,3-4-3,6.77,11.84,11.42,,,4.25,26.5,11.666666666666666,11.421052631578949,13.4,12.842105263157896
176,Фортуна,Э. Франкфурт,Фрэнк Вилленборг,3.4,3.8,2.0,20,0,0,999,489,510,53,47,8,12,2,1,466,406,73,61,25,17,12,9,45,42,20,13,8,16,4,4,12,6,157,146,8,6,1,4,3,6,5,0,3-5-2,6.73,4-2-3-1,6.94,13.16,15.11,,,3.7142857142857135,22.714285714285715,11.333333333333334,12.842105263157896,12.22222222222222,12.68421052631579
177,РБ Лейпциг,Мгладбах,Тобиас Стилер,1.53,4.75,5.25,28,0,2,1754,651,1103,63,37,13,15,1,5,597,345,47,55,28,12,15,20,48,47,13,11,12,10,4,4,12,17,149,144,19,7,8,4,10,7,9,0,4-2-3-1,7.04,3-4-1-2,6.98,8.17,16.14,,,3.6666666666666665,24.55555555555556,10.88888888888889,11.105263157894736,13.88888888888889,13.157894736842104
178,Кельн,Фрайбург,Роберт Кампка,1.9,3.6,3.75,25,1,0,1641,787,854,45,55,14,11,3,1,337,430,59,56,31,18,10,7,59,52,33,22,9,12,10,6,12,3,141,142,24,9,9,2,15,6,9,3,4-2-3-1,6.75,3-4-3,6.92,9.37,13.77,,,4.6,26.6,13.77777777777778,14.421052631578949,10.4,9.789473684210526
179,Падерборн,Вольфсбург,Патрик Иттрих,3.6,4.0,1.9,33,1,2,736,1387,-651,46,54,15,18,3,3,358,406,60,71,14,22,19,17,57,58,15,16,16,16,3,7,13,8,154,155,10,9,7,5,6,8,4,1,4-3-3,6.7,4-3-3,6.84,8.22,6.48,,,4.666666666666667,28.5,14.1,12.894736842105264,16.0,14.63157894736842
180,Э. Франкфурт,Аугсбург,Мануэль Грефе,1.9,3.8,3.6,14,1,0,1311,597,714,59,41,8,6,1,0,540,366,80,65,23,14,14,19,62,37,20,10,30,10,1,4,5,21,164,182,13,8,9,5,9,4,4,4,4-4-1-1,6.93,4-2-2-2,6.72,8.04,19.71,,,2.0,18.875,13.1,12.65,11.2,11.25
181,Шальке 04,Падерборн,Феликс Брых,1.6,4.5,4.75,14,0,0,1410,1128,282,66,34,6,8,2,3,530,244,50,49,13,30,29,20,64,60,26,13,17,28,11,10,13,9,144,152,15,15,4,4,10,8,5,7,4-3-1-2,6.87,4-3-3,6.69,4.29,14.77,,,3.9,22.7,12.1,11.95,11.555555555555555,13.0
182,Герта,Майнц 05,Мартин Петерсен,1.95,3.6,3.6,30,0,1,1401,554,847,68,32,14,16,4,1,653,300,79,46,30,19,20,13,66,60,13,18,22,19,10,1,13,7,151,135,13,11,3,3,9,7,4,4,3-5-2,6.81,3-4-3,6.75,5.48,16.81,,,4.166666666666667,29.0,12.7,12.95,14.2,13.9
183,Фрайбург,Хоффенхайм,Свен Яблонски,2.62,3.6,2.5,26,1,0,1025,1533,-508,49,51,10,16,3,3,455,439,53,37,21,37,13,8,49,41,15,17,12,11,5,10,14,11,131,138,12,20,6,6,10,12,2,8,4-2-2-2,6.9,5-3-2,6.85,15.19,14.72,,,4.714285714285714,29.0,9.11111111111111,9.85,12.22222222222222,11.25
184,Вольфсбург,Фортуна,Тобиас Стилер,1.53,4.2,6.0,25,0,1,1033,789,244,48,52,11,14,0,1,452,482,74,79,20,21,8,12,51,44,25,16,7,9,3,5,9,9,153,152,12,10,5,2,8,7,4,3,4-3-2-1,6.85,3-1-4-2,6.73,18.19,11.45,,,3.9,24.9,13.4,14.8,14.2,12.6
185,Бремен,Юнион Берлин,Даниэль Шлагер,2.15,3.4,3.3,25,0,0,1089,673,416,69,31,8,17,4,3,683,284,49,61,21,20,22,9,48,72,13,32,10,28,5,5,10,16,160,138,14,11,3,5,9,9,5,2,3-4-3,6.75,3-4-2-1,6.81,7.39,13.47,,,3.333333333333333,25.0,12.22222222222222,13.15,15.4,15.95
186,Леверкузен,Дортмунд,Маркус Шмидт,3.6,4.5,1.8,20,2,2,882,938,-56,51,49,9,11,2,1,526,491,64,64,15,18,14,14,53,51,13,15,26,19,3,7,15,13,151,149,8,12,5,6,7,10,1,2,3-4-2-1,6.97,4-2-3-1,7.06,10.0,10.91,,,3.75,24.5,11.1,11.3,9.0,8.95
187,Бавария М.,РБ Лейпциг,Марко Фриц,1.4,5.5,5.75,22,0,0,1647,309,1338,69,31,8,14,2,2,734,316,87,65,30,14,34,14,65,62,19,18,14,27,11,3,6,19,180,157,11,9,3,1,9,8,2,1,4-2-3-1,7.18,3-4-3,7.03,8.15,16.19,,,4.555555555555555,26.55555555555556,10.1,9.6,11.3,11.2
188,Мгладбах,Кельн,Дениз Айтекин,1.85,3.9,3.9,28,1,0,1211,1154,57,53,47,13,15,1,2,540,459,55,72,21,31,20,10,63,52,28,23,10,12,6,3,14,22,153,146,12,15,5,3,8,11,4,4,4-2-3-1,6.96,4-2-3-1,6.82,13.9,14.3,,,4.111111111111111,25.33333333333333,12.5,13.25,15.0,14.4
189,Дортмунд,Э. Франкфурт,Бастиан Данкерт,1.36,5.25,7.0,11,1,0,1845,166,1679,63,37,7,4,0,1,748,436,49,55,20,8,21,14,40,34,8,7,16,14,5,0,11,14,141,139,17,1,7,0,7,0,10,1,3-4-3,7.04,4-2-3-1,6.96,10.92,33.87,,,4.25,29.625,8.9,9.047619047619047,12.2,12.428571428571429
190,Хоффенхайм,Вольфсбург,Сёрен Аисты,2.37,3.5,2.87,21,1,1,1230,1069,161,57,43,8,13,2,2,530,391,57,68,20,16,22,20,66,46,26,11,16,17,4,4,9,10,137,138,14,14,6,6,11,9,3,5,3-1-4-2,6.85,4-3-3,6.84,9.96,14.71,,,4.25,25.5,10.454545454545457,11.476190476190476,16.2,14.61904761904762
191,Юнион Берлин,Леверкузен,Вред Осмерс,3.1,3.5,2.25,23,1,1,1029,528,501,39,61,10,13,2,2,330,514,79,80,25,13,14,25,70,70,29,28,23,16,6,4,17,10,183,187,21,13,7,5,15,9,6,4,3-4-2-1,6.83,3-4-3,6.96,8.08,6.55,,,4.0,22.125,16.5,16.0,11.5,11.19047619047619
192,Аугсбург,Фрайбург,Патрик Иттрих,2.05,3.6,3.4,27,1,0,329,2070,-1741,27,73,22,5,4,1,234,658,45,67,16,21,11,12,35,51,16,19,10,7,0,3,14,9,134,141,9,20,3,5,4,13,5,7,4-2-2-2,6.7,4-2-2-2,6.91,17.68,13.13,,,4.857142857142857,29.142857142857142,11.3,11.0,10.454545454545457,9.857142857142858
193,РБ Лейпциг,Бремен,Бенджамин Кортус,1.22,7.0,11.0,22,2,0,1339,514,825,51,49,10,12,1,1,561,541,56,63,26,13,17,12,51,39,10,11,17,11,8,1,14,8,149,141,10,8,3,1,8,5,2,3,3-4-1-2,7.03,3-4-2-1,6.75,13.32,13.19,,,3.857142857142857,26.285714285714285,11.1,11.333333333333334,13.909090909090908,12.904761904761903
194,Падерборн,Герта,Бибиана Штайнхаус,2.4,3.5,2.9,28,0,1,1072,1208,-136,52,48,15,13,2,2,406,369,79,82,27,21,37,14,63,71,19,24,12,23,5,8,9,13,177,149,21,16,4,6,8,11,13,5,4-3-3,6.7,3-1-4-2,6.81,9.62,7.65,,,4.0,22.33333333333333,14.181818181818182,12.761904761904765,13.2,13.0
195,Фортуна,Мгладбах,Дэниел Зиберт,3.8,4.0,1.83,22,1,1,706,995,-289,50,50,11,11,2,2,416,403,75,50,14,14,12,19,39,52,14,18,8,10,2,5,14,6,100,106,9,17,4,6,6,11,3,6,3-1-4-2,6.74,3-4-2-1,6.97,12.21,14.15,,,4.2,21.9,11.0,12.666666666666666,14.0,13.238095238095235
196,Кельн,Бавария М.,Феликс Цвайер,8.5,6.5,1.28,22,0,3,713,2298,-1585,38,62,12,10,1,3,350,571,70,61,21,19,22,30,61,56,16,10,20,14,1,6,16,7,126,128,13,24,5,8,11,15,2,9,4-2-3-1,6.78,4-2-3-1,7.17,14.08,7.59,,,3.555555555555556,23.11111111111111,13.8,14.428571428571429,9.1,9.523809523809524
197,Майнц 05,Шальке 04,Гвидо Винкманн,2.7,3.6,2.55,20,0,0,845,928,-83,38,62,8,12,2,2,298,482,66,74,20,15,17,18,64,51,23,12,23,19,3,6,4,11,173,171,15,8,5,3,9,5,6,3,3-4-2-1,6.76,4-3-1-2,6.87,12.74,4.87,,,2.2,21.4,13.6,14.0,11.8,11.666666666666666
198,Бавария М.,Падерборн,Маркус Шмидт,1.05,13.0,34.0,13,1,1,2506,167,2339,71,29,4,9,1,3,699,272,54,76,35,7,40,11,63,44,15,9,16,28,11,1,9,10,179,150,18,5,9,4,15,5,3,0,3-4-2-1,7.18,4-4-1-1,6.7,6.77,32.67,,,3.6666666666666665,24.0,9.909090909090908,9.545454545454543,11.2,12.863636363636363
199,Мгладбах,Хоффенхайм,Феликс Брых,1.53,4.5,5.25,21,1,0,1181,1115,66,48,52,10,11,4,4,468,500,33,44,19,17,16,22,52,48,13,14,21,12,8,8,9,10,118,116,16,21,10,4,13,14,3,7,4-3-3,6.98,4-2-2-2,6.85,14.87,13.05,,,4.0,21.90909090909091,12.545454545454543,13.136363636363637,12.6,11.318181818181818
200,Герта,Кельн,Даниэль Шлагер,2.55,3.4,2.7,22,0,3,919,1182,-263,61,39,12,10,2,2,534,342,66,72,25,14,14,17,53,61,19,13,17,24,5,3,14,13,167,155,9,17,1,11,5,12,4,5,3-1-4-2,6.81,4-2-3-1,6.77,4.63,21.47,,,3.857142857142857,25.0,12.818181818181818,13.0,15.0,14.318181818181818
201,Фрайбург,Фортуна,Фрэнк Вилленборг,1.85,3.8,3.8,23,0,1,1242,629,613,60,40,13,10,1,4,498,332,61,64,29,12,23,14,71,64,31,23,14,18,7,4,8,7,163,145,16,9,4,4,8,3,8,6,4-2-3-1,6.92,5-3-2,6.73,9.67,14.14,,,3.625,22.375,9.2,9.636363636363637,14.181818181818182,12.590909090909092
202,Бремен,Дортмунд,Марко Фриц,7.0,5.25,1.4,21,0,0,514,1198,-684,36,64,13,8,0,0,413,731,45,45,12,17,10,20,45,49,13,9,17,14,2,6,17,9,115,138,8,12,2,6,1,8,7,4,3-4-3,6.74,3-4-3,7.05,21.87,15.87,,,4.5,26.1,11.8,12.863636363636363,9.181818181818182,8.954545454545455
203,Шальке 04,РБ Лейпциг,Саша Стегеманн,4.2,4.0,1.75,17,0,1,509,1394,-885,53,47,10,7,2,3,490,430,57,54,9,16,25,24,53,57,12,8,18,22,2,5,18,17,140,137,3,24,2,8,2,16,1,8,4-3-1-2,6.87,3-1-4-2,7.04,5.78,9.25,,,3.7777777777777777,22.77777777777778,11.545454545454543,11.681818181818182,11.545454545454543,11.272727272727272
204,Леверкузен,Аугсбург,Свен Яблонски,1.5,4.5,6.0,23,1,0,1469,554,915,76,24,10,13,2,4,851,261,71,61,11,11,20,12,68,34,22,10,20,14,2,3,5,22,154,144,9,8,4,3,6,4,3,4,3-4-3,6.96,5-4-1,6.7,6.19,19.57,,,4.875,28.625,10.909090909090908,11.272727272727272,10.727272727272728,11.5
205,Вольфсбург,Майнц 05,Бенджамин Кортус,1.8,3.9,4.2,23,2,0,1319,1281,38,56,44,11,12,0,2,479,361,52,61,17,22,25,22,60,64,13,17,23,24,4,14,14,16,158,163,17,17,6,3,9,12,8,5,4-4-2,6.84,3-4-2-1,6.77,7.29,9.11,,,3.625,25.75,13.181818181818182,14.545454545454543,14.363636363636363,13.727272727272728
206,Э. Франкфурт,Юнион Берлин,Дениз Айтекин,1.75,3.8,4.5,25,0,0,1975,775,1200,64,36,10,15,3,4,505,282,60,78,48,23,8,16,70,59,32,31,19,10,14,6,16,16,184,177,21,11,3,7,15,9,6,2,4-2-3-1,6.92,3-4-2-1,6.83,3.39,11.91,,,4.0,25.6,12.636363636363637,12.045454545454543,15.545454545454543,15.727272727272728
207,Фортуна,Герта,Тобиас Стилер,2.1,3.5,3.4,22,3,0,745,1148,-403,49,51,11,11,2,2,466,463,72,67,16,22,16,19,43,65,15,25,9,12,3,5,9,12,135,140,14,15,5,7,7,10,7,5,5-3-2,6.74,4-4-2,6.8,12.68,12.58,,,3.636363636363636,24.90909090909091,11.0,12.478260869565217,13.181818181818182,12.956521739130435
208,Хоффенхайм,Бавария М.,Кристиан Дингерт,7.0,6.0,1.33,10,0,4,0,0,0,34,66,3,7,0,0,334,641,43,53,6,19,14,20,32,35,2,6,17,13,1,7,10,10,105,102,4,25,1,11,3,21,1,4,4-2-3-1,6.86,4-2-3-1,7.18,22.88,8.68,,,4.875,22.0,10.25,11.304347826086955,9.181818181818182,9.304347826086955
209,Майнц 05,Падерборн,Вред Осмерс,1.72,4.0,4.2,23,2,0,916,911,5,44,56,7,16,1,3,353,444,66,52,18,21,37,23,78,60,23,12,20,32,5,8,6,11,183,171,8,9,3,4,4,4,4,5,4-4-2,6.76,4-3-3,6.7,11.0,6.29,,,4.0,22.22222222222222,13.090909090909092,13.652173913043478,11.0,12.695652173913045
210,Дортмунд,Фрайбург,Роберт Хартманн,1.22,6.5,12.0,14,1,0,1170,870,300,64,36,5,9,1,0,790,424,47,55,10,15,27,13,42,41,7,10,9,17,6,4,10,10,112,112,16,13,2,4,6,9,10,4,3-4-2-1,7.06,3-4-2-1,6.91,14.63,22.48,,,3.6,23.6,8.727272727272727,8.91304347826087,10.0,9.782608695652174
211,Аугсбург,Мгладбах,Маркус Шмидт,4.0,4.2,1.75,17,0,0,729,1059,-330,44,56,11,6,3,2,419,516,73,59,16,13,23,16,45,52,11,14,19,21,5,3,7,16,141,113,8,15,3,7,6,12,2,3,4-5-1,6.69,4-2-3-1,6.98,17.43,12.0,,,3.7,22.9,12.272727272727272,11.565217391304348,13.727272727272728,13.0
212,Кельн,Шальке 04,Мануэль Грефе,2.15,3.75,3.1,19,2,0,865,761,104,38,62,8,11,1,2,347,577,58,52,18,12,10,21,55,47,24,13,16,11,4,2,22,14,148,161,11,7,6,1,8,4,3,3,4-2-3-1,6.8,4-2-3-1,6.85,11.48,8.86,,,1.8888888888888888,18.33333333333333,13.636363636363637,14.130434782608695,11.818181818181818,11.608695652173912
213,Юнион Берлин,Вольфсбург,Бастиан Данкерт,2.8,3.3,2.5,22,1,0,381,1326,-945,39,61,8,14,1,2,320,486,77,70,13,25,20,14,65,57,23,26,17,16,1,6,16,8,169,182,6,12,3,3,5,8,1,4,3-4-2-1,6.83,4-4-2,6.86,14.25,5.56,,,3.888888888888889,27.55555555555556,15.909090909090908,15.695652173913045,15.909090909090908,14.391304347826088
214,РБ Лейпциг,Леверкузен,Феликс Цвайер,1.5,4.75,5.75,17,1,1,933,1020,-87,37,63,4,13,0,3,395,695,43,58,22,18,23,19,58,33,14,8,17,13,8,5,18,13,137,125,9,15,2,6,4,7,5,8,3-1-4-2,7.06,3-4-3,6.98,14.69,11.24,,,3.6,23.0,11.0,11.08695652173913,11.636363636363637,11.217391304347826
215,Бремен,Э. Франкфурт,Патрик Иттрих,2.9,3.5,2.4,35,0,0,872,897,-25,50,50,14,21,2,1,425,411,63,70,15,27,14,12,56,53,25,17,9,13,5,6,10,14,146,148,11,11,3,4,4,9,7,2,4-3-3,6.76,3-4-2-1,6.87,10.67,8.07,,,4.875,28.875,11.909090909090908,12.869565217391305,11.454545454545457,11.956521739130435
216,Падерборн,Кельн,Дэниел Зиберт,3.1,4.0,2.05,20,0,2,874,1454,-580,47,53,8,12,3,4,387,425,53,80,18,27,22,9,49,53,16,19,9,20,5,9,9,15,164,157,16,15,2,3,9,9,7,6,4-4-2,6.7,4-2-3-1,6.81,16.06,6.61,,,4.181818181818182,21.90909090909091,14.25,12.833333333333334,14.583333333333334,13.875
217,Леверкузен,Э. Франкфурт,Феликс Брых,1.75,4.333333333333334,3.8,24,2,0,949,715,234,61,39,12,12,1,0,632,381,71,59,12,16,26,13,61,43,10,11,17,18,1,3,8,13,138,155,13,9,5,3,7,8,6,1,4-2-3-1,6.97,4-2-3-1,6.92,8.96,11.08,,,4.333333333333333,21.83333333333333,10.833333333333334,11.291666666666666,12.25,12.333333333333334
218,Шальке 04,Хоффенхайм,Свен Яблонски,2.6,3.6,2.5,20,1,0,1151,918,233,43,57,8,12,0,1,406,518,63,62,15,21,15,15,53,49,18,13,17,21,4,5,7,11,140,127,14,4,4,1,8,3,6,1,3-4-3,6.83,3-1-4-2,6.83,19.42,11.45,,,5.0,28.0,11.416666666666666,11.583333333333334,12.454545454545457,10.958333333333334
219,Герта,Бремен,Гвидо Винкманн,2.2,3.6,3.0,25,1,2,1353,810,543,49,51,18,7,3,3,406,431,73,65,30,16,21,11,55,62,24,20,15,21,3,1,10,21,201,189,19,7,5,3,12,3,7,4,4-4-2,6.8,4-3-1-2,6.74,7.21,15.25,,,2.5,21.166666666666668,12.75,12.875,13.75,12.916666666666666
220,Фрайбург,Юнион Берлин,Марко Фриц,2.37,3.4,3.0,25,1,0,950,988,-38,52,48,5,20,2,3,400,363,70,69,22,19,9,12,71,49,33,28,13,10,7,2,13,9,153,149,9,14,4,4,6,7,3,7,3-4-3,6.9,3-4-3,6.83,11.56,9.82,,,4.090909090909091,25.63636363636364,9.545454545454543,9.75,15.5,15.375
221,Вольфсбург,РБ Лейпциг,Даниэль Шлагер,3.5,3.6,2.0,27,0,0,650,1097,-447,38,62,13,14,2,3,379,615,74,68,23,22,20,22,60,49,19,11,17,15,4,4,19,8,155,168,16,14,4,4,6,9,10,5,4-4-2,6.86,3-1-4-2,7.06,13.04,9.57,,,3.875,24.625,13.0,14.375,11.166666666666666,10.791666666666666
222,Мгладбах,Дортмунд,Саша Стегеманн,3.3,4.0,2.0,21,0,1,663,876,-213,45,55,10,11,5,5,498,619,41,59,21,12,13,29,53,55,8,18,27,14,3,3,12,11,147,161,10,10,3,4,7,9,3,1,3-4-2-1,6.98,3-4-2-1,7.06,13.07,13.32,,,3.9,22.2,12.333333333333334,12.708333333333334,9.083333333333334,8.75
223,Бавария М.,Аугсбург,Бибиана Штайнхаус,1.11,10.0,21.0,11,0,0,2710,369,2341,74,26,4,7,1,0,783,266,65,63,34,16,18,11,48,31,12,11,16,10,9,4,19,15,170,153,18,6,6,2,15,4,3,2,4-2-3-1,7.19,4-2-3-1,6.68,5.45,21.05,,,4.0,23.75,9.416666666666666,9.208333333333334,10.916666666666666,11.541666666666666
224,Майнц 05,Фортуна,Сёрен Аисты,1.9,3.8,3.6,30,0,0,181,2411,-2230,35,65,19,11,3,1,307,569,66,88,4,21,7,11,47,50,18,18,14,10,1,8,10,9,139,159,3,20,1,5,2,12,1,8,3-4-3,6.77,5-4-1,6.74,22.86,9.15,,,4.2,24.6,12.583333333333334,13.375,13.833333333333334,12.416666666666666
225,Хоффенхайм,Герта,Кристиан Дингерт,2.2,3.6,3.2,26,0,0,936,1133,-197,51,49,9,17,2,3,435,419,33,77,22,19,18,15,63,46,13,22,21,10,7,5,9,11,127,122,18,13,2,6,12,10,6,3,4-2-3-1,6.83,4-2-3-1,6.8,15.94,10.5,,,4.333333333333333,20.666666666666668,9.692307692307692,11.0,13.0,13.08
226,Дортмунд,Шальке 04,Дениз Айтекин,1.55,4.333333333333334,5.75,17,2,0,1038,537,501,59,41,9,8,2,2,611,410,54,45,9,9,15,22,53,50,10,10,26,21,4,2,10,14,131,132,11,10,4,3,7,3,4,7,3-4-2-1,7.06,3-4-3,6.83,12.84,14.42,,,4.2727272727272725,25.545454545454547,8.416666666666666,8.84,11.75,11.44
227,Аугсбург,Вольфсбург,Феликс Брых,3.4,3.6,2.1,19,0,1,501,1238,-737,39,61,8,11,1,3,333,496,64,62,7,20,13,18,46,59,16,19,14,22,3,1,14,10,151,149,8,16,3,4,6,11,2,5,4-2-3-1,6.68,4-2-3-1,6.87,14.0,7.18,,,4.076923076923077,22.0,12.166666666666666,11.36,15.75,14.32
228,Фортуна,Падерборн,Фрэнк Вилленборг,2.15,3.6,3.3,31,0,0,935,419,516,53,47,15,16,2,2,525,452,77,71,15,10,8,11,45,36,13,10,14,7,2,0,7,8,125,122,10,7,1,1,6,2,4,5,3-5-2,6.75,4-1-4-1,6.69,13.58,17.33,,,3.7777777777777777,22.444444444444443,11.0,12.36,11.416666666666666,12.64
229,РБ Лейпциг,Фрайбург,Мануэль Грефе,1.3,5.75,9.0,19,0,1,2361,446,1915,66,34,11,8,0,1,655,327,41,63,35,13,14,9,44,53,13,26,15,15,8,4,10,13,144,142,22,6,8,1,12,4,10,2,3-1-4-2,7.06,3-4-2-1,6.91,10.56,24.4,,,2.0,18.4,10.416666666666666,10.92,9.923076923076923,9.56
230,Э. Франкфурт,Мгладбах,Феликс Цвайер,2.8,3.6,2.37,29,0,2,991,768,223,53,47,19,10,5,1,514,479,56,65,30,7,11,6,50,51,22,17,10,12,5,1,15,8,152,141,12,15,4,8,10,10,2,5,4-5-1,6.9,4-2-3-1,6.96,10.97,30.8,,,3.5454545454545454,22.454545454545453,12.416666666666666,12.32,13.083333333333334,12.6
231,Кельн,Майнц 05,Гвидо Винкманн,1.83,3.8,4.1,35,1,0,977,1112,-135,48,52,20,15,4,2,392,404,69,44,17,24,5,18,70,52,28,13,23,9,5,7,11,15,126,139,16,11,6,5,12,9,4,2,4-2-3-1,6.82,4-2-3-1,6.77,7.24,10.52,,,3.0,21.714285714285715,13.166666666666666,13.8,14.166666666666666,13.6
232,Юнион Берлин,Бавария М.,Бастиан Данкерт,13.0,8.0,1.18,23,0,1,373,1399,-1026,32,68,13,10,2,1,307,652,69,67,22,24,16,16,57,60,22,25,15,13,4,9,15,14,154,163,9,13,2,3,5,10,4,3,3-4-3,6.82,4-2-3-1,7.2,20.3,4.6,,,3.8,27.0,15.25,15.56,9.0,9.0
233,Бремен,Леверкузен,Тобиас Стилер,3.9,3.9,1.83,29,1,2,375,1572,-1197,36,64,15,14,2,1,410,715,49,55,11,23,14,27,56,54,14,8,21,15,2,9,22,7,125,155,10,13,1,6,7,10,3,3,4-3-3,6.75,4-2-3-1,6.99,17.26,10.88,,,3.6666666666666665,24.666666666666668,12.083333333333334,12.68,11.75,11.32
234,Герта,Юнион Берлин,Вред Осмерс,2.3,3.4,3.1,24,0,0,1292,523,769,55,45,12,12,2,1,458,358,81,52,11,19,12,11,56,56,28,22,9,12,4,6,6,2,111,122,15,7,7,0,9,3,6,4,4-2-3-1,6.81,3-4-2-1,6.81,9.86,19.06,,,4.0,22.3,13.153846153846152,13.23076923076923,15.846153846153848,15.461538461538462
235,Мгладбах,Леверкузен,Сёрен Аисты,2.45,3.8,2.55,32,0,1,1473,1074,399,45,55,16,16,1,1,420,527,50,66,22,7,17,16,56,54,14,13,15,16,6,3,10,13,145,140,17,14,6,8,12,10,5,4,4-2-3-1,6.96,3-4-3,6.99,10.0,9.42,,,4.166666666666667,25.5,12.153846153846152,12.5,11.923076923076923,11.423076923076923
236,Фрайбург,Бремен,Роберт Хартманн,2.05,3.75,3.2,30,0,1,1713,535,1178,63,37,12,18,0,3,598,361,71,66,42,11,8,14,65,51,35,24,8,9,7,2,13,5,147,133,17,10,7,2,10,3,7,7,4-4-2,6.91,4-3-3,6.74,9.81,19.18,,,3.1666666666666665,22.0,9.166666666666666,9.5,13.23076923076923,12.76923076923077
237,Падерборн,Хоффенхайм,Бибиана Штайнхаус,3.1,3.9,2.05,27,1,1,609,1757,-1148,38,62,14,13,3,0,364,605,63,44,23,24,13,15,47,54,13,21,16,13,2,8,10,11,129,130,12,17,2,7,7,13,5,4,4-1-4-1,6.7,3-1-4-2,6.82,12.26,11.5,,,3.4,21.2,13.76923076923077,12.76923076923077,12.416666666666666,10.923076923076923
238,Вольфсбург,Дортмунд,Дэниел Зиберт,3.9,3.9,1.85,21,0,1,504,852,-348,38,62,11,10,4,2,429,692,55,63,15,5,10,15,41,44,10,12,16,12,2,2,7,16,133,135,7,6,1,2,4,3,3,3,4-4-2,6.87,3-4-2-1,7.07,21.14,14.5,,,4.416666666666667,21.75,13.0,14.192307692307692,9.23076923076923,8.846153846153847
239,Бавария М.,Э. Франкфурт,Марко Фриц,1.12,9.0,17.0,17,2,0,2180,450,1730,66,34,10,7,0,1,672,339,55,66,25,17,15,13,53,47,22,13,17,16,7,2,13,17,160,150,23,12,10,4,13,8,10,4,4-2-3-1,7.2,4-2-3-1,6.88,6.2,23.94,,,4.166666666666667,25.58333333333333,9.0,9.038461538461538,12.23076923076923,12.576923076923077
240,Шальке 04,Аугсбург,Саша Стегеманн,1.95,3.6,3.8,25,0,1,1317,445,872,71,29,14,11,0,2,612,249,63,70,18,7,22,17,72,77,24,29,23,28,3,2,10,14,179,159,12,9,2,7,6,5,6,4,4-2-3-1,6.82,4-2-3-1,6.67,3.38,18.62,,,4.454545454545454,22.09090909090909,11.153846153846152,11.307692307692308,10.615384615384617,11.23076923076923
241,Майнц 05,РБ Лейпциг,Маркус Шмидт,7.0,5.25,1.36,24,0,3,426,2137,-1711,34,66,13,11,3,3,345,671,59,35,18,16,18,12,41,58,8,18,11,17,5,4,6,6,124,118,4,20,1,10,3,13,1,7,3-4-3,6.77,4-4-2,7.05,21.15,7.0,,,3.8181818181818175,22.363636363636363,13.076923076923077,13.653846153846152,11.384615384615383,10.923076923076923
242,Кельн,Фортуна,Бенджамин Кортус,1.72,4.0,4.2,36,0,1,1255,576,679,61,39,19,17,0,1,520,328,83,72,26,14,12,7,82,56,39,25,17,10,6,2,15,8,158,172,15,10,6,4,9,5,6,5,4-2-3-1,6.82,4-3-3,6.75,5.48,12.96,,,3.4444444444444446,25.444444444444443,13.692307692307692,14.038461538461538,13.615384615384617,12.461538461538462
243,Дортмунд,Бавария М.,Тобиас Стилер,3.8,4.5,1.75,24,0,1,962,953,9,51,49,9,15,2,2,612,588,74,47,13,21,27,14,60,43,7,12,17,13,4,3,16,10,141,139,13,11,5,5,8,5,5,6,3-4-2-1,7.07,4-2-3-1,7.21,18.44,9.84,,,3.615384615384616,25.0,8.461538461538462,8.88888888888889,9.076923076923077,9.074074074074074
244,Леверкузен,Вольфсбург,Даниэль Шлагер,1.65,4.2,4.75,26,0,1,1575,886,689,69,31,10,16,3,3,639,272,44,58,24,15,20,14,60,45,17,12,16,18,12,6,5,19,160,129,9,14,1,9,7,8,2,6,4-2-3-1,7.0,4-4-2,6.86,9.29,16.54,,,4.0,24.88888888888889,10.923076923076923,11.592592592592592,15.384615384615383,14.074074074074074
245,Э. Франкфурт,Фрайбург,Мартин Петерсен,2.0,3.75,3.4,23,1,1,2965,399,2566,62,38,14,9,4,1,543,335,53,56,42,7,10,20,59,53,28,23,21,11,9,2,5,8,140,138,34,10,16,5,28,6,6,4,3-5-2,6.87,4-4-2,6.91,8.25,37.38,,,4.285714285714286,29.142857142857142,12.923076923076923,12.37037037037037,9.785714285714286,9.592592592592592
246,Бремен,Мгладбах,Мануэль Грефе,4.333333333333334,4.0,1.72,25,0,0,1288,863,425,44,56,14,11,2,1,455,567,56,57,21,20,18,19,62,72,19,24,23,22,8,5,11,10,142,148,12,9,7,4,8,2,4,7,4-3-3,6.75,3-4-1-2,6.95,12.03,10.46,,,1.9090909090909087,18.454545454545453,12.307692307692308,12.962962962962964,12.846153846153848,12.62962962962963
247,РБ Лейпциг,Герта,Бастиан Данкерт,1.28,6.0,9.0,32,1,1,965,999,-34,57,43,12,20,2,3,465,346,39,61,17,15,12,21,58,56,15,17,21,19,4,7,9,10,126,119,11,12,4,3,5,5,6,7,4-2-2-2,7.07,4-2-3-1,6.83,10.89,9.5,,,3.727272727272727,26.63636363636364,10.461538461538462,10.925925925925926,13.307692307692308,13.185185185185183
248,Хоффенхайм,Кельн,Феликс Брых,2.37,3.8,2.75,20,1,0,597,1846,-1249,43,57,12,8,6,1,409,503,46,62,2,37,13,11,45,37,18,9,11,12,0,10,8,5,101,131,8,17,6,6,6,12,2,5,4-2-3-1,6.82,4-2-3-1,6.83,20.86,17.19,,,4.071428571428571,21.785714285714285,9.642857142857142,11.0,14.384615384615383,14.22222222222222
249,Юнион Берлин,Майнц 05,Роберт Шредер,2.3,3.5,3.0,35,1,1,928,1256,-328,40,60,17,18,4,2,316,474,71,69,19,20,14,14,70,70,33,33,16,13,6,6,11,8,145,145,9,10,3,2,5,4,4,6,3-4-2-1,6.79,4-2-3-1,6.75,14.1,7.95,,,3.0,25.666666666666668,15.076923076923077,15.333333333333334,14.23076923076923,13.62962962962963
250,Аугсбург,Падерборн,Дениз Айтекин,1.95,3.8,3.6,21,0,0,1112,851,261,55,45,7,14,1,1,460,369,71,68,17,18,12,12,57,40,22,16,18,14,6,6,12,12,157,143,12,15,3,2,7,6,5,9,4-2-3-1,6.68,4-4-2,6.71,12.5,23.25,,,4.25,24.83333333333333,11.846153846153848,11.22222222222222,11.76923076923077,12.814814814814817
251,Фортуна,Шальке 04,Тобиас Вельц,2.5,3.3,2.9,23,0,0,1921,527,1394,67,33,10,13,3,2,574,278,85,68,20,14,8,19,54,70,24,34,13,14,7,2,9,20,165,152,13,8,8,3,6,4,7,4,3-5-2,6.75,5-4-1,6.8,7.0,20.39,,,5.75,32.0,11.307692307692308,12.62962962962963,11.461538461538462,11.407407407407408
252,Фрайбург,Леверкузен,Марко Фриц,4.333333333333334,4.2,1.7,21,0,0,536,1684,-1148,31,69,8,13,0,2,310,692,56,60,19,23,12,11,38,41,11,17,8,8,6,6,13,4,133,142,9,7,1,1,5,6,4,1,4-4-2,6.91,3-4-3,6.98,31.93,7.77,,,3.923076923076923,24.923076923076923,9.384615384615383,9.571428571428571,12.214285714285714,11.535714285714286
253,Майнц 05,Хоффенхайм,Саша Стегеманн,2.37,3.75,2.62,32,0,1,1342,957,385,49,51,17,15,4,3,420,442,58,63,33,11,23,10,75,59,33,15,15,23,10,7,12,14,164,154,18,12,2,6,10,9,8,3,4-2-3-1,6.76,4-2-3-1,6.83,10.32,9.75,,,4.25,22.33333333333333,13.071428571428571,13.785714285714286,12.461538461538462,11.035714285714286
254,Шальке 04,Бремен,Феликс Цвайер,2.6,3.25,2.8,35,0,1,1060,901,159,42,58,19,16,5,3,341,470,69,61,17,15,13,12,66,62,22,25,21,19,4,8,12,15,162,165,12,6,1,2,7,4,5,2,3-4-2-1,6.8,4-3-1-2,6.76,10.0,4.97,,,3.75,23.0,11.357142857142858,11.464285714285714,13.571428571428571,13.0
255,Герта,Аугсбург,Свен Яблонски,1.75,4.0,4.333333333333334,26,1,0,1344,1043,301,51,49,19,7,3,3,427,396,92,62,26,31,7,22,55,52,20,16,24,12,7,8,7,10,148,180,11,8,5,3,9,4,2,4,4-2-3-1,6.82,4-2-3-1,6.69,8.48,32.0,,,4.6,27.2,13.071428571428571,13.428571428571429,10.642857142857142,11.071428571428571
256,Вольфсбург,Э. Франкфурт,Гвидо Винкманн,1.95,3.8,3.6,34,0,1,1302,539,763,52,48,18,16,4,6,370,341,58,75,15,13,29,14,82,73,27,23,24,28,4,3,8,17,173,160,19,7,4,3,14,6,5,1,4-4-1-1,6.87,3-4-1-2,6.88,5.7,4.82,,,3.375,23.375,12.857142857142858,14.142857142857142,11.857142857142858,12.428571428571429
257,Бавария М.,Фортуна,Роберт Хартманн,1.08,13.0,19.0,19,3,0,2550,104,2446,68,32,9,10,0,2,690,309,45,60,22,8,15,13,39,42,8,14,9,11,7,2,9,18,135,116,21,7,8,2,14,4,7,3,4-2-3-1,7.2,4-1-4-1,6.75,8.04,30.85,,,3.142857142857143,23.142857142857142,9.071428571428571,9.285714285714286,13.857142857142858,12.535714285714286
258,Мгладбах,Юнион Берлин,Фрэнк Вилленборг,1.44,4.5,6.0,22,2,0,1458,973,485,58,42,13,9,3,2,561,396,54,60,14,18,25,9,50,50,19,17,9,17,4,3,7,10,130,139,15,12,9,5,10,6,5,6,4-2-3-1,6.96,3-4-2-1,6.79,14.44,19.05,,,3.8,23.3,12.428571428571429,12.571428571428571,15.571428571428571,15.392857142857142
259,Падерборн,Дортмунд,Дэниел Зиберт,8.5,6.0,1.3,10,0,0,267,2104,-1837,33,67,4,6,2,3,334,673,49,60,9,17,18,24,35,45,4,7,21,17,2,8,13,12,134,125,9,16,1,11,6,14,3,2,4-1-4-1,6.71,3-4-2-1,7.06,27.13,12.94,,,4.538461538461538,21.692307692307693,13.785714285714286,12.857142857142858,9.285714285714286,8.892857142857142
260,Кельн,РБ Лейпциг,Кристиан Дингерт,5.5,4.75,1.5,23,1,2,695,1413,-718,47,53,16,7,2,1,444,498,70,56,21,15,9,15,57,57,23,24,21,8,4,7,16,13,147,157,7,19,5,9,5,15,2,4,4-2-3-1,6.82,4-2-2-2,7.05,9.48,22.92,,,4.4,21.2,14.071428571428571,14.0,11.357142857142858,10.964285714285714
261,Фрайбург,Мгладбах,Маркус Шмидт,4.6,4.2,1.66,28,0,0,448,1918,-1470,35,65,14,14,4,3,341,627,55,68,14,35,17,11,47,43,13,14,9,8,3,10,13,8,127,140,15,18,6,3,7,9,8,9,4-2-2-2,6.9,4-2-3-1,6.96,15.61,8.42,,,4.0,22.5,9.285714285714286,9.517241379310343,12.714285714285714,12.586206896551724
262,Леверкузен,Бавария М.,Мануэль Грефе,7.0,6.0,1.33,19,1,3,845,1287,-442,47,53,14,5,3,3,523,578,64,64,18,20,26,16,41,58,9,11,15,22,6,4,14,13,151,144,10,16,6,10,6,10,4,6,3-4-3,6.98,4-2-3-1,7.2,12.55,11.35,,,2.0,19.0,10.857142857142858,11.586206896551724,9.5,9.275862068965518
263,Э. Франкфурт,Майнц 05,Феликс Брых,1.9,4.0,3.6,32,0,1,1349,956,393,66,34,17,15,3,3,533,270,79,79,28,12,13,20,75,78,35,33,17,17,7,5,6,12,172,156,11,17,0,4,6,13,5,4,3-4-1-2,6.88,4-2-3-1,6.76,4.23,13.54,,,4.266666666666667,21.666666666666668,13.0,12.551724137931034,14.5,13.89655172413793
264,Фортуна,Хоффенхайм,Сёрен Аисты,2.5,3.5,2.75,28,1,1,2399,363,2036,67,33,13,15,4,4,610,308,63,59,55,3,13,7,46,40,18,15,11,12,7,1,6,10,144,116,25,8,4,3,14,4,11,4,3-5-2,6.73,4-2-3-1,6.83,8.83,22.58,,,3.857142857142857,26.428571428571427,11.214285714285714,12.448275862068966,12.642857142857142,11.172413793103448
265,РБ Лейпциг,Падерборн,Дениз Айтекин,1.1,10.0,21.0,25,1,0,950,1160,-210,51,49,11,14,2,4,461,418,51,67,12,31,10,15,53,46,15,15,18,10,7,9,11,15,143,156,12,16,4,5,9,8,3,8,4-2-2-2,7.04,4-2-3-1,6.69,8.85,12.05,,,4.076923076923077,24.53846153846154,10.571428571428571,10.827586206896552,11.928571428571429,12.551724137931034
266,Дортмунд,Герта,Вред Осмерс,1.36,5.25,7.0,18,0,0,1604,224,1380,63,37,7,11,0,2,745,420,54,70,14,9,23,14,59,39,13,8,17,19,6,0,10,17,130,123,13,4,3,1,9,1,4,3,3-4-2-1,7.07,4-2-3-1,6.83,13.05,17.42,,,3.909090909090909,22.454545454545453,8.5,8.793103448275861,13.785714285714286,13.620689655172416
267,Бремен,Вольфсбург,Бибиана Штайнхаус,3.75,3.7,1.95,30,0,0,919,1086,-167,53,47,17,13,3,3,480,408,68,62,19,20,9,16,52,69,21,32,18,8,5,4,9,13,162,148,13,17,2,3,10,11,3,6,3-4-2-1,6.75,4-4-1-1,6.86,7.83,12.82,,,3.333333333333333,22.166666666666668,12.428571428571429,13.10344827586207,15.428571428571429,14.275862068965518
268,Юнион Берлин,Шальке 04,Тобиас Стилер,2.3,3.1,3.4,32,1,1,1226,550,676,46,54,19,13,3,1,330,399,79,75,33,17,16,15,76,65,37,30,18,11,9,4,8,10,165,173,12,4,5,1,10,1,2,3,3-4-1-2,6.79,4-3-1-2,6.8,9.04,5.56,,,3.642857142857143,24.928571428571427,15.214285714285714,15.172413793103448,11.571428571428571,11.724137931034482
269,Аугсбург,Кельн,Бенджамин Кортус,2.9,3.6,2.3,34,0,0,1776,589,1187,49,51,13,21,1,3,335,352,70,99,22,17,17,6,67,71,26,30,13,24,9,2,7,4,168,163,16,9,5,2,9,7,7,2,4-2-3-1,6.69,4-2-3-1,6.81,7.64,6.83,,,3.2,26.5,11.5,10.93103448275862,13.928571428571429,14.06896551724138
270,Хоффенхайм,РБ Лейпциг,Тобиас Вельц,7.0,5.75,1.36,33,0,2,1644,842,802,50,50,15,18,2,2,451,455,52,70,23,6,25,14,65,50,24,16,10,16,9,1,19,13,161,150,24,15,6,7,13,12,11,3,3-4-1-2,6.82,4-3-1-2,7.03,8.68,9.42,,,5.6,30.2,9.8,11.3,11.066666666666666,10.833333333333334
271,Кельн,Юнион Берлин,Мартин Петерсен,2.05,3.5,3.5,35,0,1,1252,534,718,61,39,18,17,3,0,537,329,64,67,26,17,12,16,76,65,34,29,18,14,4,6,8,13,173,160,10,6,6,4,7,5,3,1,4-2-3-1,6.81,4-1-4-1,6.79,6.28,11.2,,,4.375,28.375,14.2,14.3,15.133333333333333,15.3
272,Фортуна,Дортмунд,Саша Стегеманн,7.5,5.5,1.36,21,0,0,740,648,92,37,63,6,15,1,3,426,733,56,42,17,6,10,16,43,40,12,10,16,15,6,1,22,7,127,123,6,6,3,3,3,5,3,1,3-4-2-1,6.74,3-4-2-1,7.08,24.24,12.48,,,4.461538461538462,23.07692307692308,11.333333333333334,12.466666666666669,9.066666666666666,8.733333333333333
273,Герта,Э. Франкфурт,Роберт Хартманн,2.15,3.75,3.1,21,1,0,445,1935,-1490,39,61,14,7,1,2,355,543,68,42,5,26,18,18,45,56,9,15,13,16,1,5,16,5,124,131,5,18,4,7,3,10,2,8,4-3-1-2,6.82,3-4-2-1,6.88,16.21,9.52,,,3.0,22.625,13.466666666666669,13.533333333333331,12.133333333333333,12.7
274,Падерборн,Бремен,Кристиан Дингерт,3.6,4.0,1.85,36,0,3,999,1452,-453,48,52,18,18,6,3,354,394,47,49,26,18,14,20,53,62,13,18,13,16,11,2,9,18,148,135,18,11,7,8,9,11,9,0,4-2-2-2,6.7,3-4-1-2,6.76,10.75,5.56,,,4.2727272727272725,21.363636363636363,13.133333333333333,12.6,13.733333333333333,13.233333333333333
275,Вольфсбург,Фрайбург,Бастиан Данкерт,1.5699999999999998,4.333333333333334,5.25,28,2,1,1104,1390,-286,46,54,17,11,0,1,337,396,48,60,17,17,15,10,51,46,18,20,11,8,6,5,3,18,130,137,20,11,6,6,14,8,6,3,4-4-2,6.87,4-2-2-2,6.91,11.05,8.84,,,3.8333333333333335,27.08333333333333,13.2,14.233333333333333,9.733333333333333,9.666666666666666
276,Бавария М.,Мгладбах,Феликс Цвайер,1.44,5.0,6.0,23,1,1,1219,827,392,49,51,13,10,0,2,560,574,55,67,15,10,14,8,39,39,11,12,11,13,3,1,12,6,128,140,10,9,5,2,8,5,2,4,4-2-3-1,7.2,4-2-3-1,6.95,13.5,20.69,,,4.076923076923077,23.923076923076923,9.066666666666666,9.133333333333333,12.8,12.633333333333333
277,Майнц 05,Аугсбург,Марко Фриц,2.05,3.5,3.6,22,0,1,1854,375,1479,66,34,8,14,2,4,501,260,83,79,32,11,18,17,71,60,28,30,17,15,9,5,3,8,177,167,17,9,4,3,10,5,7,4,4-2-3-1,6.77,4-2-3-1,6.69,5.63,12.3,,,3.7857142857142856,24.642857142857142,13.333333333333334,13.933333333333334,10.4,11.0
278,Шальке 04,Леверкузен,Дэниел Зиберт,7.0,5.0,1.4,21,0,0,286,2043,-1757,27,73,14,7,4,1,270,719,70,64,10,36,27,29,62,63,19,18,20,17,1,9,14,10,139,168,7,15,4,5,5,10,2,5,4-4-2,6.8,4-2-3-1,6.97,18.19,4.64,,,4.571428571428571,20.857142857142858,11.866666666666667,11.766666666666667,12.266666666666667,11.666666666666666
279,Мгладбах,Вольфсбург,Роберт Шредер,2.3,3.6,3.0,32,2,0,937,1104,-167,52,48,15,17,1,4,522,476,50,45,10,18,20,17,52,62,10,15,17,21,5,3,14,15,127,137,11,12,3,2,9,2,2,10,4-2-3-1,6.94,4-2-3-1,6.87,12.36,10.59,,,3.4285714285714284,27.0,12.466666666666669,12.548387096774194,15.266666666666667,14.32258064516129
280,Юнион Берлин,Падерборн,Бибиана Штайнхаус,1.75,4.0,4.333333333333334,33,1,0,905,933,-28,41,59,17,16,1,1,362,501,83,64,13,25,17,22,64,60,21,23,18,11,1,5,19,13,130,152,15,12,6,2,10,6,5,6,4-1-4-1,6.79,3-4-2-1,6.69,10.28,5.94,,,3.7142857142857135,23.285714285714285,15.466666666666669,15.35483870967742,12.066666666666666,12.774193548387096
281,Фрайбург,Герта,Тобиас Стилер,2.5,3.6,2.62,22,0,0,1081,502,579,49,51,6,16,0,2,401,409,48,71,23,19,11,10,41,42,15,17,8,13,5,5,11,14,124,114,19,11,6,5,11,6,8,5,4-2-2-2,6.9,4-4-1-1,6.81,21.42,16.5,,,3.6666666666666665,25.4,9.6,9.709677419354838,13.6,13.548387096774194
282,Бремен,Бавария М.,Вред Осмерс,13.0,7.5,1.16,22,0,1,252,2133,-1881,40,60,9,13,2,3,439,659,67,58,13,25,8,25,47,54,11,20,19,14,0,10,18,16,156,158,6,13,1,3,4,11,2,2,3-4-3,6.77,4-2-3-1,7.19,25.0,7.91,,,3.75,22.08333333333333,12.733333333333333,13.387096774193548,9.2,9.258064516129032
283,Э. Франкфурт,Шальке 04,Гвидо Винкманн,1.53,4.333333333333334,6.0,25,1,0,1970,584,1386,63,37,9,16,3,5,604,335,51,51,20,16,17,28,70,60,25,17,17,13,5,3,7,17,148,138,14,7,4,5,8,6,6,1,3-5-2,6.88,4-4-2,6.79,4.85,17.74,,,4.111111111111111,24.55555555555556,13.266666666666667,12.516129032258064,11.666666666666666,11.838709677419354
284,Леверкузен,Кельн,Свен Яблонски,1.5,4.75,5.5,28,2,0,1906,559,1347,67,33,12,16,2,2,662,299,71,69,11,17,19,14,60,54,20,23,12,14,7,3,8,14,137,140,13,8,6,1,9,5,4,3,4-2-3-1,6.97,4-2-3-1,6.81,9.06,16.88,,,4.727272727272728,27.09090909090909,11.066666666666666,11.516129032258064,14.4,14.419354838709678
285,Дортмунд,Майнц 05,Фрэнк Вилленборг,1.3,5.5,9.5,27,0,1,1981,438,1543,69,31,14,13,6,3,742,321,44,58,26,10,16,15,49,43,15,10,12,10,7,1,13,16,130,110,16,10,4,5,11,6,5,4,3-4-2-1,7.07,4-2-3-1,6.77,6.45,33.29,,,3.909090909090909,23.181818181818183,8.4,8.935483870967742,14.533333333333331,13.741935483870968
286,Аугсбург,Хоффенхайм,Дениз Айтекин,3.0,3.8,2.15,24,0,0,823,1582,-759,43,57,10,14,2,1,400,507,62,68,17,24,23,18,60,53,18,22,16,15,6,4,10,12,152,137,12,16,5,5,5,13,7,3,4-2-3-1,6.69,3-1-4-2,6.82,23.92,6.85,,,4.214285714285714,24.571428571428573,11.6,11.096774193548388,12.8,11.419354838709678
287,РБ Лейпциг,Фортуна,Мануэль Грефе,1.28,5.75,8.5,14,0,0,1555,522,1033,71,29,7,7,1,0,731,279,62,76,15,16,13,7,38,44,12,16,15,19,5,2,4,20,137,145,14,12,5,2,7,8,7,4,4-3-1-2,7.04,5-3-2,6.74,11.45,29.8,,,2.3076923076923075,19.0,10.6,11.064516129032258,13.6,12.258064516129032
288,Хоффенхайм,Юнион Берлин,Роберт Хартманн,1.45,4.75,6.0,25,3,0,1783,594,1189,59,41,10,15,1,3,526,365,57,62,18,14,16,5,50,45,18,19,9,16,6,4,13,7,130,121,16,7,8,2,9,3,7,4,3-1-4-2,6.83,3-4-1-2,6.79,13.4,15.23,,,3.0,22.444444444444443,10.125,11.5,15.25,15.40625
289,Кельн,Э. Франкфурт,Кристиан Дингерт,2.8,3.8,2.3,23,1,0,449,1337,-888,38,62,8,15,1,2,336,547,71,69,18,29,19,19,50,72,18,34,9,17,5,9,17,16,179,193,4,9,2,3,4,8,0,1,3-4-1-2,6.79,3-5-2,6.89,15.5,5.78,,,4.666666666666667,22.58333333333333,14.4375,14.46875,11.8125,12.40625
290,Майнц 05,Бремен,Мануэль Грефе,2.3,3.6,2.9,28,2,0,1090,1604,-514,39,61,13,15,2,3,313,489,55,57,15,32,30,17,74,67,28,20,13,28,7,8,7,6,127,151,20,18,12,6,14,14,6,4,4-2-3-1,6.78,3-4-3,6.77,12.13,5.19,,,2.2142857142857144,18.642857142857142,13.0,13.71875,14.0,13.25
291,Бавария М.,Фрайбург,Сёрен Аисты,1.28,6.25,9.0,21,3,1,2052,693,1359,61,39,13,8,0,0,633,398,52,55,21,16,13,9,48,39,21,10,12,13,8,2,8,12,130,123,23,11,9,3,11,8,12,3,4-2-3-1,7.19,4-2-2-2,6.9,10.87,18.74,,,4.375,26.625,9.3125,9.375,9.8125,9.59375
292,Шальке 04,Вольфсбург,Саша Стегеманн,6.0,4.5,1.5,28,0,1,610,1421,-811,49,51,12,16,4,3,372,384,52,61,12,13,28,18,68,63,9,19,29,27,2,4,11,11,135,143,11,10,3,5,9,7,2,3,4-4-2,6.79,4-4-2,6.86,7.93,6.51,,,4.428571428571429,22.928571428571427,12.0,11.96875,15.375,14.40625
293,Фортуна,Аугсбург,Дэниел Зиберт,1.7,3.9,4.75,26,1,1,1025,771,254,57,43,14,12,1,0,476,364,79,78,27,11,7,15,49,55,16,24,16,13,5,3,7,11,143,133,8,11,2,3,6,8,2,3,3-5-2,6.74,4-2-3-1,6.69,9.08,17.41,,,4.6,20.866666666666667,11.0,12.09375,10.625,11.0625
294,Герта,Леверкузен,Феликс Брых,5.5,4.75,1.5,29,1,0,700,1286,-586,31,69,14,15,4,3,266,592,81,54,17,26,17,20,57,43,14,14,19,8,5,4,16,5,133,155,14,12,5,2,8,8,6,4,4-1-4-1,6.81,4-2-3-1,6.97,16.23,5.42,,,4.375,22.3125,13.5,13.625,11.9375,11.53125
295,РБ Лейпциг,Дортмунд,Феликс Цвайер,2.15,3.75,3.2,20,0,1,1262,841,421,47,53,13,7,3,3,550,640,43,72,26,5,19,15,53,48,15,7,19,19,4,1,11,13,128,133,16,11,4,7,11,8,5,3,3-4-1-2,7.03,3-4-2-1,7.07,12.37,14.05,,,3.928571428571429,23.857142857142858,10.375,10.9375,9.4375,9.09375
296,Падерборн,Мгладбах,Тобиас Вельц,10.0,7.0,1.22,24,0,1,488,1712,-1224,49,51,11,13,4,2,433,456,56,48,14,11,22,12,45,52,10,6,14,28,3,5,4,6,135,109,11,22,1,11,5,14,6,8,3-4-1-2,6.69,4-2-3-1,6.95,19.14,8.71,,,5.333333333333333,30.666666666666668,13.4375,12.875,12.625,12.625
297,Юнион Берлин,Фортуна,Вред Осмерс,3.9,3.4,2.0,21,1,0,662,1861,-1199,42,58,15,6,0,1,358,456,74,56,14,40,15,18,49,82,22,39,17,15,6,10,12,11,156,157,11,27,5,2,5,14,6,13,4-1-4-1,6.78,3-4-3,6.74,12.05,10.76,,,3.8461538461538463,22.07692307692308,15.5625,15.393939393939394,13.1875,12.151515151515152
298,Леверкузен,Майнц 05,Бенджамин Кортус,1.36,5.75,7.0,20,1,0,1726,434,1292,67,33,10,10,1,1,650,314,49,46,23,10,20,34,56,58,12,16,19,13,11,4,8,10,130,132,13,6,2,1,8,3,5,3,4-2-3-1,6.96,4-2-3-1,6.79,5.47,23.05,,,3.272727272727273,27.181818181818183,11.125,11.636363636363637,14.4375,13.696969696969695
299,Дортмунд,Хоффенхайм,Гвидо Винкманн,1.83,4.333333333333334,3.75,12,0,2,612,1066,-454,59,41,7,5,1,0,684,457,61,43,18,21,18,23,35,38,5,7,12,10,2,5,10,16,112,105,7,16,4,7,1,13,6,3,3-4-3,7.07,3-5-2,6.84,16.76,24.2,,,4.5,24.6,8.75,9.030303030303031,12.875,11.454545454545457
300,Мгладбах,Герта,Дениз Айтекин,1.4,5.25,6.5,22,1,0,1717,415,1302,55,45,7,15,1,2,557,432,51,57,7,13,7,10,46,34,15,4,11,14,3,3,3,14,112,119,23,5,8,2,14,5,9,0,4-2-3-1,6.95,4-2-3-1,6.82,13.14,18.57,,,4.133333333333334,24.53333333333333,12.625,12.636363636363637,13.75,13.636363636363637
301,Э. Франкфурт,Падерборн,Бенджамин Брэнд,1.25,6.5,10.0,16,2,0,1240,671,569,61,39,13,3,0,1,554,353,62,67,26,16,15,15,47,48,19,9,15,16,6,2,10,16,141,144,13,17,4,5,10,11,3,6,3-4-1-2,6.89,3-4-1-2,6.69,6.93,18.95,,,3.0,20.0,13.0,12.484848484848484,12.3125,12.818181818181818
302,Аугсбург,РБ Лейпциг,Феликс Брых,6.0,5.75,1.4,22,0,1,283,1744,-1461,34,66,12,10,4,1,305,586,67,52,8,12,13,33,54,65,10,16,30,17,2,8,12,7,133,152,5,14,1,5,2,8,3,6,4-2-3-1,6.69,3-4-2-1,7.02,11.63,7.95,,,4.529411764705882,22.705882352941178,11.5,11.090909090909092,11.5,11.0
303,Фрайбург,Шальке 04,Мартин Петерсен,2.0,3.8,3.3,19,2,0,889,1222,-333,56,44,14,5,1,0,489,367,65,43,12,23,26,18,47,43,13,6,12,11,1,5,7,7,101,108,15,22,8,6,11,5,4,17,4-2-2-2,6.89,4-4-2,6.78,11.53,16.79,,,4.222222222222222,29.11111111111111,9.375,9.545454545454543,11.9375,11.969696969696969
304,Вольфсбург,Бавария М.,Патрик Иттрих,4.75,4.75,1.5699999999999998,22,0,2,459,2057,-1598,38,62,13,9,3,0,317,502,67,64,16,21,18,21,38,53,12,10,12,20,3,6,13,8,126,119,12,16,4,9,3,13,9,3,4-4-2,6.86,4-2-3-1,7.19,15.24,10.32,,,4.666666666666667,29.55555555555556,13.4375,14.454545454545457,9.4375,9.484848484848484
305,Бремен,Кельн,Бастиан Данкерт,1.53,4.5,5.25,38,3,0,1483,940,543,52,48,22,16,1,2,476,415,70,58,15,24,18,14,57,56,16,18,16,12,7,5,18,6,114,144,18,6,9,2,10,3,8,3,3-4-3,6.77,3-1-4-2,6.79,9.3,12.88,,,3.615384615384616,27.153846153846157,12.5,13.303030303030305,14.5,14.272727272727272
