,Team1,Team2,Referee,Coef_1,Coef_X,Coef_2,Total_Fouls,Team1_Score,Team2_Score,Team1_Intensive,Team2_Intensive,Intensive,Team1_Ball_possession,Team2_Ball_possession,Team1_Fouls,Team2_Fouls,Team1_Yellow_cards,Team2_Yellow_cards,Team1_Passes,Team2_Passes,Team1_Long_balls,Team2_Long_balls,Team1_Crosses,Team2_Crosses,Team1_Dribbles,Team2_Dribbles,Team1_Duels_won,Team2_Duels_won,Team1_Aerials_won,Team2_Aerials_won,Team1_Tackles,Team2_Tackles,Team1_Corner_kicks,Team2_Corner_kicks,Team1_Interceptions,Team2_Interceptions,Team1_Possession_lost,Team2_Possession_lost,Team1_Total_shots,Team2_Total_shots,Team1_Shots_on_target,Team2_Shots_on_target,Team1_Shots_inside_box,Team2_Shots_inside_box,Team1_Shots_outside_box,Team2_Shots_outside_box,Team1_Formation,Team1_Ratings,Team2_Formation,Team2_Ratings,Team1_PPDA,Team2_PPDA,Team1_Pre_PPDA,Team2_Pre_PPDA,Ref_Mean_Cards,Ref_Mean_Fouls,Team1_Mean_Fouls_Home,Team1_Mean_Fouls,Team2_Mean_Fouls_Away,Team2_Mean_Fouls
0,АС Монако,Лион,Рудди Буке,3.5,3.4,2.05,27,0,2,530,1554,-1024,39,61,10,17,2,2,392,619,29,46,9,12,13,19,54,44,6,14,25,13,2,5,10,8,97,98,7,13,1,3,4,4,3,9,4-2-3-1,0.0,4-3-3,0.0,17.96,8.64,,,4.0,20,10,10,10,10
1,Марсель,Реймс,Бризар Джером,1.66,3.4,6.0,26,0,0,1297,397,900,63,37,18,8,1,0,572,333,44,63,29,6,17,15,50,61,17,12,16,23,5,3,11,16,155,135,10,8,2,5,5,5,5,3,4-3-3,0.0,4-2-3-1,0.0,4.88,15.83,,,4.0,20,10,10,10,10
2,Анже,Бордо,Хаким Бен эль Салем Хадж,2.05,3.2,3.8,26,3,1,1343,806,537,47,53,11,15,2,1,422,470,63,44,16,6,22,22,76,53,21,20,25,12,4,3,8,10,140,133,14,8,4,3,5,4,9,4,4-1-4-1,0.0,4-2-3-1,0.0,9.5,10.96,,,4.0,20,10,10,10,10
3,Дижон,Сент-Этьен,Томас Леонард,3.8,3.4,2.0,27,1,2,1379,928,451,52,48,17,10,0,2,457,422,63,54,28,13,14,8,55,55,22,18,16,18,12,5,13,10,142,130,15,12,7,4,9,7,6,5,4-2-3-1,0.0,4-2-3-1,0.0,10.48,10.92,,,4.0,20,10,10,10,10
4,Монпелье,Ренн,Вилли Делайод,2.2,3.2,3.5,39,0,1,2056,390,1666,55,45,20,19,3,3,442,374,72,56,34,3,21,15,73,63,31,22,15,17,7,1,7,11,135,104,24,9,5,3,16,5,8,4,3-4-1-2,0.0,5-3-2,0.0,8.83,10.23,,,4.0,20,10,10,10,10
5,Ницца,Амьен,Джереми Пиньяр,2.25,3.0,3.75,18,1,0,1754,280,1474,68,32,10,8,3,4,618,274,54,49,16,14,16,13,40,42,10,21,11,8,7,3,9,11,104,101,17,8,6,2,11,7,6,1,4-3-3,0.0,4-4-1-1,0.0,8.61,22.72,,,4.0,20,10,10,10,10
6,Брест,Тулуза,Оливье Туаль,2.0,3.3,3.8,25,1,0,928,1247,-319,37,63,11,14,0,0,331,551,60,54,16,28,8,13,53,52,12,20,25,15,4,7,12,8,147,160,16,12,5,3,11,9,5,3,4-4-2,0.0,4-2-3-1,0.0,14.24,6.44,,,4.0,20,10,10,10,10
7,Лилль,Нант,Микаэль Лесаж,2.3,3.1,3.25,30,1,0,1109,1297,-188,54,46,13,17,2,4,420,346,60,51,16,22,26,13,49,61,10,21,11,21,5,11,10,10,120,122,13,13,3,3,7,7,6,6,4-2-3-1,0.0,4-3-3,0.0,8.38,12.9,,,4.0,20,10,10,10,10
8,Страсбург,Мец,Энтони Готье,2.2,3.1,3.5,18,1,0,1212,653,559,59,41,6,12,0,1,610,416,61,61,20,14,21,10,57,44,19,12,13,22,3,4,9,8,141,134,13,7,2,3,7,5,6,2,3-5-1-1,0.0,4-3-3,0.0,15.24,14.5,,,4.0,20,10,10,10,10
9,ПСЖ,Ним,Клемент Терпин,1.07,11.0,29.0,25,1,0,1918,296,1622,74,26,17,8,2,0,769,246,38,43,10,17,21,15,42,51,9,15,17,14,2,6,6,5,105,108,12,5,5,1,10,4,2,1,4-3-3,0.0,4-5-1,0.0,4.06,52.78,,,4.0,20,10,10,10,10
10,Лион,Анже,Бенуа Милло,1.45,4.333333333333334,7.0,21,3,0,1622,525,1097,67,33,7,14,1,2,755,359,44,48,7,13,17,7,52,30,8,6,19,12,2,5,11,16,109,121,11,10,9,3,9,3,2,7,4-3-3,7.08,4-1-4-1,7.02,7.63,23.88,,,4.0,20,10,17.0,10,11.0
11,Нант,Марсель,Бенуа Бастьен,2.4,3.1,3.1,34,0,0,1351,825,526,54,46,16,18,0,3,452,384,70,60,26,17,11,17,62,57,20,24,20,11,7,3,6,6,142,128,13,9,6,2,4,6,9,3,4-2-3-1,6.7,4-3-3,6.59,10.0,12.7,,,4.0,20,10,17.0,10,18.0
12,Амьен,Лилль,Карим Абед,3.3,3.1,2.37,20,0,0,856,1186,-330,49,51,13,7,1,1,420,406,46,59,15,30,5,22,50,54,19,18,21,15,3,10,11,13,139,174,8,9,3,0,5,2,3,7,4-2-3-1,6.52,4-2-3-1,6.85,12.94,13.88,,,4.0,20,10,8.0,10,13.0
13,Бордо,Монпелье,Фрэнк Шнайдер,2.55,3.0,3.1,36,0,1,1268,794,474,64,36,15,21,2,1,563,292,49,62,13,20,29,13,68,64,26,13,10,29,3,5,13,12,141,143,13,10,4,4,7,4,6,6,3-4-2-1,6.24,3-5-2,6.95,6.7,10.3,,,4.0,20,10,15.0,10,20.0
14,Мец,АС Монако,Эрик Ваттелье,3.1,3.2,2.4,22,1,0,1386,537,849,48,52,15,7,1,2,464,496,70,45,16,11,13,22,51,55,12,11,26,16,6,4,13,9,128,130,18,12,10,6,13,5,5,7,4-3-3,6.71,4-2-3-1,6.38,9.24,12.57,,,4.0,20,10,12.0,10,10.0
15,Ним,Ницца,Франсуа Летексье,2.0,3.4,3.8,33,1,2,1357,676,681,54,46,21,12,5,5,428,379,75,60,29,4,18,12,52,48,24,10,9,13,2,1,7,10,131,113,18,6,5,3,8,5,10,1,4-5-1,6.45,4-3-3,6.94,8.2,15.71,,,4.0,20,10,8.0,10,10.0
16,Тулуза,Дижон,Рудди Буке,1.9,3.5,4.1,16,0,0,1204,993,211,53,47,11,5,2,0,471,420,46,53,30,15,24,18,52,62,16,18,17,20,7,5,8,12,134,124,18,18,6,5,11,9,7,9,4-2-3-1,6.82,4-1-4-1,6.79,11.04,14.28,,,4.0,27.0,10,14.0,10,17.0
17,Сент-Этьен,Брест,Йохан Хамель,1.6,3.8,6.0,24,0,1,1656,575,1081,55,45,16,8,1,2,457,382,41,67,19,7,15,13,61,52,24,10,24,20,4,2,12,15,144,144,19,9,5,4,16,5,3,4,4-2-3-1,6.95,4-4-2,6.95,6.26,16.16,,,4.0,20,10,10.0,10,11.0
18,Реймс,Страсбург,Флоран Батта,2.1,3.2,3.8,37,0,0,1028,645,383,58,42,18,19,2,0,556,387,63,61,16,18,9,10,53,46,17,17,17,10,2,4,11,10,117,128,11,5,1,2,6,4,5,1,4-2-3-1,7.22,3-5-1-1,6.9,8.43,19.61,,,4.0,20,10,8.0,10,6.0
19,Ренн,ПСЖ,Энтони Готье,8.0,5.25,1.36,34,1,1,618,1533,-915,38,62,15,19,1,5,383,593,48,28,8,28,12,25,43,59,6,13,14,16,4,7,7,5,96,122,10,9,3,2,7,6,3,3,5-3-2,7.03,4-3-3,7.1,18.95,8.21,,,1.0,18.0,10,19.0,10,17.0
20,Амьен,Нант,Джереми Стинат,2.75,3.1,2.7,22,0,0,155,2367,-2212,37,63,9,13,1,1,394,658,55,61,5,22,15,16,60,50,23,10,16,18,2,5,17,14,132,139,3,25,1,6,2,10,1,15,4-2-3-1,6.71,4-2-3-1,6.82,15.5,7.29,,,4.0,20,13.0,10.5,17.0,16.5
21,Анже,Мец,Стефани Фраппар,2.05,3.2,3.75,23,2,0,1026,567,459,37,63,15,8,1,2,350,607,51,50,14,12,9,15,43,54,14,12,16,18,2,1,13,11,134,133,15,4,5,2,8,1,7,3,4-2-3-1,6.52,4-3-3,7.0,17.4,25.38,,,4.0,20,11.0,12.5,12.0,13.5
22,Дижон,Бордо,Франсуа Летексье,3.0,3.1,2.55,30,0,1,736,1134,-398,47,53,12,18,0,2,462,517,49,64,19,20,29,26,72,65,15,14,24,26,3,7,12,9,135,151,10,10,1,3,3,7,7,3,4-1-4-1,6.83,3-4-2-1,6.52,9.86,8.66,,,10.0,33.0,17.0,11.0,15.0,15.0
23,Брест,Реймс,Хаким Бен эль Салем Хадж,2.6,3.0,3.0,32,0,0,725,1205,-480,53,47,18,14,1,1,489,408,63,59,13,23,1,12,44,55,23,19,8,13,6,5,10,14,131,135,8,10,4,2,6,7,2,3,4-4-2,6.84,4-2-3-1,7.09,10.39,13.12,,,3.0,26.0,11.0,9.5,8.0,13.0
24,АС Монако,Ним,Амори Делерю,1.65,3.75,5.75,31,2,0,1074,1280,-206,45,55,14,17,2,1,349,411,52,53,15,22,25,21,69,56,19,13,22,18,6,7,11,5,119,136,16,14,6,4,12,8,4,6,4-4-2,6.49,4-3-3,6.55,9.26,9.3,,,4.0,20,10.0,8.5,8.0,14.5
25,Страсбург,Ренн,Рудди Буке,2.87,3.0,2.62,26,0,1,1848,503,1345,51,49,13,13,4,2,388,395,55,60,30,2,18,14,63,46,18,13,18,11,6,0,9,7,117,117,19,7,3,4,13,2,6,5,3-4-1-2,6.86,5-3-2,6.86,10.08,8.58,,,3.0,21.5,6.0,12.5,19.0,17.0
26,ПСЖ,Тулуза,Бризар Джером,1.1,10.0,23.0,21,0,0,3389,76,3313,71,29,8,13,0,1,662,267,27,47,35,7,25,17,46,50,7,9,15,21,12,1,8,11,121,103,21,3,11,0,18,3,3,0,4-3-3,6.93,5-4-1,6.96,4.44,27.58,,,1.0,26.0,17.0,18.0,14.0,12.5
27,Монпелье,Лион,Микаэль Лесаж,4.0,3.4,1.8,25,1,0,1142,549,593,50,50,14,11,2,4,479,470,66,55,24,15,19,15,50,53,14,18,18,15,8,2,6,10,118,114,19,14,5,4,8,5,11,9,3-4-1-2,6.84,4-3-3,7.34,14.37,17.71,,,6.0,30.0,20.0,20.5,17.0,12.0
28,Лилль,Сент-Этьен,Оливье Туаль,2.05,3.4,3.6,21,1,0,1028,694,334,49,51,9,12,0,0,460,465,46,59,11,13,8,12,41,49,16,19,12,17,3,3,5,14,126,120,16,9,7,4,12,6,4,3,4-2-3-1,6.77,4-2-3-1,6.89,14.86,12.36,,,0.0,25.0,13.0,10.0,10.0,13.0
29,Ницца,Марсель,Клемент Терпин,3.4,3.2,2.2,20,0,1,992,711,281,62,38,7,13,1,1,548,323,56,43,14,12,28,14,61,52,11,17,22,22,4,3,11,8,138,121,12,12,3,5,5,8,7,4,4-3-3,6.85,4-3-3,6.75,8.0,12.77,,,2.0,25.0,10.0,11.0,18.0,18.0
30,Мец,ПСЖ,Фрэнк Шнайдер,6.0,4.5,1.5,24,0,2,378,1321,-943,31,69,11,13,1,0,309,680,56,39,9,16,26,26,61,53,8,10,24,17,4,7,8,19,121,124,7,10,2,4,2,8,5,2,4-3-3,6.82,4-3-3,6.99,18.33,4.72,,,3.0,36.0,15.0,11.666666666666666,19.0,14.666666666666666
31,Лион,Бордо,Энтони Готье,1.5,4.2,6.5,26,1,0,605,1565,-960,46,54,12,14,4,3,434,494,48,35,10,22,20,21,53,53,10,11,19,20,4,5,15,8,117,118,10,18,3,6,6,9,4,9,4-3-3,7.12,4-2-3-1,6.66,10.88,12.61,,,3.5,26.0,7.0,11.666666666666666,16.5,16.0
32,Анже,Дижон,Джереми Пиньяр,1.61,3.75,5.5,28,0,0,1199,589,610,43,57,11,17,0,2,366,500,52,59,19,10,17,16,60,59,16,21,17,21,5,3,15,17,149,137,12,5,3,1,6,4,6,1,4-5-1,6.7,3-5-2,6.77,15.17,8.42,,,7.0,18.0,13.0,13.333333333333334,5.0,11.333333333333334
33,Нант,Монпелье,Карим Абед,2.5,3.1,3.1,26,0,0,948,568,380,49,51,14,12,2,2,473,479,49,85,20,17,20,8,69,52,26,20,23,18,6,2,18,10,152,158,14,8,7,1,7,5,7,3,4-2-3-1,6.94,3-4-1-2,6.94,12.12,12.71,,,2.0,20.0,16.0,15.333333333333334,21.0,18.333333333333332
34,Ним,Брест,Томас Леонард,2.1,3.25,3.75,28,2,0,1881,492,1389,38,62,11,17,3,4,310,520,67,59,26,8,12,13,61,59,24,26,15,16,8,2,14,9,146,158,21,7,8,3,14,5,7,2,4-4-2,6.62,4-5-1,6.84,15.68,8.94,,,2.0,27.0,21.0,15.333333333333334,8.0,12.333333333333334
35,Тулуза,Амьен,Флоран Батта,2.3,3.0,3.5,23,0,0,869,1081,-212,45,55,15,8,0,1,513,596,48,50,14,23,16,12,36,43,6,9,14,14,4,3,16,5,126,128,13,10,3,1,8,4,5,6,4-3-3,6.77,5-4-1,6.65,15.04,17.37,,,2.0,37.0,11.0,12.666666666666666,8.0,10.0
36,Реймс,Лилль,Эрик Ваттелье,3.0,2.87,2.7,34,0,0,877,1155,-278,40,60,19,15,3,2,312,474,53,57,14,14,18,13,52,69,13,27,19,16,5,1,7,7,144,137,12,11,5,3,9,7,3,4,4-2-3-1,7.04,4-2-3-1,6.89,13.71,6.2,,,3.0,22.0,18.0,13.333333333333334,7.0,9.666666666666666
37,Ренн,Ницца,Йохан Хамель,1.7,3.5,5.25,26,1,0,935,955,-20,45,55,13,13,2,3,353,445,46,42,31,13,15,21,46,49,9,11,18,15,8,6,6,8,108,105,11,11,3,7,7,8,4,3,5-3-2,6.88,4-3-3,6.79,13.96,8.78,,,3.0,24.0,15.0,15.666666666666666,12.0,9.666666666666666
38,Страсбург,АС Монако,Вилли Делайод,2.45,3.2,3.0,31,1,2,1426,691,735,58,42,14,17,4,3,486,352,71,55,31,10,22,18,75,62,32,16,17,22,6,4,9,12,170,147,14,16,5,6,7,12,7,4,3-4-1-2,6.83,3-5-2,6.57,6.42,9.42,,,6.0,39.0,9.5,12.666666666666666,7.0,10.333333333333334
39,Марсель,Сент-Этьен,Бенуа Милло,1.8,3.75,4.5,23,1,0,454,1149,-695,49,51,16,7,5,2,446,441,45,54,12,21,18,18,55,64,18,10,20,27,5,6,15,19,131,141,9,12,2,3,3,8,6,4,4-3-3,6.76,3-4-1-2,6.78,8.9,8.06,,,3.0,21.0,18.0,16.333333333333332,11.0,12.666666666666666
40,Лилль,Анже,Рудди Буке,1.95,3.4,4.0,19,1,0,1445,531,914,56,44,3,16,1,2,595,458,57,71,19,16,17,15,63,43,14,19,25,16,4,4,12,10,150,164,13,7,4,3,7,4,6,3,4-2-3-1,6.81,5-3-2,6.75,16.5,14.46,,,4.0,23.0,11.0,11.0,14.0,12.75
41,Амьен,Лион,Бенуа Бастьен,4.2,3.5,1.9,26,1,2,658,1016,-358,49,51,12,14,3,2,511,528,34,53,17,5,12,16,54,41,13,10,20,12,4,1,8,7,133,120,11,12,2,6,4,8,7,4,4-4-2,6.64,4-3-3,7.04,12.0,15.5,,,3.0,34.0,11.0,9.5,14.0,11.75
42,ПСЖ,Страсбург,Амори Делерю,1.2,7.0,13.0,24,0,0,1793,284,1509,61,39,12,12,2,2,618,381,33,79,22,11,19,19,44,60,5,22,14,16,5,2,13,17,133,136,16,6,7,3,9,3,7,3,4-2-3-1,7.03,5-3-2,6.83,6.63,19.0,,,3.0,31.0,12.5,14.25,19.0,13.0
43,Бордо,Мец,Микаэль Лесаж,2.0,3.2,4.0,33,2,0,1005,1121,-116,45,55,18,15,2,2,431,520,52,49,12,23,24,34,77,78,27,14,28,25,4,6,7,6,125,154,15,15,6,3,7,10,8,5,4-2-3-1,6.71,4-3-3,6.75,8.81,9.03,,,6.0,27.5,15.0,15.5,10.0,11.5
44,Дижон,Ним,Стефани Фраппар,2.8,3.3,2.5,25,0,0,1271,354,917,59,41,14,11,3,1,513,348,90,63,18,13,22,12,71,69,30,35,17,16,6,0,5,12,172,177,17,8,2,3,9,5,8,3,4-3-3,6.74,4-3-3,6.79,7.82,11.96,,,3.0,23.0,14.5,12.75,12.5,14.25
45,Монпелье,Ницца,Оливье Туаль,1.9,3.4,4.333333333333334,28,1,1,1339,709,630,41,59,17,11,2,2,375,555,65,54,22,11,15,25,55,59,12,12,27,15,8,1,4,10,127,113,17,13,8,5,9,2,8,11,3-4-1-2,6.88,4-3-3,6.82,16.63,11.59,,,0.0,23.0,17.0,16.75,12.5,10.5
46,Брест,Ренн,Клемент Терпин,3.1,3.2,2.37,22,0,0,742,901,-159,49,51,10,12,2,2,429,429,77,46,16,27,14,13,51,38,13,12,18,15,2,4,13,9,142,136,10,9,2,2,5,5,5,4,4-2-3-1,6.76,5-3-2,6.81,15.88,11.55,,,2.0,22.5,14.5,13.5,16.0,15.0
47,Нант,Реймс,Вилли Делайод,2.15,3.1,3.75,33,0,0,1006,653,353,53,47,18,15,1,3,484,413,55,67,15,15,15,21,64,61,23,23,20,16,7,5,10,10,146,147,8,9,4,1,6,7,2,2,4-2-3-1,7.0,4-3-3,6.99,8.61,15.05,,,6.5,35.0,15.0,15.0,11.0,14.75
48,Сент-Этьен,Тулуза,Джереми Стинат,1.5699999999999998,4.0,6.0,28,1,2,1754,744,1010,59,41,15,13,3,0,447,320,52,44,37,11,16,16,51,57,16,14,13,19,9,7,13,12,123,116,14,10,4,7,8,6,6,4,4-2-3-1,6.81,4-2-3-1,6.83,6.44,19.33,,,2.0,22.0,16.0,11.25,13.5,13.25
49,АС Монако,Марсель,Энтони Готье,2.0,3.6,3.6,23,2,2,1478,1099,379,43,57,9,14,3,3,378,506,42,48,23,17,18,14,47,48,13,16,10,14,6,4,13,7,115,111,12,13,8,6,9,10,3,3,4-4-2,6.61,4-3-3,6.8,17.42,9.24,,,4.666666666666667,26.0,12.0,12.0,15.5,16.25
50,Страсбург,Нант,Флоран Батта,2.25,3.0,3.5,27,0,1,1885,358,1527,60,40,11,16,2,2,513,334,72,61,28,11,12,9,68,40,27,11,18,15,9,2,5,6,145,127,17,10,5,3,12,5,5,5,3-4-1-2,6.82,4-4-1-1,7.0,8.62,13.38,,,1.5,30.0,11.0,12.8,15.0,15.6
51,Марсель,Монпелье,Амори Делерю,1.95,3.2,4.333333333333334,28,0,1,2613,222,2391,65,35,11,17,3,3,576,310,36,76,38,8,29,19,73,58,16,24,19,15,15,1,4,13,151,138,24,2,5,1,9,1,15,1,4-3-3,6.83,3-4-1-2,6.89,8.13,10.74,,,3.5,27.5,17.0,15.8,16.5,16.8
52,Бордо,Брест,Бенуа Милло,1.72,3.5,5.25,20,1,2,1182,1188,-6,55,45,9,11,4,3,510,392,44,64,21,29,18,8,49,40,20,8,10,17,5,9,6,8,133,138,18,13,5,3,8,8,10,5,3-4-3,6.78,4-2-3-1,6.81,13.24,22.21,,,5.0,22.0,16.5,16.0,12.5,12.8
53,Мец,Амьен,Хаким Бен эль Салем Хадж,2.15,3.1,3.75,25,0,1,1066,982,84,51,49,13,12,1,1,459,462,60,76,32,14,29,13,72,60,24,19,23,25,4,6,14,13,167,154,13,9,4,5,6,5,7,4,4-3-3,6.75,4-2-3-1,6.67,10.56,10.04,,,2.5,29.0,13.0,12.2,8.0,10.0
54,Ним,Тулуза,Карим Абед,2.0,3.5,3.75,25,1,0,1150,886,264,40,60,14,11,1,3,344,502,71,57,15,22,10,24,66,61,26,19,27,17,5,7,12,9,125,166,19,9,4,2,11,5,8,4,4-2-3-1,6.79,4-2-3-1,6.83,11.41,12.27,,,3.0,23.0,16.0,13.6,13.333333333333334,13.2
55,Ницца,Дижон,Вилли Делайод,1.75,3.3,5.25,20,1,1,1389,712,677,66,34,7,13,2,3,604,307,44,60,10,9,34,13,58,49,8,9,18,25,6,3,14,13,143,119,16,13,6,7,9,9,7,4,4-3-3,6.82,4-2-3-1,6.78,5.79,14.54,,,5.666666666666667,34.333333333333336,8.5,10.6,11.0,13.0
56,Реймс,АС Монако,Оливье Туаль,2.5,3.3,2.9,26,0,0,1011,931,80,45,55,16,10,0,2,382,471,56,37,20,15,18,14,47,45,9,5,19,19,6,3,15,3,114,121,16,12,4,4,10,4,6,8,4-2-3-1,6.92,3-5-2,6.59,9.32,15.94,,,1.3333333333333333,24.666666666666668,18.5,14.8,12.0,11.4
57,Ренн,Лилль,Бризар Джером,2.9,3.0,2.55,25,0,0,936,1170,-234,50,50,14,11,2,2,443,430,51,59,19,17,22,21,53,63,15,22,18,20,4,8,4,9,130,116,11,15,3,6,4,7,7,8,4-4-2,6.81,4-2-3-1,6.85,16.25,11.96,,,1.0,23.5,14.0,14.4,11.0,9.4
58,Анже,Сент-Этьен,Фрэнк Шнайдер,2.0,3.3,3.8,25,0,1,1141,836,305,50,50,13,12,1,1,475,464,63,59,14,17,16,22,56,55,18,13,18,16,5,4,21,12,126,140,14,6,5,2,10,4,4,2,4-1-4-1,6.7,4-2-3-1,6.82,9.25,12.78,,,2.0,30.0,12.333333333333334,13.4,9.666666666666666,12.0
59,Лион,ПСЖ,Рудди Буке,3.5,4.2,1.85,14,0,0,346,1811,-1465,37,63,8,6,1,1,396,678,33,48,12,19,23,21,39,58,5,4,17,32,2,11,5,6,99,106,12,21,0,7,3,13,9,8,3-5-2,6.98,4-3-3,7.03,21.47,7.89,,,3.75,22.0,9.5,12.2,16.0,13.8
60,Дижон,Марсель,Джереми Стинат,3.25,3.4,2.2,23,0,0,1229,847,382,44,56,9,14,3,3,399,494,67,59,15,14,24,21,60,66,19,28,16,21,8,3,17,15,155,140,18,9,6,2,10,7,8,2,4-2-3-1,6.76,4-3-3,6.85,12.44,5.93,,,2.5,25.0,14.333333333333334,13.0,15.0,15.0
61,АС Монако,Ницца,Микаэль Лесаж,1.8,3.5,4.5,24,1,0,1064,1053,11,39,61,10,14,2,3,322,493,42,56,9,13,17,33,65,46,15,11,27,11,5,7,10,16,101,134,17,10,5,3,16,7,1,3,3-5-2,6.64,4-3-3,6.86,10.63,6.32,,,5.333333333333333,29.333333333333332,11.0,11.166666666666666,12.0,10.0
62,Амьен,Бордо,Вилли Делайод,2.62,3.0,3.0,28,1,2,1005,1138,-133,46,54,15,13,2,2,410,502,52,71,25,8,16,23,60,60,20,19,21,17,3,3,5,12,158,145,11,15,3,6,7,5,4,10,4-2-3-1,6.69,3-4-2-1,6.79,11.43,11.4,,,5.5,30.75,11.333333333333334,10.333333333333334,15.666666666666666,14.833333333333334
63,Нант,Ренн,Энтони Готье,2.5,3.1,3.0,34,0,0,654,816,-162,44,56,17,17,2,4,347,451,48,64,14,11,22,18,68,62,24,19,23,19,2,4,6,8,138,137,9,6,2,2,7,5,2,1,4-2-3-1,6.92,4-4-2,6.82,10.41,9.95,,,5.0,25.25,16.0,15.666666666666666,14.666666666666666,14.333333333333334
64,Лилль,Страсбург,Йохан Хамель,1.75,3.5,5.25,19,1,0,1531,242,1289,65,35,7,12,0,1,650,351,54,60,21,10,7,16,32,50,7,16,14,18,4,2,7,6,109,113,12,5,5,1,9,3,3,2,4-4-2,6.85,3-5-1-1,6.86,8.83,36.0,,,4.0,25.0,8.333333333333334,9.666666666666666,15.5,12.5
65,Монпелье,Ним,Бенуа Бастьен,2.05,3.4,3.6,33,1,0,889,887,2,55,45,14,19,3,4,416,324,78,71,15,18,18,17,61,69,22,35,14,17,4,8,7,22,159,148,12,15,4,3,5,6,7,9,3-4-1-2,6.85,5-3-2,6.83,7.17,7.16,,,4.0,30.0,17.0,16.833333333333332,12.0,13.666666666666666
66,Сент-Этьен,Мец,Эрик Ваттелье,1.9,3.3,4.2,24,0,1,1328,617,711,52,48,12,12,4,2,423,403,45,67,34,17,18,23,65,79,23,34,19,19,8,5,19,17,155,146,15,13,3,2,11,7,4,6,4-2-3-1,6.75,4-3-3,6.77,6.47,13.0,,,4.0,28.0,15.5,12.0,11.666666666666666,12.333333333333334
67,Брест,Лион,Амори Делерю,4.5,3.75,1.75,19,1,1,930,876,54,43,57,9,10,0,0,459,606,48,67,21,16,8,20,38,47,12,6,16,17,2,6,13,11,143,146,14,11,5,5,6,8,8,3,4-2-3-1,6.81,4-2-3-1,6.95,13.22,12.68,,,4.333333333333333,27.666666666666668,13.0,12.5,14.0,11.5
68,Тулуза,Анже,Оливье Туаль,2.62,3.1,2.87,27,0,0,746,1400,-654,57,43,15,12,1,0,507,377,56,59,25,20,13,9,56,53,19,24,15,13,5,11,11,12,151,141,6,22,1,6,4,10,2,12,4-3-3,6.81,4-3-3,6.78,7.95,22.43,,,1.5,25.0,13.0,12.833333333333334,15.0,13.333333333333334
69,ПСЖ,Реймс,Франсуа Летексье,1.3,5.5,9.5,21,0,1,1348,787,561,72,28,10,11,1,2,740,276,37,66,21,15,27,24,58,45,12,9,20,17,6,6,7,12,125,120,12,13,3,3,6,9,6,4,4-3-3,7.06,4-4-1-1,6.94,6.13,20.24,,,6.0,31.5,12.333333333333334,12.5,12.333333333333334,15.0
70,Лион,Нант,Бенуа Милло,1.5,3.8,7.5,20,0,0,1749,758,991,62,38,10,10,2,2,589,346,30,46,23,15,25,14,61,44,19,9,20,18,7,8,10,12,148,146,14,11,7,2,9,4,5,7,4-3-3,6.95,4-4-1-1,6.9,9.0,23.6,,,5.666666666666667,21.333333333333332,9.0,11.285714285714286,15.333333333333334,15.857142857142858
71,Бордо,ПСЖ,Бризар Джером,7.0,5.25,1.36,23,0,0,117,2921,-2804,35,65,10,13,0,3,382,673,55,60,1,21,12,29,48,53,7,9,19,18,0,9,15,12,135,144,4,21,1,7,1,18,3,3,3-4-2-1,6.82,4-3-3,7.01,24.33,5.95,,,2.0,24.0,14.0,14.571428571428571,12.666666666666666,12.142857142857142
72,Анже,Амьен,Карим Абед,1.66,3.5,6.0,23,0,1,2009,400,1609,59,41,10,13,1,0,565,397,77,82,30,12,23,7,77,46,35,17,16,15,10,2,7,16,190,164,23,8,6,4,13,5,10,3,4-1-4-1,6.82,4-2-3-1,6.64,12.28,14.63,,,3.3333333333333335,23.666666666666668,12.5,13.142857142857142,9.333333333333334,11.0
73,АС Монако,Брест,Рудди Буке,1.4,4.5,9.5,22,1,0,1852,436,1416,54,46,7,15,1,2,534,447,62,47,21,7,15,20,61,43,13,8,23,19,7,1,10,9,121,133,22,5,14,1,16,3,6,2,3-5-2,6.71,4-2-3-1,6.79,10.78,15.0,,,3.4,20.4,10.75,11.0,12.0,12.0
74,Мец,Тулуза,Флоран Батта,2.1,3.25,3.8,27,1,0,715,1345,-630,47,53,10,17,1,1,395,433,60,52,14,23,14,11,66,47,20,15,23,17,3,6,11,5,148,162,13,15,3,7,8,11,5,4,4-3-3,6.82,4-2-3-1,6.8,14.8,8.63,,,2.3333333333333335,29.0,13.0,12.285714285714286,12.75,13.142857142857142
75,Ницца,Лилль,Клемент Терпин,3.1,3.2,2.45,22,1,1,1103,842,261,59,41,8,14,2,2,586,411,37,40,18,12,25,23,44,54,2,5,19,27,6,5,7,10,114,111,12,11,5,6,6,5,6,6,4-3-3,6.81,4-2-3-1,6.86,10.52,14.1,,,2.6666666666666665,22.333333333333332,8.0,10.571428571428571,11.0,9.285714285714286
76,Реймс,Дижон,Джереми Пиньяр,1.72,3.4,5.75,29,1,1,1543,799,744,56,44,8,21,1,2,470,376,49,82,29,10,23,7,71,51,22,26,18,16,5,4,13,10,151,155,18,11,2,4,11,8,7,3,4-2-3-1,6.96,4-2-3-1,6.79,10.29,7.55,,,4.5,23.0,17.666666666666668,14.428571428571429,11.666666666666666,12.428571428571429
77,Страсбург,Монпелье,Хаким Бен эль Салем Хадж,2.25,3.2,3.3,31,1,0,628,1040,-412,46,54,18,13,4,2,382,438,75,67,15,19,20,13,52,69,24,24,7,19,1,6,12,11,160,164,8,11,3,3,3,7,5,4,3-5-2,6.82,3-4-1-2,6.88,9.56,7.44,,,2.3333333333333335,27.666666666666668,11.0,12.428571428571429,16.666666666666668,16.428571428571427
78,Ним,Сент-Этьен,Томас Леонард,2.55,3.2,2.9,27,0,0,2115,465,1650,65,35,12,15,1,4,467,256,76,72,36,12,17,12,74,59,30,33,21,12,13,5,11,19,151,147,23,6,8,4,11,3,12,3,4-3-3,6.82,4-2-3-1,6.76,6.62,14.65,,,4.5,27.5,15.333333333333334,14.428571428571429,10.25,12.0
79,Марсель,Ренн,Фрэнк Шнайдер,2.0,3.6,3.75,31,0,1,1192,759,433,55,45,18,13,4,0,488,401,51,53,22,15,14,19,63,64,17,18,23,17,7,4,12,9,144,139,17,11,5,3,7,7,10,4,4-2-3-1,6.88,5-3-2,6.79,7.34,10.15,,,2.0,28.333333333333332,15.0,14.857142857142858,15.25,14.714285714285714
80,Амьен,Марсель,Йохан Хамель,3.1,3.4,2.3,31,2,1,625,1420,-795,32,68,16,15,1,3,268,565,59,51,12,22,18,24,61,80,20,24,21,24,3,7,7,10,139,144,11,13,5,4,8,3,3,10,4-2-3-1,6.64,4-2-3-1,6.87,13.36,4.1,,,3.0,23.0,12.25,11.25,14.75,15.25
81,ПСЖ,Анже,Вилли Делайод,1.2,7.0,13.0,23,2,0,2183,355,1828,72,28,12,11,3,1,885,322,30,46,11,9,34,15,65,45,9,4,24,23,6,1,12,6,116,119,15,10,8,2,12,3,3,7,4-3-3,7.04,4-5-1,6.84,7.79,35.75,,,5.2,30.2,11.75,12.25,14.0,12.75
82,Дижон,Страсбург,Бенуа Милло,3.0,3.0,2.5,21,1,0,898,961,-63,43,57,7,14,3,3,420,546,77,57,14,24,15,10,43,39,13,13,14,16,6,7,10,11,136,128,8,15,3,2,6,7,2,8,4-4-2,6.79,3-5-1-1,6.82,22.88,8.26,,,5.25,21.0,13.0,13.5,14.333333333333334,13.125
83,Нант,Ницца,Амори Делерю,2.0,3.3,3.75,21,0,0,1264,389,875,45,55,14,7,1,2,481,605,45,54,19,4,23,25,58,61,9,13,26,24,6,1,14,16,142,134,14,6,5,2,8,4,6,2,4-2-3-1,6.9,4-3-3,6.81,12.31,10.15,,,3.25,25.5,16.25,15.125,12.5,10.25
84,Монпелье,АС Монако,Франсуа Летексье,3.1,3.3,2.25,29,2,0,1097,1634,-537,38,62,18,11,1,2,320,518,71,34,20,28,16,15,54,52,24,19,12,9,6,8,11,2,122,134,17,14,10,4,14,12,3,2,3-4-1-2,6.87,3-5-2,6.79,11.0,11.44,,,5.0,28.0,16.25,16.0,11.333333333333334,10.5
85,Брест,Мец,Энтони Готье,2.6,3.2,2.8,27,2,0,386,1687,-1301,33,67,12,15,2,1,307,594,56,44,9,33,13,16,61,53,19,16,21,16,2,9,16,6,133,163,7,12,3,4,5,3,2,9,4-2-3-1,6.74,4-3-3,6.82,16.14,5.0,,,5.2,27.0,12.0,12.375,11.75,12.0
86,Тулуза,Бордо,Бенуа Бастьен,2.37,3.1,3.3,32,0,2,1309,1165,144,32,68,16,16,4,2,268,604,49,80,30,10,22,16,74,61,23,22,21,16,5,4,13,9,142,146,15,10,4,4,7,3,8,7,4-3-3,6.78,3-4-2-1,6.8,11.88,4.81,,,5.0,31.0,13.666666666666666,13.625,15.0,14.0
87,Лилль,Ним,Микаэль Лесаж,1.5699999999999998,3.75,6.5,29,1,1,1436,912,524,65,35,19,10,3,1,505,264,68,57,18,16,15,16,54,63,27,26,13,14,8,6,3,8,157,138,18,14,7,4,13,10,5,4,4-2-2-2,6.86,4-4-2,6.84,5.57,17.29,,,5.25,28.0,8.0,9.875,13.75,14.125
88,Ренн,Реймс,Стефани Фраппар,2.45,3.1,3.2,33,0,0,1525,1041,484,63,37,13,20,1,3,513,300,57,58,30,12,15,22,64,59,21,13,21,21,5,3,10,15,162,152,18,13,3,7,9,8,9,5,5-3-2,6.79,4-2-3-1,6.94,4.31,13.7,,,3.5,24.0,14.0,14.5,12.0,13.625
89,Сент-Этьен,Лион,Клемент Терпин,3.6,3.6,1.95,31,0,0,761,637,124,46,54,13,18,1,2,424,510,65,62,20,8,20,25,64,67,15,22,20,19,5,1,9,11,159,145,7,6,4,2,5,3,2,3,3-4-1-2,6.78,3-4-1-2,6.94,14.56,7.72,,,3.0,22.25,14.333333333333334,12.375,13.0,11.125
90,Ницца,ПСЖ,Франсуа Летексье,8.5,5.0,1.36,27,0,2,310,2332,-2022,39,61,12,15,3,2,357,556,38,47,6,24,18,20,44,47,6,4,11,16,1,13,8,15,100,114,10,23,2,10,7,18,3,5,4-3-3,6.81,4-2-2-2,7.09,13.35,7.58,,,4.5,28.25,8.0,9.88888888888889,12.75,12.222222222222221
91,Лион,Дижон,Фрэнк Шнайдер,1.36,5.0,8.5,23,0,0,2494,122,2372,64,36,12,11,0,0,617,347,57,64,41,9,20,13,63,47,23,18,15,14,8,1,15,6,157,139,24,6,10,1,15,3,9,3,4-3-3,6.9,4-2-3-1,6.81,9.82,32.18,,,2.5,29.0,9.25,11.88888888888889,14.0,12.777777777777779
92,Анже,Брест,Эрик Ваттелье,1.61,3.75,6.0,21,0,0,1928,528,1400,55,45,10,11,1,0,505,426,53,51,39,14,16,12,57,57,27,17,13,24,13,3,12,6,150,146,29,6,6,1,18,4,11,2,4-1-4-1,6.78,4-2-3-1,6.78,9.92,14.0,,,4.666666666666667,26.666666666666668,12.0,12.555555555555555,12.75,12.333333333333334
93,Мец,Нант,Джереми Пиньяр,2.5,3.0,3.1,29,0,0,967,773,194,47,53,16,13,2,1,451,501,69,44,16,11,11,15,53,58,17,17,18,17,3,3,9,4,133,142,10,9,2,2,4,4,6,5,4-3-3,6.81,4-2-3-1,6.92,12.5,16.0,,,4.0,25.0,12.25,12.333333333333334,14.0,15.0
94,Ним,Амьен,Джереми Стинат,2.3,3.4,3.1,26,1,0,382,1598,-1216,37,63,11,15,2,4,288,489,72,59,12,17,11,19,58,62,14,28,26,11,1,11,19,12,169,198,11,12,3,5,3,8,8,4,4-2-3-1,6.84,4-2-3-1,6.66,10.32,4.5,,,3.6666666666666665,24.333333333333332,14.5,13.666666666666666,10.25,11.777777777777779
95,Реймс,Монпелье,Флоран Батта,2.25,2.87,3.8,30,1,0,589,1280,-691,42,58,19,11,2,0,364,486,67,63,17,22,22,11,56,69,19,31,13,14,4,8,11,10,138,147,12,9,5,0,7,6,5,3,4-2-3-1,6.95,3-5-1-1,6.89,11.91,9.13,,,2.25,28.5,15.25,14.333333333333334,15.75,16.22222222222222
96,Тулуза,Лилль,Стефани Фраппар,3.3,3.3,2.25,26,0,0,1055,787,268,40,60,15,11,2,4,316,464,63,47,17,19,13,12,61,47,24,20,19,10,3,4,7,7,130,133,17,9,6,2,12,5,5,4,4-4-2,6.78,4-2-3-1,6.84,14.15,9.93,,,3.6666666666666665,27.0,14.25,13.88888888888889,11.75,10.88888888888889
97,Бордо,Сент-Этьен,Рудди Буке,2.45,3.1,3.0,25,0,0,1440,383,1057,63,37,7,18,0,3,599,348,59,67,17,10,11,24,69,66,28,26,21,21,8,5,16,12,158,154,12,6,6,3,7,1,5,5,3-4-2-1,6.81,3-4-2-1,6.8,6.63,10.98,,,3.3333333333333335,20.666666666666668,13.0,14.222222222222221,11.2,12.444444444444445
98,АС Монако,Ренн,Хаким Бен эль Салем Хадж,1.65,4.0,5.25,30,1,1,1714,743,971,63,37,15,15,2,3,607,345,46,50,24,18,16,9,55,45,16,13,14,18,3,3,8,19,144,120,14,10,5,3,8,9,6,1,3-4-1-2,6.78,5-3-2,6.79,10.84,14.55,,,3.25,28.5,10.0,10.555555555555555,14.8,14.333333333333334
99,Марсель,Страсбург,Бризар Джером,1.72,3.5,5.0,28,1,0,790,916,-126,50,50,13,15,3,2,476,463,48,64,12,21,12,18,56,54,16,12,21,19,5,7,11,16,130,134,11,10,6,2,6,7,5,3,4-3-3,6.84,4-4-1-1,6.81,14.38,12.67,,,2.25,23.75,15.75,15.222222222222221,14.25,13.222222222222221
100,Нант,АС Монако,Томас Леонард,3.1,3.3,2.3,22,0,1,1348,680,668,58,42,9,13,2,2,568,398,47,69,19,12,32,18,62,59,17,14,16,30,5,3,6,11,162,149,15,7,4,2,11,6,4,1,4-2-3-1,6.89,3-5-2,6.8,10.26,12.17,,,4.666666666666667,27.333333333333332,15.8,14.8,11.25,11.0
101,Лилль,Бордо,Вилли Делайод,1.83,3.4,4.5,35,1,0,1041,390,651,44,56,17,18,0,2,380,488,73,56,15,9,18,18,61,65,15,18,18,23,3,3,16,8,170,168,11,5,3,1,8,2,3,3,3-4-3,6.81,3-4-2-1,6.8,8.94,8.0,,,5.0,29.0,10.2,10.9,15.2,13.5
102,Монпелье,Анже,Бенуа Милло,2.2,3.1,3.6,26,0,0,1405,740,665,60,40,14,12,2,3,567,383,63,67,35,17,17,21,68,65,27,21,19,20,5,2,8,11,150,136,14,13,3,6,10,5,4,8,3-4-1-2,6.88,4-1-4-1,6.79,6.42,20.59,,,5.4,21.0,16.6,15.7,13.25,12.3
103,Лион,Мец,Йохан Хамель,1.4,4.5,7.5,21,2,0,1609,682,927,66,34,12,9,1,2,662,346,42,37,19,5,25,13,51,46,15,7,14,20,7,2,13,10,116,101,18,16,7,3,9,5,9,11,4-4-2,6.94,4-3-3,6.82,7.17,25.11,,,3.25,25.0,9.8,11.9,12.4,12.7
104,Брест,Дижон,Джереми Пиньяр,2.3,3.2,3.2,18,0,0,771,1199,-428,46,54,10,8,0,0,428,483,65,71,12,29,17,15,47,52,13,18,18,19,9,5,15,12,153,158,15,14,7,5,9,8,6,6,4-2-3-1,6.82,4-2-3-1,6.82,13.95,13.68,,,3.75,26.0,12.0,12.2,13.4,12.6
105,Реймс,Ним,Клемент Терпин,1.65,3.6,5.5,28,0,0,727,952,-225,56,44,15,13,3,1,484,367,55,65,21,23,27,13,65,66,23,28,10,19,4,6,7,6,159,151,12,8,1,1,7,6,5,2,4-2-3-1,6.95,4-4-2,6.85,9.33,13.44,,,3.0,24.0,16.0,14.8,13.0,13.4
106,Страсбург,Ницца,Микаэль Лесаж,1.85,3.4,4.5,34,1,0,1419,653,766,51,49,22,12,1,3,423,396,77,51,26,14,13,22,60,68,18,17,23,19,4,7,15,18,135,141,20,9,6,5,12,8,8,1,4-3-1-2,6.8,3-4-1-2,6.76,5.84,12.72,,,5.0,28.2,12.4,13.4,11.4,10.1
107,Ренн,Тулуза,Энтони Готье,1.8,3.4,5.0,38,2,1,1117,1128,-11,52,48,18,20,1,2,343,310,58,65,19,26,22,14,77,72,32,26,17,22,7,5,6,15,152,152,14,15,6,5,8,6,6,9,4-4-2,6.77,4-4-2,6.79,5.76,5.53,,,4.833333333333333,27.0,13.75,14.4,13.6,14.0
108,Сент-Этьен,Амьен,Амори Делерю,2.25,3.25,3.3,34,1,0,971,1118,-147,44,56,17,17,2,3,399,506,71,54,22,21,17,18,79,54,32,17,20,13,5,4,12,8,146,157,16,11,2,5,8,7,8,4,3-4-2-1,6.82,4-2-3-1,6.67,10.13,10.09,,,3.2,24.6,14.0,13.0,11.2,12.1
109,ПСЖ,Марсель,Бенуа Бастьен,1.16,7.0,15.0,21,4,0,1725,663,1062,61,39,11,10,2,1,655,398,41,39,12,20,22,20,40,62,7,13,12,23,5,3,7,7,107,108,13,11,8,2,9,6,4,5,4-3-3,7.12,4-3-3,6.87,7.74,16.59,,,5.25,31.25,11.8,12.5,14.8,15.0
110,Дижон,ПСЖ,Рудди Буке,11.0,6.0,1.22,21,1,1,413,1560,-1147,33,67,12,9,3,2,302,599,63,37,12,22,14,24,46,63,14,14,19,24,3,6,6,10,124,110,10,20,6,4,7,14,3,6,4-4-2,6.82,4-3-3,7.12,18.95,10.75,,,3.2857142857142856,21.285714285714285,11.8,12.181818181818182,13.2,12.363636363636363
111,Марсель,Лилль,Хаким Бен эль Салем Хадж,2.05,3.3,3.8,28,0,0,809,648,161,43,57,13,15,1,3,356,460,61,50,13,15,9,13,65,46,27,20,20,7,4,4,15,7,146,158,11,6,1,2,10,5,1,1,4-3-3,6.84,3-4-3,6.84,10.7,8.05,,,3.6,28.8,15.2,14.545454545454545,11.6,11.454545454545455
112,Амьен,Брест,Фрэнк Шнайдер,1.61,3.75,6.0,23,1,0,693,1402,-709,44,56,12,11,3,1,406,490,66,69,10,24,14,21,48,70,18,25,14,20,3,9,10,15,162,158,6,15,2,4,5,9,1,6,4-2-3-1,6.66,4-3-3,6.85,17.47,7.58,,,2.0,27.8,13.0,12.545454545454545,12.4,12.0
113,Анже,Страсбург,Флоран Батта,2.1,3.1,4.0,33,1,0,486,1394,-908,35,65,13,20,1,1,305,556,65,57,12,33,14,13,50,62,16,21,10,21,4,8,8,10,134,146,11,8,6,3,4,7,7,1,4-1-4-1,6.8,4-3-1-2,6.84,18.63,4.44,,,2.2,28.8,11.666666666666666,12.272727272727273,14.4,14.181818181818182
114,Мец,Монпелье,Стефани Фраппар,3.25,3.0,2.37,31,1,0,923,1113,-190,48,52,12,19,1,2,388,410,60,72,14,21,27,18,81,61,17,30,23,13,5,3,12,10,142,161,11,12,4,4,5,7,6,5,4-2-3-1,6.81,3-4-1-2,6.91,11.05,5.76,,,4.25,26.75,13.0,12.363636363636363,14.8,15.545454545454545
115,Тулуза,Лион,Карим Абед,5.0,3.8,1.66,14,1,1,530,1648,-1118,34,66,10,4,3,0,322,633,59,37,24,18,13,22,56,71,20,24,24,21,5,5,9,9,133,132,12,21,5,8,8,13,4,8,4-4-2,6.78,4-4-2,6.96,19.82,11.93,,,2.75,23.5,14.4,14.545454545454545,14.0,11.909090909090908
116,Бордо,Нант,Франсуа Летексье,2.45,3.0,3.2,35,1,0,1227,1106,121,45,55,18,17,4,3,411,483,62,63,10,23,15,16,64,52,24,15,20,16,6,9,12,9,158,169,10,9,7,2,3,6,7,3,3-4-2-1,6.77,4-2-3-1,6.88,14.94,9.3,,,4.6,28.0,11.8,13.909090909090908,13.8,14.272727272727273
117,Ницца,Реймс,Джереми Стинат,2.7,3.1,2.8,28,2,0,1585,541,1044,60,40,11,17,1,3,616,399,38,59,19,10,18,18,54,43,12,9,17,17,5,4,11,13,127,123,12,12,6,3,5,6,7,6,3-1-4-2,6.76,4-2-3-1,6.94,12.76,17.28,,,4.25,24.75,8.8,10.272727272727273,13.6,14.818181818181818
118,Сент-Этьен,АС Монако,Бризар Джером,3.0,3.5,2.3,23,0,0,737,1052,-315,42,58,13,10,1,3,399,540,78,41,18,19,16,18,57,57,20,21,15,15,2,1,23,8,143,164,12,11,5,2,7,6,5,5,3-4-2-1,6.82,3-5-2,6.82,18.05,13.22,,,2.8,24.6,14.6,13.363636363636363,11.6,11.181818181818182
119,Ним,Ренн,Вилли Делайод,3.6,3.2,2.15,43,0,0,877,475,402,55,45,23,20,1,3,374,317,72,75,21,6,24,27,75,92,26,29,25,25,3,2,12,11,197,193,6,8,1,2,4,4,2,4,4-3-3,6.75,4-4-2,6.87,4.14,8.05,,,4.571428571428571,29.857142857142858,13.8,13.363636363636363,14.833333333333334,14.727272727272727
120,Ницца,Бордо,Йохан Хамель,2.05,3.2,3.75,29,1,0,633,1261,-628,39,61,13,16,2,2,386,585,33,51,13,16,32,27,66,51,11,7,22,17,3,4,16,9,113,115,10,10,5,4,7,5,3,5,4-3-3,6.79,3-4-2-1,6.79,12.39,7.79,,,3.2,24.2,9.166666666666666,10.333333333333334,15.666666666666666,14.25
121,Брест,ПСЖ,Микаэль Лесаж,12.0,6.5,1.22,23,0,1,651,1427,-776,40,60,10,13,1,2,391,603,55,36,27,25,10,22,49,48,7,8,23,17,5,4,14,9,132,119,17,18,4,8,11,14,6,4,4-2-3-1,6.85,4-2-3-1,7.11,10.08,9.38,,,4.833333333333333,29.166666666666668,11.666666666666666,11.916666666666666,12.5,12.083333333333334
122,АС Монако,Дижон,Эрик Ваттелье,1.4,4.5,8.5,19,1,0,1307,880,427,53,47,11,8,2,0,497,426,54,54,24,20,22,21,55,55,19,13,17,18,6,9,13,9,132,135,18,15,7,3,16,11,2,4,3-4-1-2,6.81,4-3-3,6.81,6.74,23.54,,,3.75,25.25,10.833333333333334,11.083333333333334,12.5,12.166666666666666
123,Лилль,Мец,Флоран Батта,1.53,3.75,7.5,29,0,0,2287,180,2107,69,31,16,13,2,2,586,262,55,71,30,8,24,14,59,70,24,25,12,22,9,1,8,13,177,154,13,4,5,1,11,1,2,3,4-2-3-1,6.82,4-3-3,6.82,4.13,19.93,,,2.1666666666666665,29.5,11.333333333333334,11.75,11.833333333333334,12.333333333333334
124,Реймс,Анже,Хаким Бен эль Салем Хадж,2.55,3.0,3.0,25,0,0,1089,972,117,52,48,14,11,1,3,450,390,64,65,21,29,9,17,53,41,20,13,20,6,2,12,5,10,127,138,9,13,2,2,6,8,3,5,4-2-3-1,6.9,4-1-4-1,6.8,12.44,21.85,,,3.6666666666666665,28.666666666666668,15.833333333333334,15.0,13.0,12.333333333333334
125,Страсбург,Ним,Рудди Буке,1.83,3.5,4.333333333333334,22,2,0,1791,505,1286,61,39,13,9,2,2,438,280,69,48,19,13,17,21,69,53,27,19,21,10,2,2,10,10,133,143,20,10,10,4,15,6,5,4,4-3-1-2,6.84,4-4-2,6.84,4.65,16.53,,,3.5,21.25,14.0,14.666666666666666,13.0,14.166666666666666
126,Ренн,Амьен,Бенуа Бастьен,1.95,3.3,4.0,29,1,1,1294,529,765,45,55,12,17,3,4,369,449,67,51,19,15,14,18,74,48,23,15,27,13,5,3,12,6,134,157,22,13,11,6,14,4,8,9,4-4-2,6.78,4-2-3-1,6.68,12.65,8.63,,,4.8,29.2,14.6,15.166666666666666,12.166666666666666,12.5
127,Нант,Сент-Этьен,Клемент Терпин,1.83,3.5,4.333333333333334,15,2,2,1151,686,465,61,39,6,9,1,0,561,362,80,68,18,11,24,18,72,48,27,19,18,18,3,3,12,14,172,156,9,11,6,4,6,6,3,5,4-2-3-1,6.85,3-4-2-1,6.83,9.39,13.48,,,3.1666666666666665,24.666666666666668,14.666666666666666,14.5,12.333333333333334,13.333333333333334
128,Монпелье,Тулуза,Томас Леонард,1.75,3.5,4.75,36,1,0,654,546,108,44,56,19,17,2,2,365,464,71,76,16,16,26,21,77,78,30,26,17,25,1,3,10,13,173,174,8,6,3,2,2,3,6,3,3-4-1-2,6.89,4-3-3,6.78,8.73,7.04,,,4.5,26.0,16.166666666666668,15.833333333333334,14.666666666666666,14.166666666666666
129,Марсель,Лион,Энтони Готье,2.3,3.5,3.0,23,2,0,648,1118,-470,41,59,14,9,3,0,321,442,50,37,11,20,14,29,48,76,15,20,20,18,6,7,13,8,122,146,10,11,4,4,5,8,5,3,4-3-3,6.86,4-2-3-1,6.97,10.22,9.2,,,4.571428571428571,28.571428571428573,14.833333333333334,14.416666666666666,12.333333333333334,11.25
130,ПСЖ,Лилль,Вилли Делайод,1.3,5.5,9.5,24,2,0,1060,731,329,58,42,13,11,2,0,684,481,47,32,18,13,31,20,56,58,7,7,17,23,6,5,9,12,128,117,11,13,4,8,9,8,2,5,4-3-3,7.11,5-3-2,6.82,15.28,16.72,,,4.5,31.5,11.666666666666666,12.153846153846153,12.166666666666666,12.076923076923077
131,Лион,Ницца,Амори Делерю,1.53,4.0,6.5,26,2,0,545,1942,-1397,33,67,13,13,2,4,320,615,53,42,10,28,20,20,50,54,12,15,17,18,3,6,21,9,113,128,9,17,4,7,5,10,4,7,4-2-3-1,6.96,4-4-1-1,6.79,17.76,7.58,,,3.5,26.166666666666668,10.166666666666666,11.076923076923077,11.5,10.538461538461538
132,Амьен,Страсбург,Ален Бьери,2.3,3.1,3.25,15,0,1,567,1381,-814,54,46,7,8,2,1,539,450,52,62,11,20,20,17,39,55,12,17,10,22,3,7,16,11,122,117,5,17,0,9,3,10,2,7,4-2-3-1,6.67,4-3-1-2,6.89,12.57,15.83,,,4.0,20,12.833333333333334,12.846153846153847,15.333333333333334,14.538461538461538
133,Анже,Ним,Томас Леонард,1.75,3.6,4.75,18,0,0,1201,644,557,42,58,12,6,2,1,437,603,53,64,19,13,21,17,65,69,30,23,19,26,3,2,9,14,157,164,21,10,7,2,10,5,11,5,4-1-4-1,6.8,4-4-2,6.8,15.12,12.15,,,4.4,28.0,11.857142857142858,12.23076923076923,12.428571428571429,13.76923076923077
134,Дижон,Ренн,Бризар Джером,2.87,3.2,2.55,33,0,0,1162,732,430,55,45,18,15,1,2,519,415,56,56,15,18,19,15,60,59,17,25,18,12,4,4,13,14,136,143,15,11,6,3,8,5,7,6,4-1-4-1,6.82,4-4-2,6.82,8.62,14.43,,,3.0,24.333333333333332,11.833333333333334,11.846153846153847,15.571428571428571,14.923076923076923
135,Мец,Реймс,Энтони Готье,3.1,2.9,2.55,27,0,1,679,1376,-697,48,52,14,13,2,2,404,428,57,59,18,27,16,21,49,65,18,18,11,21,6,5,9,7,132,136,8,17,2,6,5,11,3,6,4-3-3,6.83,4-3-3,6.91,9.04,12.84,,,4.375,27.875,12.833333333333334,12.384615384615385,14.166666666666666,14.923076923076923
136,Брест,Нант,Рудди Буке,2.55,3.2,2.8,19,0,1,1190,758,432,63,37,8,11,2,1,552,315,78,55,21,16,7,21,59,50,21,21,25,12,6,5,19,20,163,171,13,11,4,4,5,8,8,3,4-2-3-1,6.85,4-2-3-1,6.85,6.24,15.59,,,3.5555555555555554,21.333333333333332,11.428571428571429,11.76923076923077,14.333333333333334,13.846153846153847
137,Бордо,АС Монако,Бенуа Милло,3.5,3.5,2.05,36,1,1,763,1165,-402,50,50,16,20,3,5,453,418,52,38,13,29,21,12,63,52,16,17,16,17,5,12,9,8,115,141,17,11,6,3,7,9,10,2,3-4-2-1,6.8,3-5-2,6.84,16.19,9.21,,,5.333333333333333,21.833333333333332,12.833333333333334,14.384615384615385,11.333333333333334,11.076923076923077
138,Сент-Этьен,Монпелье,Фрэнк Шнайдер,2.62,3.1,2.75,37,0,0,523,1128,-605,51,49,18,19,3,3,424,385,57,71,7,23,21,23,67,64,22,23,16,19,1,5,14,15,159,186,9,8,2,2,6,6,3,2,3-4-2-1,6.84,3-1-4-2,6.9,7.43,6.58,,,2.3333333333333335,27.0,14.333333333333334,13.0,15.5,16.076923076923077
139,Тулуза,Марсель,Франсуа Летексье,3.4,3.5,2.05,29,0,0,307,2003,-1696,27,73,16,13,3,3,255,667,54,45,11,24,15,18,57,61,18,23,20,19,1,7,18,12,132,131,10,14,3,7,5,9,5,5,4-4-2,6.75,4-3-3,6.84,15.48,3.47,,,5.0,29.166666666666668,13.666666666666666,14.384615384615385,14.0,14.384615384615385
140,Марсель,Брест,Йохан Хамель,1.4,4.5,7.5,25,0,0,2815,287,2528,59,41,11,14,0,2,534,369,55,46,26,17,21,11,65,39,20,9,19,17,8,0,16,11,126,138,35,4,10,1,25,4,10,0,4-3-3,6.87,4-3-3,6.86,7.13,15.68,,,3.3333333333333335,25.0,14.714285714285714,14.285714285714286,12.166666666666666,11.5
141,Страсбург,Лион,Микаэль Лесаж,2.37,3.25,3.0,23,1,1,656,612,44,50,50,12,11,3,1,406,409,72,64,26,16,9,21,51,56,15,17,22,18,3,1,12,9,167,159,9,8,2,4,6,6,3,2,4-3-1-2,6.92,4-3-3,6.95,11.1,11.75,,,4.571428571428571,28.285714285714285,13.857142857142858,14.071428571428571,11.857142857142858,11.214285714285714
142,Лилль,Дижон,Джереми Стинат,1.44,4.2,7.0,32,1,0,1537,543,994,50,50,16,16,2,1,423,428,44,74,27,12,23,24,64,84,21,30,17,24,11,3,13,14,171,170,19,8,5,0,10,5,9,3,4-2-3-1,6.81,4-2-3-1,6.84,6.82,7.31,,,4.2,25.4,12.0,12.0,11.857142857142858,12.285714285714286
143,Монпелье,Амьен,Джереми Пиньяр,1.7,3.6,5.5,28,1,1,1731,293,1438,50,50,13,15,1,2,485,495,82,97,21,12,9,8,65,47,38,20,12,12,4,2,10,8,154,163,20,6,10,2,9,4,11,2,3-1-4-2,6.9,4-2-3-1,6.64,11.0,18.69,,,3.0,24.4,16.571428571428573,16.285714285714285,12.857142857142858,12.428571428571429
144,Ним,Мец,Хаким Бен эль Салем Хадж,2.05,3.3,3.8,31,0,1,1327,451,876,55,45,12,19,1,6,439,360,63,62,25,11,22,24,78,77,30,24,21,25,6,2,15,15,181,162,14,10,3,4,5,4,9,6,4-4-2,6.81,4-3-3,6.82,8.13,9.71,,,3.7142857142857144,28.142857142857142,15.333333333333334,13.214285714285714,12.0,12.5
145,Ницца,Анже,Энтони Готье,2.15,3.2,3.5,23,1,1,936,1002,-66,53,47,10,13,2,1,549,458,42,55,6,31,24,31,62,56,18,14,22,16,0,7,10,7,109,143,10,10,7,4,7,6,3,4,4-3-3,6.79,4-1-4-1,6.82,11.77,12.4,,,4.333333333333333,27.77777777777778,9.714285714285714,10.714285714285714,12.666666666666666,12.214285714285714
146,Реймс,Бордо,Бризар Джером,2.15,3.1,3.6,28,0,1,1893,375,1518,49,51,14,14,2,1,404,453,43,59,45,11,28,10,71,56,19,20,22,20,15,2,11,12,157,139,21,5,7,1,12,4,9,1,4-2-3-1,6.91,3-4-2-1,6.81,11.54,8.56,,,3.0,25.571428571428573,15.571428571428571,14.785714285714286,15.714285714285714,14.5
147,Нант,Тулуза,Флоран Батта,1.7,3.6,5.25,30,1,0,2268,395,1873,62,38,15,15,1,3,575,340,48,69,26,14,35,18,63,61,16,17,15,20,10,4,12,8,136,140,21,7,8,3,12,5,9,2,4-2-3-1,6.84,4-1-4-1,6.74,6.79,15.23,,,2.4285714285714284,29.428571428571427,13.428571428571429,13.642857142857142,15.0,14.5
148,Ренн,Сент-Этьен,Эрик Ваттелье,1.9,3.4,4.333333333333334,26,1,1,1401,376,1025,54,46,15,11,1,3,477,417,51,74,23,9,23,16,63,62,19,19,19,19,6,1,12,18,168,164,14,5,5,1,8,3,6,2,4-4-2,6.82,3-4-2-1,6.84,7.32,9.75,,,3.4,24.0,14.166666666666666,14.928571428571429,11.857142857142858,13.357142857142858
149,АС Монако,ПСЖ,Бенуа Бастьен,4.75,4.75,1.5699999999999998,23,0,2,489,1690,-1201,41,59,9,14,2,2,405,575,41,36,13,14,12,29,47,39,9,4,19,8,3,5,10,9,114,115,13,17,4,12,6,13,7,4,4-2-3-1,6.89,4-2-2-2,7.13,13.56,18.46,,,5.166666666666667,29.166666666666668,10.857142857142858,11.714285714285714,12.571428571428571,12.214285714285714
150,Анже,Марсель,Фрэнк Шнайдер,3.1,3.25,2.37,22,0,2,1409,294,1115,61,39,11,11,1,1,619,397,69,64,27,6,28,14,54,64,17,18,14,27,3,1,9,19,180,141,9,10,2,4,5,6,4,4,4-1-4-1,6.81,4-3-3,6.9,12.44,13.96,,,2.857142857142857,28.428571428571427,11.875,12.266666666666667,13.857142857142858,14.066666666666666
151,Бордо,Ним,Клемент Терпин,1.95,3.2,4.2,27,2,0,1356,462,894,72,28,14,13,2,1,782,281,40,44,4,20,21,13,55,48,17,19,12,11,0,6,10,11,107,113,12,7,8,1,8,3,4,4,3-4-2-1,6.81,4-3-3,6.81,6.95,27.81,,,2.857142857142857,23.285714285714285,13.285714285714286,14.466666666666667,11.625,13.133333333333333
152,Брест,Страсбург,Бризар Джером,3.4,3.25,2.15,20,2,0,927,1069,-142,49,51,9,11,2,1,424,423,69,55,11,31,11,16,34,46,9,15,13,13,3,7,16,15,140,146,11,9,8,3,8,7,3,2,4-3-3,6.84,4-3-1-2,6.9,13.35,12.81,,,3.0,25.875,11.0,11.666666666666666,14.285714285714286,13.933333333333334
153,Лион,Лилль,Рудди Буке,2.05,3.4,3.6,22,0,0,1451,475,976,61,39,13,9,1,2,533,339,62,70,21,7,22,16,68,59,24,25,21,17,9,1,12,19,176,168,11,8,3,2,8,6,3,2,4-2-3-1,6.95,4-2-3-1,6.82,5.16,16.95,,,3.5,21.1,10.571428571428571,11.2,12.0,12.266666666666667
154,Дижон,Монпелье,Франсуа Летексье,2.87,3.0,2.75,35,1,2,1036,1272,-236,46,54,15,20,3,3,344,427,65,83,35,22,25,13,67,68,24,28,13,21,12,6,12,18,154,153,18,18,3,6,15,10,3,8,4-3-3,6.84,3-4-1-2,6.91,12.4,6.03,,,5.142857142857143,29.142857142857142,12.714285714285714,12.533333333333333,16.0,16.066666666666666
155,Мец,Ренн,Карим Абед,3.1,3.1,2.5,21,0,1,1081,848,233,54,46,13,8,2,0,478,397,59,56,27,20,22,13,56,66,25,24,11,21,8,8,17,10,145,140,20,12,4,2,10,4,10,8,4-3-3,6.82,4-4-2,6.83,10.32,14.05,,,2.8,21.6,13.0,12.933333333333334,15.5,14.933333333333334
156,Сент-Этьен,Ницца,Томас Леонард,2.05,3.4,3.8,26,3,1,1352,1070,282,47,53,15,11,2,3,453,510,49,40,24,15,19,15,54,43,12,11,21,11,8,5,15,15,115,115,15,16,7,4,11,7,4,9,4-2-3-1,6.83,4-2-3-1,6.8,10.9,11.7,,,4.166666666666667,26.333333333333332,14.857142857142858,13.2,11.714285714285714,10.666666666666666
157,Тулуза,АС Монако,Вилли Делайод,4.0,3.6,1.85,28,1,1,816,1267,-451,43,57,18,10,0,1,410,533,43,53,16,20,16,30,57,65,17,14,20,17,2,6,17,8,134,140,14,18,3,7,7,14,7,4,5-4-1,6.73,3-5-2,6.82,8.54,12.9,,,4.222222222222222,30.666666666666668,14.0,14.533333333333333,12.571428571428571,11.533333333333333
158,ПСЖ,Нант,Амори Делерю,1.11,9.0,21.0,25,0,0,1593,886,707,62,38,11,14,1,2,703,401,38,48,20,20,39,22,61,59,6,4,20,33,5,9,13,17,149,132,10,11,6,4,8,4,2,7,4-3-3,7.11,4-4-2,6.85,6.97,13.63,,,3.857142857142857,26.142857142857142,11.857142857142858,12.333333333333334,13.857142857142858,13.733333333333333
159,Амьен,Реймс,Йохан Хамель,2.62,2.9,3.0,42,0,1,499,603,-104,38,62,26,16,1,3,345,545,67,62,14,16,7,26,53,73,17,16,23,19,2,1,12,10,155,167,6,6,3,1,3,3,3,3,4-4-2,6.62,4-2-3-1,6.88,7.22,6.92,,,3.142857142857143,25.0,12.0,12.6,14.0,14.733333333333333
160,Лилль,Брест,Эрик Ваттелье,1.33,5.0,9.0,19,1,0,1877,395,1482,55,45,10,9,0,1,553,457,68,71,29,10,26,12,63,34,18,9,17,9,7,3,6,13,138,127,16,6,10,0,14,3,2,3,4-2-3-1,6.82,4-3-3,6.88,12.64,18.0,,,3.5,24.333333333333332,12.5,12.0625,12.428571428571429,11.5
161,Ним,Лион,Оливье Туаль,5.0,4.0,1.61,25,0,1,297,2462,-2165,21,79,10,15,2,2,182,668,51,42,7,21,11,23,46,50,12,11,16,13,1,5,13,9,109,111,6,22,2,8,1,12,5,10,4-4-2,6.77,4-2-3-1,6.94,18.63,3.12,,,1.4,25.4,14.857142857142858,13.125,11.75,11.3125
162,Монпелье,ПСЖ,Энтони Готье,6.0,5.0,1.44,35,1,0,551,1637,-1086,32,68,17,18,5,3,212,471,48,44,24,16,15,26,49,54,11,7,20,15,4,4,15,3,127,119,6,15,1,6,5,6,1,9,3-5-2,6.9,4-2-2-2,7.12,10.18,3.96,,,4.2,27.3,16.125,16.3125,12.75,12.25
163,АС Монако,Амьен,Джереми Стинат,1.44,4.75,6.5,18,0,0,2187,217,1970,68,32,10,8,0,0,720,333,43,51,26,6,10,14,51,39,20,11,17,15,8,1,20,16,156,143,20,5,8,2,14,3,6,2,4-2-3-1,6.83,4-4-2,6.63,6.28,20.05,,,4.0,26.5,10.625,11.4375,13.125,13.4375
164,Ницца,Мец,Джереми Пиньяр,1.8,3.5,4.5,21,2,0,1041,605,436,62,38,8,13,0,2,660,385,49,49,7,17,16,23,50,52,14,11,18,17,2,4,13,14,107,113,14,18,5,3,7,6,7,12,4-4-1-1,6.77,4-2-3-1,6.82,8.66,19.23,,,3.0,25.0,9.75,10.6875,12.875,12.9375
165,Ренн,Анже,Амори Делерю,2.1,3.25,3.75,27,1,0,591,1005,-414,43,57,15,12,3,1,444,578,59,43,10,20,18,25,60,63,20,19,18,15,4,4,9,8,130,137,8,12,3,1,5,5,3,7,4-4-2,6.85,4-1-4-1,6.79,14.75,10.78,,,3.75,26.0,14.285714285714286,14.5,12.714285714285714,12.1875
166,Страсбург,Тулуза,Йохан Хамель,1.7,3.8,4.75,17,2,1,1510,1135,375,54,46,10,7,0,1,470,390,71,51,25,26,14,20,58,52,21,13,22,20,3,5,9,12,142,140,18,14,7,9,15,9,3,5,4-3-1-2,6.87,4-2-3-1,6.72,7.53,13.95,,,3.25,27.125,13.625,13.75,15.0,14.75
167,Реймс,Сент-Этьен,Стефани Фраппар,2.15,3.1,3.8,24,1,0,835,1070,-235,49,51,10,14,2,2,433,445,63,63,13,19,21,7,58,55,26,23,10,19,1,2,19,4,149,159,10,11,3,4,8,3,2,8,4-2-3-1,6.91,4-2-3-1,6.85,12.81,10.0,,,4.0,27.6,15.375,14.8125,11.75,13.3125
168,Нант,Дижон,Хаким Бен эль Салем Хадж,1.5699999999999998,4.0,6.0,26,0,0,2078,395,1683,52,48,12,14,1,2,487,454,49,70,24,9,33,25,70,73,20,21,18,26,9,1,9,13,152,149,17,5,7,1,8,5,9,0,4-4-2,6.84,4-2-3-1,6.84,11.64,10.65,,,4.125,28.5,13.625,13.75,12.375,12.6875
169,Марсель,Бордо,Микаэль Лесаж,1.61,3.9,5.5,19,0,1,1842,318,1524,49,51,10,9,2,1,480,494,51,51,23,3,19,21,46,53,10,13,16,19,7,0,13,16,143,150,25,3,6,2,12,1,13,2,4-3-3,6.92,3-4-2-1,6.85,9.31,12.8,,,4.5,27.625,14.25,13.875,15.5,14.4375
170,Лилль,Монпелье,Бризар Джером,1.8,3.5,5.0,28,1,0,1195,974,221,48,52,13,15,3,1,370,381,57,75,17,26,32,16,80,58,31,18,15,20,4,5,9,14,162,163,14,10,9,4,5,8,9,2,4-2-3-1,6.85,3-1-4-2,6.88,8.58,7.48,,,3.0,25.22222222222222,12.222222222222221,11.941176470588236,16.5,16.352941176470587
171,Мец,Марсель,Вилли Делайод,4.5,3.5,1.8,28,1,0,352,1863,-1511,31,69,15,13,4,1,271,582,65,53,10,26,21,10,48,59,13,14,12,24,1,7,7,5,136,142,6,16,3,5,3,8,3,8,4-3-3,6.81,4-3-3,6.92,20.31,4.08,,,3.9,30.4,13.0,12.941176470588236,13.5,13.647058823529411
172,Амьен,Дижон,Томас Леонард,2.05,3.4,3.8,23,1,1,945,815,130,53,47,15,8,1,3,491,437,56,55,27,11,22,22,59,66,15,23,23,18,5,3,11,12,152,132,6,10,2,4,3,3,3,7,4-2-3-1,6.62,4-2-3-1,6.84,8.91,19.06,,,4.285714285714286,26.285714285714285,13.75,13.117647058823529,12.555555555555555,12.764705882352942
173,Анже,АС Монако,Хаким Бен эль Салем Хадж,2.9,3.5,2.37,31,0,0,473,1413,-940,33,67,16,15,4,3,354,701,59,41,15,24,12,18,43,53,13,10,12,11,7,6,16,6,127,141,10,7,5,2,8,3,2,4,4-1-4-1,6.78,4-3-3,6.86,21.26,6.87,,,4.0,28.22222222222222,11.777777777777779,12.176470588235293,12.25,11.352941176470589
174,Ним,Нант,Карим Абед,3.9,3.2,2.1,38,0,1,1505,591,914,54,46,17,21,0,3,405,357,64,68,33,10,30,24,78,79,27,28,20,24,9,3,9,7,186,162,16,10,4,5,7,7,9,3,4-4-2,6.72,4-2-3-1,6.85,6.61,7.81,,,2.6666666666666665,21.5,14.25,12.941176470588236,13.875,13.647058823529411
175,Брест,Ницца,Фрэнк Шнайдер,2.5,3.4,2.7,24,0,0,1779,600,1179,61,39,13,11,3,2,565,360,57,54,24,11,10,18,49,40,13,4,19,11,5,6,20,18,142,132,16,15,4,7,8,7,8,8,4-3-3,6.87,4-2-3-1,6.79,5.35,36.78,,,2.75,27.625,10.777777777777779,11.352941176470589,11.625,10.529411764705882
176,Тулуза,Реймс,Клемент Терпин,3.5,3.2,2.2,31,0,1,983,903,80,52,48,17,14,0,2,428,405,73,89,29,11,24,10,56,58,17,23,14,18,4,8,5,18,180,154,9,11,5,4,2,7,7,4,4-3-3,6.72,4-2-3-1,6.91,10.22,11.78,,,2.875,23.75,14.5,14.294117647058824,14.25,14.529411764705882
177,Бордо,Страсбург,Флоран Батта,2.15,3.2,3.5,25,0,1,1583,448,1135,67,33,12,13,3,2,672,317,44,61,16,14,16,16,61,52,23,16,16,16,5,7,3,5,109,119,13,7,2,4,9,4,4,3,3-4-2-1,6.84,3-4-2-1,6.88,8.45,37.67,,,2.625,29.5,13.375,14.117647058823529,13.875,13.529411764705882
178,Лион,Ренн,Бенуа Бастьен,1.65,4.0,5.25,35,0,0,737,971,-234,53,47,20,15,3,3,454,393,50,59,14,20,22,22,61,75,18,22,19,25,5,7,10,14,134,132,10,12,3,6,3,6,7,6,4-2-3-1,6.97,4-4-1-1,6.85,9.22,12.71,,,5.0,28.285714285714285,10.875,11.529411764705882,14.666666666666666,14.529411764705882
179,Сент-Этьен,ПСЖ,Рудди Буке,12.0,6.0,1.25,13,0,2,404,2251,-1847,33,67,4,9,1,1,319,654,53,46,16,16,28,31,58,59,10,13,24,23,5,2,15,7,131,125,11,22,2,12,9,18,2,4,5-3-2,6.82,4-2-2-2,7.12,20.84,5.18,,,3.4545454545454546,21.181818181818183,14.875,13.352941176470589,13.333333333333334,12.588235294117647
180,АС Монако,Лилль,Микаэль Лесаж,2.2,3.5,3.2,25,2,1,1101,1258,-157,39,61,10,15,5,1,299,466,54,52,18,21,31,16,68,47,18,11,17,20,5,6,16,13,144,148,16,9,6,4,13,6,3,3,5-4-1,6.87,4-2-3-1,6.85,9.72,4.75,,,4.333333333333333,26.666666666666668,10.555555555555555,11.555555555555555,11.625,12.0
181,Дижон,Мец,Йохан Хамель,2.15,3.2,3.6,23,2,1,1319,561,758,53,47,13,10,2,2,538,472,59,64,18,16,23,19,54,50,20,7,14,19,3,5,11,5,120,133,19,9,5,3,9,7,10,2,4-2-3-1,6.83,4-3-3,6.8,13.87,23.38,,,3.0,26.0,13.0,12.5,12.88888888888889,13.055555555555555
182,Нант,Анже,Джереми Пиньяр,2.1,3.1,3.8,21,1,0,744,1142,-398,50,50,15,6,1,0,481,475,57,55,17,18,18,13,49,59,16,20,18,18,5,4,10,8,157,162,9,13,1,7,4,9,5,4,4-4-1-1,6.86,4-1-4-1,6.79,15.11,17.75,,,2.857142857142857,24.428571428571427,13.444444444444445,14.055555555555555,12.625,12.38888888888889
183,Монпелье,Брест,Джереми Стинат,1.53,4.0,6.5,27,2,0,858,1361,-503,41,59,12,15,1,1,388,566,79,66,22,28,17,13,58,52,26,20,10,12,3,2,13,9,148,146,17,17,6,4,11,10,6,7,3-4-1-2,6.87,5-3-2,6.89,15.65,7.1,,,3.4285714285714284,25.285714285714285,16.22222222222222,16.27777777777778,12.0,11.444444444444445
184,Ницца,Тулуза,Стефани Фраппар,1.83,3.8,4.0,27,3,0,1782,553,1229,60,40,9,18,1,4,588,378,43,50,17,16,27,12,56,52,11,9,12,30,12,4,13,11,144,126,15,8,6,0,11,4,4,4,4-4-1-1,6.8,4-3-3,6.71,11.59,11.26,,,4.0,27.0,9.555555555555555,10.555555555555555,14.11111111111111,14.444444444444445
185,Марсель,Ним,Франсуа Летексье,1.4,5.0,7.0,20,0,0,1821,815,1006,57,43,12,8,3,2,488,354,47,45,14,18,23,16,49,54,17,11,14,25,7,4,6,9,118,114,19,12,9,5,12,6,7,6,4-3-3,6.93,4-4-2,6.72,10.89,16.15,,,5.25,29.875,13.777777777777779,13.61111111111111,11.777777777777779,13.166666666666666
186,ПСЖ,Амьен,Эрик Ваттелье,1.06,13.0,34.0,26,1,0,2211,413,1798,66,34,16,10,0,1,687,342,35,49,17,11,21,21,49,50,7,7,21,14,7,3,10,4,101,113,22,8,10,3,17,5,5,3,4-2-2-2,7.13,4-2-3-1,6.64,5.77,27.94,,,3.142857142857143,23.571428571428573,11.75,12.38888888888889,12.555555555555555,13.222222222222221
187,Реймс,Лион,Амори Делерю,2.87,3.1,2.6,27,1,1,895,1091,-196,41,59,11,16,2,3,322,475,61,60,21,20,19,16,55,55,13,21,15,13,4,4,12,11,146,146,12,15,3,4,6,5,6,10,4-2-3-1,6.92,4-2-3-1,6.95,12.81,7.64,,,3.7777777777777777,26.11111111111111,14.777777777777779,14.5,12.11111111111111,12.0
188,Ренн,Бордо,Томас Леонард,1.95,3.3,4.2,24,0,0,926,754,172,48,52,11,13,0,3,391,412,68,71,18,15,18,17,56,50,17,14,16,15,2,8,8,23,146,134,12,13,5,2,6,5,6,8,4-4-2,6.87,3-4-2-1,6.84,10.56,5.62,,,4.25,25.875,14.375,14.555555555555555,14.777777777777779,14.0
189,Страсбург,Сент-Этьен,Оливье Туаль,2.0,3.4,3.8,29,1,0,428,927,-499,40,60,16,13,3,2,319,468,74,61,13,26,17,14,62,67,26,20,19,24,2,7,14,10,138,147,5,7,3,1,4,5,1,2,4-3-1-2,6.88,3-4-2-1,6.8,9.59,5.84,,,1.8333333333333333,25.333333333333332,13.222222222222221,13.5,12.0,12.833333333333334
190,Ренн,Марсель,Бенуа Милло,2.4,3.2,3.0,32,0,0,713,702,11,52,48,15,17,2,5,402,369,73,79,16,5,24,23,74,64,25,18,21,19,4,1,11,16,180,169,9,10,2,4,5,4,4,6,4-4-2,6.87,4-3-3,6.93,6.5,7.29,,,5.714285714285714,23.857142857142858,14.0,14.368421052631579,13.444444444444445,13.526315789473685
191,Бордо,Лион,Клемент Терпин,3.8,3.3,2.05,24,1,0,384,1984,-1600,39,61,12,12,1,3,368,563,47,55,14,21,7,29,48,72,18,28,18,17,5,4,8,14,148,144,5,22,2,6,4,10,1,12,3-4-2-1,6.84,4-3-3,6.94,19.69,7.5,,,2.7777777777777777,24.555555555555557,13.222222222222221,13.947368421052632,12.5,12.210526315789474
192,Амьен,Монпелье,Карим Абед,3.1,3.1,2.45,31,1,0,542,1028,-486,50,50,18,13,2,1,432,424,75,74,19,18,19,17,56,72,18,32,12,17,4,1,5,12,180,160,7,11,3,4,5,7,2,4,3-4-3,6.63,5-3-2,6.89,9.78,8.14,,,2.7142857142857144,23.857142857142858,13.88888888888889,13.052631578947368,16.333333333333332,16.05263157894737
193,Анже,Ницца,Вилли Делайод,1.75,3.6,4.75,23,1,1,1204,717,487,43,57,11,12,1,3,405,553,47,37,29,12,19,17,46,42,8,8,15,14,7,2,4,11,117,105,16,8,9,2,7,5,9,3,4-1-4-1,6.79,4-3-3,6.82,17.91,14.94,,,4.0,30.181818181818183,12.2,12.052631578947368,11.555555555555555,10.473684210526315
194,Мец,Страсбург,Бризар Джером,2.87,3.0,2.7,28,0,0,299,1457,-1158,51,49,12,16,1,2,475,419,55,66,6,33,19,12,52,50,20,12,10,20,1,6,7,6,118,125,9,14,4,3,4,10,5,4,4-3-3,6.79,3-4-3,6.88,20.23,13.83,,,3.1,25.5,13.222222222222221,12.894736842105264,13.777777777777779,13.631578947368421
195,Ним,Реймс,Оливье Туаль,2.7,3.1,2.8,43,1,0,1139,493,646,49,51,17,26,1,5,296,309,54,60,17,15,19,25,91,69,35,21,26,21,5,3,12,12,147,155,13,5,4,1,9,3,4,2,4-2-3-1,6.73,4-4-2,6.91,4.81,5.52,,,2.2857142857142856,25.857142857142858,14.555555555555555,12.894736842105264,14.222222222222221,14.31578947368421
196,Тулуза,Брест,Хаким Бен эль Салем Хадж,2.3,3.3,3.2,29,2,1,858,1609,-751,45,55,19,10,1,0,434,501,64,63,10,21,13,18,64,70,25,24,26,17,5,6,10,9,174,189,12,15,5,9,9,10,3,5,4-4-2,6.71,4-3-3,6.87,8.52,10.65,,,4.3,28.5,14.777777777777779,14.631578947368421,12.333333333333334,11.631578947368421
197,Сент-Этьен,Нант,Энтони Устариц,2.4,3.0,3.25,24,0,1,1199,663,536,59,41,14,10,2,1,596,418,48,69,24,4,24,19,68,57,19,19,20,16,2,1,16,15,168,152,10,11,1,4,6,4,4,7,4-2-3-1,6.79,4-2-3-1,6.86,6.9,12.44,,,4.0,20,13.666666666666666,12.842105263157896,14.666666666666666,14.105263157894736
198,Дижон,Лилль,Фрэнк Шнайдер,3.8,3.3,2.05,31,0,0,625,1482,-857,36,64,11,20,2,4,293,517,68,38,16,39,16,17,71,54,23,18,18,16,2,7,7,10,138,152,15,12,7,6,14,8,1,4,4-2-3-1,6.83,4-2-3-1,6.82,16.47,4.21,,,3.0,27.22222222222222,13.0,12.526315789473685,12.0,12.157894736842104
199,ПСЖ,АС Монако,Энтони Готье,1.14,8.5,15.0,15,3,2,1712,786,926,61,39,6,9,0,3,631,394,30,43,19,12,32,27,57,55,13,9,18,19,7,7,8,15,129,120,13,16,6,6,11,13,2,3,4-2-2-2,7.14,4-4-2,6.89,6.84,21.56,,,4.545454545454546,28.0,12.222222222222221,12.578947368421053,12.555555555555555,11.473684210526315
200,Ницца,Ренн,Хаким Бен эль Салем Хадж,2.7,3.1,2.7,27,0,0,1414,1155,259,54,46,13,14,0,1,456,378,35,51,35,25,23,20,56,57,9,12,17,22,9,8,18,8,120,108,23,20,4,5,12,16,11,4,4-4-1-1,6.83,4-4-2,6.87,7.82,11.52,,,4.0,28.545454545454547,9.5,10.55,14.7,14.4
201,Марсель,Анже,Йохан Хамель,1.95,3.3,4.0,30,0,0,1574,252,1322,66,34,17,13,1,2,724,373,48,46,20,5,23,13,62,49,16,8,21,21,4,2,12,8,133,124,9,4,2,0,4,1,5,3,4-1-4-1,6.93,4-1-4-1,6.79,5.95,17.25,,,3.1,25.7,13.6,13.7,11.88888888888889,12.0
202,АС Монако,Страсбург,Эрик Ваттелье,1.5699999999999998,4.0,5.75,17,0,1,1240,750,490,59,41,8,9,1,0,574,385,49,65,22,19,15,18,41,50,12,9,12,19,5,5,11,16,139,118,12,11,3,7,7,6,5,5,4-2-3-1,6.87,4-3-1-2,6.87,9.3,24.0,,,2.875,23.875,10.5,11.35,14.0,13.75
203,Монпелье,Дижон,Джером Мигельгорри,1.6,3.8,5.75,31,0,0,1825,267,1558,56,44,16,15,2,2,570,441,77,59,21,6,16,12,58,49,25,17,11,14,3,0,17,8,140,135,16,6,5,2,7,3,9,3,3-4-1-2,6.89,4-2-3-1,6.84,10.0,17.25,,,4.0,20,15.8,15.9,12.1,12.45
204,Сент-Этьен,Ним,Джереми Стинат,1.7,3.6,5.25,35,2,1,1114,1096,18,49,51,19,16,3,2,375,379,59,69,15,18,25,12,66,61,24,18,14,17,6,5,9,17,161,147,13,12,6,4,7,5,6,7,4-2-3-1,6.79,4-4-2,6.74,10.75,7.1,,,3.25,25.5,13.7,12.9,11.4,13.1
205,Брест,Амьен,Томас Леонард,2.0,3.6,3.5,30,0,0,1004,550,454,54,46,13,17,2,3,429,360,91,85,24,25,9,15,61,56,24,22,20,13,2,7,12,13,190,186,10,8,3,3,6,4,4,4,4-2-3-1,6.88,4-2-3-1,6.62,5.81,7.35,,,4.111111111111111,25.666666666666668,11.0,11.55,12.3,13.3
206,Реймс,Мец,Джереми Пиньяр,1.95,3.0,4.75,20,0,1,1985,197,1788,71,29,11,9,1,1,608,258,48,58,35,5,15,20,63,54,23,18,20,18,11,1,6,12,187,135,16,7,2,4,6,5,10,2,4-2-3-1,6.88,4-3-3,6.8,4.39,17.84,,,2.625,24.0,14.4,14.9,12.6,12.85
207,Лион,Тулуза,Энтони Готье,1.22,6.5,13.0,13,1,0,1697,293,1404,63,37,8,5,0,1,687,408,51,57,24,10,22,12,40,50,12,9,14,24,8,2,13,11,131,127,13,10,5,4,9,3,4,7,4-3-3,6.96,4-3-3,6.7,9.58,33.54,,,4.416666666666667,26.916666666666668,11.88888888888889,12.2,14.5,14.85
208,Нант,Бордо,Карим Абед,2.0,3.25,4.0,25,0,0,277,1544,-1267,40,60,11,14,3,2,419,617,81,65,6,22,16,14,59,56,21,28,16,13,0,2,14,10,164,176,7,11,0,2,1,4,6,7,4-2-3-1,6.85,4-2-3-1,6.82,14.89,8.21,,,2.75,24.75,13.6,13.9,14.6,13.85
209,Лилль,ПСЖ,Амори Делерю,6.5,4.75,1.45,30,0,1,703,1088,-385,41,59,20,10,3,1,369,539,41,42,20,11,15,18,48,49,10,7,21,15,6,3,11,12,135,127,9,12,2,5,4,8,5,4,4-2-3-1,6.82,4-2-2-2,7.13,9.42,10.81,,,3.9,26.2,12.3,12.55,12.9,12.25
210,Ренн,Нант,Бенуа Милло,1.9,3.3,4.333333333333334,30,0,0,1126,645,481,57,43,13,17,5,4,466,357,55,60,21,9,15,25,58,69,22,13,16,25,5,5,10,12,159,150,13,8,9,5,10,4,3,4,4-4-2,6.88,4-2-3-1,6.84,6.06,12.5,,,5.875,24.875,14.1,14.380952380952381,14.2,13.761904761904763
211,ПСЖ,Монпелье,Бризар Джером,1.12,8.5,21.0,32,3,0,2993,161,2832,67,33,16,16,3,4,595,285,21,49,18,6,26,9,49,44,11,8,8,15,12,2,10,12,111,96,20,6,9,2,12,1,8,5,4-2-2-2,7.13,3-4-1-2,6.9,5.77,25.36,,,3.090909090909091,25.727272727272727,11.6,12.142857142857142,16.0,15.904761904761905
212,Амьен,Тулуза,Франсуа Летексье,2.0,3.3,4.0,29,0,0,1719,686,1033,59,41,14,15,3,2,495,355,64,63,42,16,16,19,60,73,27,28,14,20,8,4,11,12,197,154,9,12,4,1,4,8,5,4,4-4-2,6.62,4-1-4-1,6.69,7.16,10.24,,,5.222222222222222,28.77777777777778,14.3,13.476190476190476,13.636363636363637,14.380952380952381
213,Анже,Реймс,Амори Делерю,1.9,3.1,4.75,28,1,1,851,1118,-267,49,51,15,13,1,2,501,525,47,42,16,11,23,10,41,57,8,15,9,22,2,4,4,9,106,92,15,14,4,5,8,9,7,5,4-1-4-1,6.79,4-3-3,6.88,24.0,16.33,,,3.909090909090909,26.545454545454547,12.090909090909092,12.047619047619047,15.4,14.714285714285714
214,Дижон,Брест,Оливье Туаль,2.05,3.4,3.6,26,2,0,1170,1102,68,46,54,9,17,0,1,372,426,80,55,17,20,27,15,69,60,20,18,19,28,6,6,19,12,164,156,12,19,5,4,7,10,5,9,4-2-3-1,6.83,4-4-2,6.88,11.39,4.36,,,2.75,28.0,12.8,12.571428571428571,12.1,11.619047619047619
215,Ним,АС Монако,Микаэль Лесаж,4.0,4.0,1.83,23,1,1,2276,647,1629,60,40,13,10,3,3,430,296,44,61,40,8,18,16,46,41,9,9,17,11,7,1,7,4,118,131,23,6,7,4,13,4,10,2,4-2-3-1,6.74,4-3-3,6.86,5.78,25.29,,,4.5,26.5,14.8,13.238095238095237,12.2,11.19047619047619
216,Страсбург,Лилль,Стефани Фраппар,2.55,3.0,3.1,34,1,0,850,1227,-377,44,56,12,22,1,5,312,385,66,57,22,30,14,17,70,52,24,20,17,14,3,7,9,8,139,135,13,9,3,4,6,8,7,1,4-3-1-2,6.88,4-4-2,6.81,13.63,4.97,,,4.142857142857143,27.0,13.5,13.523809523809524,12.8,12.904761904761905
217,Ницца,Лион,Бенуа Бастьен,4.0,3.5,1.9,26,1,1,902,1516,-614,50,50,17,9,3,2,458,434,46,59,12,25,27,22,49,64,9,12,19,22,4,10,16,8,107,123,12,14,7,7,6,6,6,8,4-1-4-1,6.84,4-3-3,6.97,6.43,13.13,,,5.125,29.125,9.818181818181818,10.666666666666666,12.454545454545455,12.0
218,Мец,Сент-Этьен,Энтони Готье,3.1,2.9,2.5,29,1,0,675,1616,-941,44,56,11,18,0,2,399,464,72,36,7,34,23,14,61,68,14,27,20,25,3,8,19,7,146,176,10,18,6,8,5,10,5,8,4-3-3,6.81,4-2-3-1,6.8,12.48,7.7,,,4.153846153846154,25.846153846153847,13.1,12.666666666666666,12.1,13.19047619047619
219,Бордо,Марсель,Рудди Буке,3.6,3.1,2.2,24,0,0,1053,1090,-37,50,50,10,14,2,2,371,359,39,60,16,24,13,22,65,59,28,18,16,17,3,10,15,12,143,147,12,16,3,4,5,8,7,8,4-2-3-1,6.83,4-1-4-1,6.93,6.81,8.03,,,3.3333333333333335,20.5,13.1,13.857142857142858,13.8,13.857142857142858
220,АС Монако,Анже,Джереми Стинат,1.61,4.0,5.25,21,1,0,622,1943,-1321,43,57,13,8,2,2,446,559,62,53,14,39,8,16,28,51,8,13,12,15,1,8,10,6,114,116,6,16,3,4,4,11,2,5,4-3-1-2,6.83,4-1-4-1,6.77,13.85,17.12,,,3.4444444444444446,26.555555555555557,10.272727272727273,11.136363636363637,12.0,12.181818181818182
221,Лилль,Ренн,Йохан Хамель,1.95,3.3,4.2,31,1,0,1101,751,350,48,52,15,16,3,1,405,437,61,63,14,12,19,22,56,67,25,19,10,19,5,2,8,5,141,127,14,11,3,4,7,2,7,9,4-4-2,6.8,4-4-2,6.87,13.45,12.94,,,3.090909090909091,26.09090909090909,13.0,13.318181818181818,14.636363636363637,14.318181818181818
222,Нант,ПСЖ,Фрэнк Шнайдер,9.5,5.75,1.28,30,0,1,654,1876,-1222,34,66,9,21,1,4,348,679,47,41,13,18,16,22,56,49,8,10,19,22,4,7,9,6,118,119,15,19,5,6,10,14,5,5,4-4-2,6.83,4-2-2-2,7.13,37.42,5.74,,,3.3,27.6,13.363636363636363,13.909090909090908,12.636363636363637,12.318181818181818
223,Монпелье,Мец,Хаким Бен эль Салем Хадж,1.61,3.5,6.5,29,1,0,1204,1133,71,48,52,13,16,2,2,365,403,63,70,29,18,12,16,67,54,30,19,17,14,6,8,7,12,157,155,12,18,7,8,6,10,6,8,3-4-1-2,6.86,3-5-2,6.83,10.61,7.5,,,3.75,28.416666666666668,15.818181818181818,15.909090909090908,12.272727272727273,12.590909090909092
224,Ним,Дижон,Флоран Батта,2.2,3.3,3.5,44,2,0,822,991,-169,38,62,17,27,0,3,272,443,68,74,10,11,28,33,78,91,15,31,28,27,2,2,23,10,163,179,11,10,5,3,6,5,5,5,4-2-3-1,6.76,4-2-3-1,6.85,4.42,2.39,,,2.888888888888889,29.0,14.636363636363637,13.227272727272727,12.363636363636363,12.409090909090908
225,Лион,Амьен,Джером Мигельгорри,1.4,4.75,8.0,22,0,0,1386,416,970,63,37,8,14,1,2,578,328,67,67,24,14,22,18,61,58,15,23,21,18,5,3,10,16,175,163,10,7,3,2,4,2,6,5,4-4-2,6.96,4-2-3-1,6.62,6.4,11.31,,,4.0,31.0,11.5,11.863636363636363,12.727272727272727,13.5
226,Брест,Бордо,Вилли Делайод,2.7,3.2,2.6,19,0,1,1388,1085,303,51,49,14,5,2,0,446,452,81,66,33,12,26,20,49,60,16,19,9,13,8,5,10,15,158,148,17,12,3,5,11,7,6,5,4-4-2,6.86,4-2-3-1,6.83,10.65,9.21,,,4.0,29.583333333333332,11.181818181818182,11.863636363636363,14.545454545454545,13.681818181818182
227,Реймс,Ницца,Эрик Ваттелье,1.83,3.4,4.5,18,0,0,1295,566,729,55,45,11,7,2,0,527,425,45,37,32,17,13,15,39,47,8,12,16,17,9,6,15,17,134,119,15,5,4,4,13,5,2,0,4-2-3-1,6.88,4-4-2,6.84,11.71,19.38,,,2.6666666666666665,23.11111111111111,14.090909090909092,14.636363636363637,11.6,10.954545454545455
228,Тулуза,Страсбург,Карим Абед,3.5,3.2,2.2,17,0,0,791,875,-84,45,55,7,10,1,2,409,516,48,80,27,15,13,18,54,51,18,19,20,16,5,2,16,18,147,134,12,15,1,6,6,10,6,5,4-1-4-1,6.71,4-3-1-2,6.88,9.38,10.44,,,3.0,24.77777777777778,15.2,14.409090909090908,13.545454545454545,13.454545454545455
229,Сент-Этьен,Марсель,Бризар Джером,2.8,3.2,2.55,19,0,1,1171,611,560,46,54,8,11,2,3,433,508,48,68,22,9,24,14,56,52,22,12,11,23,6,2,14,15,172,151,11,5,3,3,6,3,5,2,3-4-2-1,6.78,4-3-3,6.93,11.72,9.43,,,3.4166666666666665,26.25,14.181818181818182,13.409090909090908,13.818181818181818,13.863636363636363
230,Анже,Лилль,Бенуа Бастьен,2.8,3.1,2.65,25,0,1,758,1159,-401,49,51,10,15,3,3,485,508,68,63,27,11,20,20,56,52,17,15,11,15,6,2,6,13,157,145,9,12,1,4,7,7,2,5,5-4-1,6.78,4-2-2-2,6.81,20.33,8.34,,,5.111111111111111,28.77777777777778,12.333333333333334,12.0,13.636363636363637,13.391304347826088
231,Марсель,Тулуза,Стефани Фраппар,1.36,4.75,8.0,14,0,0,1235,479,756,59,41,6,8,1,2,597,413,44,43,19,18,20,35,53,60,10,14,23,17,5,5,7,11,132,144,12,10,3,3,4,7,8,3,4-3-3,6.94,4-1-4-1,6.71,8.77,20.81,,,4.375,27.875,13.909090909090908,13.73913043478261,13.75,14.08695652173913
232,Амьен,АС Монако,Оливье Туаль,2.9,3.6,2.3,31,1,0,377,1649,-1272,41,59,14,17,1,3,331,455,74,79,15,26,16,16,67,66,29,27,13,19,3,9,12,8,178,183,8,12,1,6,4,9,4,3,4-2-3-1,6.63,4-4-1-1,6.84,9.44,4.25,,,2.5555555555555554,27.77777777777778,14.272727272727273,13.521739130434783,12.0,11.217391304347826
233,Дижон,Нант,Джереми Пиньяр,2.6,3.25,2.8,19,2,2,1564,500,1064,54,46,8,11,2,2,461,398,61,58,31,13,26,24,74,65,27,20,21,23,9,4,15,8,174,164,17,8,4,2,9,5,8,3,4-2-3-1,6.84,4-4-2,6.83,6.17,11.79,,,2.5555555555555554,23.555555555555557,12.454545454545455,13.043478260869565,14.454545454545455,13.695652173913043
234,Мец,Бордо,Франсуа Летексье,2.75,3.0,2.8,16,1,0,415,2647,-2232,28,72,5,11,2,3,254,631,74,36,10,41,14,12,53,38,19,18,14,13,5,13,13,5,114,133,11,15,4,5,5,8,6,7,4-3-3,6.84,4-2-3-1,6.83,50.13,4.48,,,5.2,28.8,12.909090909090908,12.73913043478261,13.75,13.304347826086957
235,Ницца,Ним,Энтони Готье,1.9,3.75,3.75,21,1,1,913,1221,-308,58,42,8,13,2,4,505,350,44,45,13,17,23,17,60,36,9,5,24,16,1,7,11,16,119,126,6,10,3,5,4,8,2,2,4-3-3,6.84,4-2-3-1,6.76,11.56,11.29,,,4.0,26.071428571428573,10.416666666666666,10.782608695652174,11.818181818181818,13.391304347826088
236,Ренн,Брест,Рудди Буке,1.53,4.0,6.25,21,0,0,1172,608,564,58,42,7,14,2,4,552,405,69,68,21,10,19,16,58,42,15,10,18,15,6,0,16,16,145,143,17,8,2,3,7,5,10,3,4-4-2,6.87,4-2-3-1,6.86,8.37,13.67,,,3.3846153846153846,20.76923076923077,14.0,14.391304347826088,12.545454545454545,11.956521739130435
237,Монпелье,Сент-Этьен,Амори Делерю,2.05,3.3,4.0,31,1,0,562,1781,-1219,43,57,16,15,1,3,367,479,72,40,18,29,19,23,56,62,22,17,12,16,3,6,15,15,142,146,9,17,3,5,7,7,2,10,3-4-1-2,6.86,3-4-2-1,6.78,10.65,7.41,,,3.8333333333333335,26.666666666666668,15.583333333333334,15.782608695652174,12.636363636363637,13.173913043478262
238,Страсбург,Реймс,Томас Леонард,2.05,2.9,4.2,25,0,0,1399,510,889,48,52,13,12,1,1,403,418,65,42,19,19,13,18,61,52,26,12,18,18,9,8,7,6,144,146,12,5,5,0,7,4,5,1,4-2-3-1,6.89,4-3-3,6.89,8.83,13.06,,,4.2,26.1,13.363636363636363,13.304347826086957,15.181818181818182,14.478260869565217
239,ПСЖ,Лион,Клемент Терпин,1.33,5.5,7.5,25,2,0,1650,403,1247,70,30,11,14,1,2,744,311,24,46,17,10,18,14,46,41,7,6,18,17,6,3,10,8,124,119,16,7,5,2,10,5,6,2,4-2-2-2,7.13,4-2-3-1,6.96,6.48,21.3,,,2.9,24.5,12.0,12.695652173913043,12.166666666666666,11.695652173913043
240,АС Монако,Монпелье,Рудди Буке,1.66,3.9,4.75,21,0,0,1132,516,616,52,48,13,8,1,2,540,481,63,54,18,27,20,23,67,48,20,17,23,9,2,4,14,12,137,154,16,13,2,2,10,7,6,6,4-3-1-2,6.84,3-5-1-1,6.86,8.49,20.25,,,3.5714285714285716,20.785714285714285,10.5,11.458333333333334,16.0,15.791666666666666
241,Амьен,ПСЖ,Хаким Бен эль Салем Хадж,6.0,4.5,1.5,31,3,1,396,1866,-1470,29,71,21,10,3,2,326,794,50,40,11,23,18,14,31,66,2,14,8,21,2,6,19,11,124,125,11,15,5,10,7,11,4,4,4-2-3-1,6.63,4-2-2-2,7.12,13.97,4.9,,,3.769230769230769,28.46153846153846,14.25,13.541666666666666,13.333333333333334,12.625
242,Бордо,Дижон,Микаэль Лесаж,1.75,3.6,4.75,22,1,1,1845,207,1638,66,34,12,10,1,1,626,327,46,64,36,7,19,20,57,56,18,21,19,14,13,1,6,14,153,132,11,6,2,3,4,4,7,2,4-2-3-1,6.83,4-1-4-1,6.84,6.22,25.65,,,4.636363636363637,26.181818181818183,12.818181818181818,13.208333333333334,13.583333333333334,12.833333333333334
243,Нант,Мец,Джереми Стинат,1.83,3.25,5.0,25,0,0,1312,500,812,56,44,14,11,0,1,504,391,35,67,25,21,27,26,65,73,16,10,22,34,11,6,14,13,161,151,18,7,7,2,10,5,8,2,4-2-3-1,6.82,4-3-3,6.82,7.53,12.55,,,3.5,26.0,13.0,13.583333333333334,12.583333333333334,12.416666666666666
244,Ним,Анже,Карим Абед,2.75,3.25,2.6,24,0,0,1091,975,116,50,50,8,16,1,2,407,398,69,84,19,21,7,17,71,56,27,25,29,19,7,5,9,12,202,207,11,10,2,0,9,8,2,2,4-2-3-1,6.76,4-1-4-1,6.78,8.04,8.26,,,3.0,24.0,14.833333333333334,13.375,11.636363636363637,11.916666666666666
245,Тулуза,Ницца,Джером Мигельгорри,2.2,3.5,3.2,23,0,1,829,1217,-388,37,63,14,9,2,0,374,635,44,38,20,15,20,22,55,51,13,13,20,15,7,5,16,9,112,103,19,14,5,4,14,9,5,5,4-1-4-1,6.71,4-4-1-1,6.83,15.0,11.58,,,3.5,26.5,14.454545454545455,13.833333333333334,11.181818181818182,10.666666666666666
246,Лион,Страсбург,Йохан Хамель,1.66,3.6,5.75,32,1,1,876,318,558,62,38,17,15,3,1,511,315,52,71,24,9,22,19,61,65,25,14,15,24,3,2,14,15,157,153,5,7,2,1,4,2,1,5,4-3-3,6.94,4-2-3-1,6.9,6.22,10.96,,,3.1666666666666665,26.5,11.181818181818182,11.791666666666666,13.25,13.291666666666666
247,Брест,Сент-Этьен,Эрик Ваттелье,2.62,3.2,2.75,22,3,0,545,1143,-598,49,51,11,11,2,3,488,491,72,43,15,26,14,16,47,55,14,16,16,18,0,5,12,12,163,159,10,11,3,4,8,10,2,1,4-4-2,6.86,4-3-3,6.78,13.9,9.39,,,2.6,22.6,11.416666666666666,12.041666666666666,12.833333333333334,13.25
248,Реймс,Ренн,Флоран Батта,2.7,2.8,3.0,31,0,0,1503,293,1210,56,44,14,17,1,1,490,386,74,72,23,10,13,9,54,47,14,19,16,11,7,2,10,13,134,122,11,3,3,1,4,1,7,2,4-3-3,6.86,4-4-2,6.87,10.04,14.22,,,2.9,30.5,13.833333333333334,14.375,14.75,14.083333333333334
249,Лилль,Марсель,Фрэнк Шнайдер,2.05,3.0,4.0,28,0,0,1090,631,459,55,45,16,12,0,5,462,371,59,62,12,12,23,11,55,59,19,8,11,29,4,5,9,8,144,123,13,5,3,2,8,4,5,1,4-2-2-2,6.81,4-3-3,6.94,10.0,13.42,,,3.4545454545454546,27.818181818181817,13.166666666666666,13.458333333333334,13.583333333333334,13.416666666666666
250,Ницца,Брест,Джереми Пиньяр,1.95,3.8,3.4,11,2,1,1470,715,755,50,50,7,4,3,0,555,548,43,59,22,18,24,20,45,40,10,8,17,14,9,3,8,14,105,113,19,9,6,3,9,7,10,2,4-4-1-1,6.84,4-4-2,6.85,15.67,24.63,,,2.7,23.1,10.23076923076923,10.6,12.666666666666666,12.0
251,Мец,Лион,Эрик Ваттелье,4.333333333333334,3.6,1.8,21,0,1,382,1063,-681,46,54,7,14,1,1,381,446,60,60,20,21,24,18,53,72,15,27,13,28,5,4,10,16,162,157,7,12,0,6,2,8,5,4,4-3-3,6.83,3-4-1-2,6.93,14.89,7.27,,,2.8181818181818183,22.545454545454547,12.25,12.36,12.307692307692308,12.0
252,Марсель,Нант,Джером Мигельгорри,1.9,3.5,4.2,32,1,1,1157,489,668,63,37,15,17,1,3,585,336,55,54,17,13,27,19,52,68,15,13,10,28,4,1,11,11,151,145,15,8,5,4,5,3,10,5,4-3-3,6.94,4-2-3-1,6.83,6.29,13.93,,,3.0,25.333333333333332,13.25,13.36,14.166666666666666,13.6
253,Анже,Монпелье,Энтони Готье,2.45,3.0,3.1,32,0,0,1072,1549,-477,43,57,16,16,4,2,377,476,61,56,19,32,19,19,61,61,15,23,17,17,6,8,6,8,137,154,12,10,8,2,7,3,5,7,5-3-2,6.77,3-4-2-1,6.86,19.0,6.91,,,4.133333333333334,25.733333333333334,12.153846153846153,12.08,15.333333333333334,15.48
254,Дижон,АС Монако,Франсуа Летексье,3.8,3.8,1.9,29,0,0,622,1434,-812,43,57,16,13,1,0,459,613,81,70,19,22,25,16,56,77,15,28,20,25,2,3,9,10,153,152,12,16,2,6,7,8,5,8,4-2-3-1,6.83,4-3-3,6.86,13.56,8.56,,,5.181818181818182,27.636363636363637,12.083333333333334,12.72,12.416666666666666,11.52
255,Лилль,Тулуза,Томас Леонард,1.3,4.75,11.0,32,2,0,1948,315,1633,60,40,12,20,1,3,639,425,47,61,16,8,19,4,48,46,14,13,4,19,5,0,9,13,125,110,18,7,9,1,14,3,4,4,4-4-2,6.8,4-1-4-1,6.71,13.79,22.0,,,4.0,26.0,13.384615384615385,13.56,13.307692307692308,13.84
256,Страсбург,Амьен,Амори Делерю,1.75,3.6,4.75,41,0,0,1545,329,1216,61,39,18,23,2,6,418,264,81,60,23,14,16,7,76,56,28,22,18,16,5,5,13,6,159,156,15,3,3,1,8,0,7,3,4-2-3-1,6.89,4-2-3-1,6.63,5.13,6.55,,,3.8461538461538463,27.0,13.333333333333334,13.36,12.833333333333334,13.84
257,Сент-Этьен,Реймс,Бенуа Бастьен,2.3,3.1,3.25,19,0,0,879,912,-33,44,56,14,5,1,1,361,463,48,43,27,19,13,27,35,66,9,18,17,20,8,6,16,16,147,133,7,12,4,2,2,3,5,9,4-2-3-1,6.78,4-3-3,6.87,10.28,12.24,,,5.2,28.4,13.666666666666666,13.16,14.916666666666666,14.36
258,Ренн,Ним,Стефани Фраппар,1.5699999999999998,3.75,7.0,16,1,1,2376,588,1788,64,36,11,5,0,1,577,334,41,58,34,6,25,14,50,57,22,17,12,24,10,1,4,12,148,126,26,8,8,2,13,3,13,5,4-4-2,6.86,4-2-3-1,6.77,9.95,15.82,,,4.222222222222222,26.333333333333332,13.416666666666666,14.2,11.916666666666666,13.16
259,ПСЖ,Бордо,Вилли Делайод,1.12,9.0,17.0,28,2,2,2322,885,1437,67,33,13,15,5,2,598,278,42,49,22,19,38,20,68,56,9,14,23,18,10,7,13,10,111,128,23,13,9,7,19,9,4,4,4-2-2-2,7.11,5-4-1,6.83,4.59,10.94,,,3.8461538461538463,28.76923076923077,11.916666666666666,12.52,13.538461538461538,13.16
260,Ним,Марсель,Клемент Терпин,3.5,3.3,2.15,29,1,2,1417,1099,318,47,53,15,14,4,3,338,381,61,64,25,16,23,20,69,77,23,26,23,26,8,9,12,6,170,151,16,13,6,4,6,8,10,5,4-2-3-1,6.77,4-2-3-1,6.92,7.43,7.95,,,2.909090909090909,24.545454545454547,14.307692307692308,12.846153846153847,13.461538461538462,13.423076923076923
261,ПСЖ,Дижон,Томас Леонард,1.1,9.0,13.0,10,1,0,2341,333,2008,69,31,7,3,1,0,760,327,36,50,25,9,15,11,37,36,12,11,13,10,8,0,5,18,123,99,23,9,11,3,19,6,4,3,4-2-2-2,7.12,3-4-2-1,6.83,9.42,34.06,,,4.0,26.5,12.0,12.538461538461538,13.307692307692308,12.846153846153847
262,Амьен,Мец,Йохан Хамель,2.05,3.2,4.0,27,0,1,1200,824,376,59,41,17,10,2,1,517,361,56,79,25,18,6,22,44,63,18,23,12,12,6,3,11,7,191,186,12,13,5,6,10,6,2,7,4-2-3-1,6.63,4-3-3,6.81,6.0,20.13,,,3.230769230769231,26.923076923076923,14.76923076923077,14.192307692307692,12.461538461538462,12.153846153846153
263,АС Монако,Реймс,Хаким Бен эль Салем Хадж,1.8,3.6,4.5,33,1,0,1016,718,298,57,43,20,13,2,3,527,394,58,46,20,15,17,26,61,56,22,7,16,16,3,2,10,15,146,137,19,16,7,8,11,8,8,8,4-4-2,6.86,4-2-3-1,6.88,6.79,15.95,,,3.857142857142857,28.642857142857142,10.692307692307692,11.576923076923077,14.153846153846153,14.0
264,Монпелье,Страсбург,Микаэль Лесаж,2.5,3.1,3.0,23,0,0,1526,911,615,45,55,8,15,1,2,367,450,45,54,28,24,7,18,45,50,18,20,10,9,5,7,11,12,102,122,23,15,11,7,13,8,10,7,3-4-1-2,6.86,5-3-2,6.9,19.73,9.0,,,4.416666666666667,25.833333333333332,15.615384615384615,15.5,13.384615384615385,13.538461538461538
265,Брест,Анже,Флоран Батта,2.5,3.2,2.9,21,0,1,2154,348,1806,64,36,12,9,3,1,605,340,96,61,38,6,10,9,37,49,15,25,10,8,12,0,11,6,138,115,16,6,4,2,9,3,7,3,4-2-3-1,6.85,4-1-4-1,6.78,6.85,27.07,,,2.8181818181818183,30.545454545454547,11.384615384615385,11.692307692307692,12.0,12.23076923076923
266,Тулуза,Ренн,Джереми Стинат,3.6,3.5,2.05,25,0,1,1254,1137,117,40,60,13,12,3,1,375,589,44,66,36,10,11,13,54,64,19,25,15,20,9,3,9,8,141,118,15,11,2,4,10,5,5,6,4-2-2-2,6.7,4-4-2,6.87,19.83,7.65,,,3.272727272727273,25.90909090909091,14.416666666666666,14.076923076923077,14.923076923076923,14.076923076923077
267,Нант,Лилль,Вилли Делайод,2.87,3.0,2.62,26,0,0,333,1707,-1374,51,49,13,13,4,3,391,369,64,81,17,23,15,19,47,69,18,29,10,14,3,12,11,12,170,164,6,15,3,5,3,12,3,3,4-4-2,6.84,4-4-2,6.82,8.43,7.78,,,4.071428571428571,28.714285714285715,13.076923076923077,13.73076923076923,13.75,13.5
268,Бордо,Ницца,Бенуа Милло,1.9,3.6,4.0,30,1,0,1382,935,447,41,59,18,12,3,3,393,581,59,52,23,12,20,26,46,70,6,12,16,22,10,3,17,7,127,123,12,9,4,4,11,4,1,5,4-2-3-1,6.81,3-4-3,6.85,10.69,9.42,,,6.222222222222222,25.444444444444443,12.75,13.23076923076923,11.0,10.461538461538462
269,Лион,Сент-Этьен,Фрэнк Шнайдер,1.65,3.75,5.5,29,1,0,1995,661,1334,66,34,15,14,4,4,555,281,57,52,25,11,14,10,63,55,28,23,15,16,5,4,6,12,149,133,16,8,9,4,13,2,3,6,4-3-3,6.94,4-4-2,6.77,6.24,16.05,,,3.5833333333333335,27.833333333333332,11.666666666666666,12.076923076923077,12.692307692307692,13.192307692307692
270,Марсель,Амьен,Франсуа Летексье,1.5699999999999998,4.0,6.0,30,1,0,1162,848,314,55,45,13,17,2,2,510,408,66,54,19,17,22,22,73,56,17,22,23,10,4,4,20,11,146,149,13,12,6,3,5,6,8,6,4-2-3-1,6.93,4-2-3-1,6.63,8.46,10.96,,,4.833333333333333,27.75,13.384615384615385,13.444444444444445,13.615384615384615,14.296296296296296
271,Анже,Нант,Стефани Фраппар,2.5,3.0,3.1,15,0,0,674,1217,-543,45,55,9,6,0,3,465,560,59,45,10,16,18,17,50,60,8,26,23,19,4,6,11,11,151,150,8,15,3,4,3,8,5,7,4-1-4-1,6.79,4-2-3-1,6.83,16.0,11.52,,,3.9,25.3,12.428571428571429,12.11111111111111,14.384615384615385,13.703703703703704
272,Дижон,Тулуза,Бризар Джером,1.75,3.6,4.75,31,1,1,1462,406,1056,56,44,14,17,2,2,500,410,66,67,29,4,16,22,77,56,29,14,20,18,5,1,17,14,160,156,14,6,3,2,8,4,6,2,4-4-2,6.83,4-1-4-1,6.7,5.15,12.23,,,3.5384615384615383,25.692307692307693,12.384615384615385,12.481481481481481,13.785714285714286,14.037037037037036
273,Мец,Ним,Рудди Буке,2.3,3.2,3.25,20,1,0,1356,771,585,56,44,9,11,0,0,431,332,88,68,30,15,27,15,66,66,26,31,17,22,8,6,14,7,173,167,14,16,5,7,9,9,5,7,4-3-3,6.82,4-2-2-2,6.76,6.29,9.81,,,3.533333333333333,20.8,11.846153846153847,12.074074074074074,11.384615384615385,12.925925925925926
274,Ницца,АС Монако,Амори Делерю,3.4,3.75,2.0,26,0,1,970,747,223,50,50,11,15,1,4,515,500,49,50,18,18,20,21,53,54,6,11,17,20,6,3,14,11,125,120,12,14,5,4,7,6,5,8,3-5-2,6.85,4-3-1-2,6.87,13.48,10.16,,,4.142857142857143,28.0,10.0,10.518518518518519,12.461538461538462,11.88888888888889
275,Реймс,Брест,Карим Абед,1.95,3.4,4.0,20,1,0,1026,917,109,48,52,7,13,3,2,468,497,63,51,18,27,9,14,46,47,16,15,13,15,5,5,10,13,118,125,12,12,3,4,10,6,2,6,4-2-3-1,6.88,4-5-1,6.85,20.47,13.96,,,3.0,24.0,13.846153846153847,13.962962962962964,12.0,11.703703703703704
276,Сент-Этьен,Бордо,Томас Леонард,2.2,3.3,3.4,31,0,0,1162,598,564,52,48,14,17,4,3,448,424,62,61,27,15,15,15,56,58,22,17,12,20,7,4,11,9,143,139,11,8,4,2,7,5,4,3,4-3-3,6.77,4-2-3-1,6.81,10.0,10.58,,,3.769230769230769,25.23076923076923,13.692307692307692,13.222222222222221,13.642857142857142,13.407407407407407
277,Ренн,Монпелье,Джереми Пиньяр,2.25,3.2,3.4,19,2,0,1425,787,638,54,46,9,10,2,3,509,413,41,57,12,24,17,20,42,36,4,11,14,9,2,7,11,10,97,116,16,11,9,1,8,8,8,3,4-3-3,6.88,3-4-1-2,6.88,13.8,18.94,,,2.727272727272727,22.0,13.23076923076923,14.0,15.384615384615385,15.222222222222221
278,Лилль,Лион,Бенуа Бастьен,2.15,3.25,3.5,34,1,0,1140,600,540,43,57,21,13,1,3,369,490,57,67,12,13,22,15,55,68,22,18,8,23,4,3,12,17,155,148,12,9,3,2,5,6,7,3,4-2-2-2,6.83,3-5-2,6.95,10.13,9.21,,,4.909090909090909,27.545454545454547,13.285714285714286,13.481481481481481,12.428571428571429,12.185185185185185
