,Team1,Team2,Referee,Coef_1,Coef_X,Coef_2,Total_Fouls,Team1_Score,Team2_Score,Team1_Intensive,Team2_Intensive,Intensive,Team1_Ball_possession,Team2_Ball_possession,Team1_Fouls,Team2_Fouls,Team1_Yellow_cards,Team2_Yellow_cards,Team1_Passes,Team2_Passes,Team1_Long_balls,Team2_Long_balls,Team1_Crosses,Team2_Crosses,Team1_Dribbles,Team2_Dribbles,Team1_Duels_won,Team2_Duels_won,Team1_Aerials_won,Team2_Aerials_won,Team1_Tackles,Team2_Tackles,Team1_Corner_kicks,Team2_Corner_kicks,Team1_Interceptions,Team2_Interceptions,Team1_Possession_lost,Team2_Possession_lost,Team1_Total_shots,Team2_Total_shots,Team1_Shots_on_target,Team2_Shots_on_target,Team1_Shots_inside_box,Team2_Shots_inside_box,Team1_Shots_outside_box,Team2_Shots_outside_box,Team1_Formation,Team1_Ratings,Team2_Formation,Team2_Ratings,Team1_PPDA,Team2_PPDA,Team1_Pre_PPDA,Team2_Pre_PPDA,Ref_Mean_Cards,Ref_Mean_Fouls,Team1_Mean_Fouls_Home,Team1_Mean_Fouls,Team2_Mean_Fouls_Away,Team2_Mean_Fouls
0,Химки,ЦСКА,Владислав Безбородов,4.75,3.6,1.75,18,0,2,679,1323,-644,45,55,6,12,0,0,482,578,75,52,15,18,15,13,56,45,26,19,15,16,2,4,11,19,146,150,18,14,4,3,7,10,11,4,3-4-3,0.0,3-4-2-1,0.0,21.23,11.44,,,4.0,20,10,10,10,10
1,Тамбов,Ростов,Станислав Васильев,3.6,3.1,2.1,28,0,1,413,1399,-986,43,57,14,14,2,3,370,479,69,81,11,13,11,7,42,44,19,15,8,10,1,4,13,8,132,141,10,7,1,5,4,4,6,3,3-4-3,0.0,4-5-1,0.0,14.65,10.05,,,4.0,20,10,10,10,10
2,Уфа,Краснодар,Сергей Карасев,4.0,3.3,1.95,26,0,0,355,2652,-2297,27,73,9,17,2,2,257,709,61,52,15,19,8,21,40,48,11,12,9,8,5,7,14,16,116,116,5,24,2,11,4,13,1,11,5-3-2,0.0,4-2-3-1,0.0,24.14,4.96,,,4.0,20,10,10,10,10
3,Арсенал,Ахмат,Кирилл Левников,2.4,3.2,3.0,25,0,0,779,788,-9,53,47,10,15,3,2,430,368,60,70,21,17,23,21,61,90,24,27,15,41,4,5,10,13,178,156,6,10,1,2,3,5,3,5,5-4-1,0.0,4-2-3-1,0.0,7.73,9.31,,,4.0,20,10,10,10,10
4,Спартак,Сочи,Василий Казарцев,1.6,3.8,5.5,20,2,1,1129,1139,-10,53,47,15,5,6,3,480,406,73,60,11,17,7,5,45,36,24,9,10,9,2,5,10,2,110,127,13,16,4,4,11,11,2,5,3-1-4-2,0.0,3-4-3,0.0,25.0,22.77,,,4.0,20,10,10,10,10
5,Урал,Динамо,Виталий Мешков,3.5,3.3,2.1,26,0,1,772,1194,-422,57,43,14,12,3,3,590,432,64,59,13,24,20,11,41,59,15,21,8,24,4,8,12,10,128,127,14,15,2,7,8,8,6,7,4-2-3-1,0.0,4-2-3-1,0.0,19.08,12.5,,,4.0,20,10,10,10,10
6,Ротор,Зенит,Алексей Валерьевич Матюнин,9.0,5.0,1.33,14,0,1,628,1876,-1248,37,63,8,6,1,1,351,583,55,75,15,32,16,13,36,53,16,20,8,17,3,4,15,11,144,141,11,16,5,4,4,8,7,8,5-4-1,0.0,4-3-1-2,0.0,20.4,7.65,,,4.0,20,10,10,10,10
7,Рубин Казань,Локомотив,Сергей Иванов,3.2,3.1,2.3,27,0,2,851,1008,-157,37,63,11,16,3,5,348,589,36,53,17,9,28,13,51,49,13,8,8,21,7,4,9,3,113,106,14,12,3,5,10,8,4,4,4-2-3-1,0.0,4-2-3-1,0.0,18.65,9.22,,,4.0,20,10,10,10,10
8,Арсенал,Уфа,Сергей Лапочкин,2.3,2.87,3.5,24,1,1,1878,548,1330,65,35,13,11,8,2,527,290,58,74,33,9,23,8,50,59,19,28,12,18,6,1,14,14,168,146,18,6,7,4,7,4,11,2,5-4-1,6.61,5-3-2,6.51,7.25,9.32,,,4.0,20,10.0,10.0,10,9.0
9,Сочи,Химки,Сергей Карасев,1.9,3.4,4.0,32,0,1,1475,685,790,53,47,14,18,2,3,425,376,66,74,30,14,13,7,55,64,34,36,4,13,6,5,10,12,156,136,15,13,5,5,9,7,6,6,3-5-2,6.73,4-4-2,6.83,12.06,11.0,,,4.0,26.0,10,5.0,10,6.0
10,Спартак,Ахмат,Евгений Андреевич Турбин,1.65,4.0,5.0,26,0,0,2164,483,1681,70,30,6,20,2,9,545,223,50,55,22,11,14,16,72,48,25,10,19,28,5,6,8,12,135,132,19,7,5,3,14,6,5,1,3-4-3,6.91,4-2-3-1,7.02,3.69,13.16,,,4.0,20,15.0,15.0,15.0,15.0
11,Динамо,Ротор,Игорь Панин,1.65,3.4,5.75,29,0,0,1798,512,1286,50,50,16,13,3,5,421,441,70,64,35,6,28,0,61,50,22,17,10,19,10,1,8,10,158,144,21,3,3,2,12,1,9,2,4-3-3,7.24,4-2-3-1,6.54,11.05,14.73,,,4.0,20,10,12.0,10,8.0
12,Рубин Казань,Урал,Алексей Васильевич Сухой,1.75,3.6,4.75,21,1,1,1326,807,519,45,55,5,16,2,7,340,400,53,46,18,26,25,14,62,42,18,13,17,17,8,4,13,8,117,114,21,13,6,5,14,9,7,4,4-2-3-1,6.55,4-2-3-1,6.71,13.0,8.73,,,4.0,20,11.0,11.0,10,14.0
13,ЦСКА,Тамбов,Владимир Москалев,1.44,4.0,7.0,19,1,1,1120,633,487,50,50,11,8,1,1,489,493,52,79,24,11,9,7,44,38,17,13,14,11,5,2,14,13,136,139,12,12,4,6,7,9,5,3,3-4-2-1,7.16,5-4-1,6.63,12.21,28.6,,,4.0,20,10,12.0,10,14.0
14,Локомотив,Краснодар,Кирилл Левников,2.9,3.25,2.4,21,1,0,934,1388,-454,41,59,10,11,1,1,397,562,67,39,10,18,17,21,44,63,9,13,17,30,5,4,12,18,139,125,16,16,9,3,12,10,4,6,4-2-3-1,7.17,4-2-3-1,7.4,13.91,6.17,,,5.0,25.0,10,16.0,17.0,17.0
15,Ростов,Зенит,Павел Кукуян,4.333333333333334,3.6,1.8,26,0,1,1008,1082,-74,43,57,13,13,2,5,350,469,43,81,19,9,12,15,43,67,20,23,6,22,2,2,14,5,135,140,19,14,4,6,5,7,14,7,4-2-3-1,6.88,4-4-2,7.28,11.95,6.07,,,4.0,20,10,14.0,6.0,6.0
16,Сочи,Рубин Казань,Владислав Безбородов,2.37,3.1,3.1,23,1,0,929,1398,-469,44,56,11,12,2,3,306,406,61,71,28,14,13,13,46,54,15,18,21,15,10,5,7,4,132,125,11,18,6,7,8,11,3,7,3-4-2-1,6.79,4-2-3-1,6.69,15.81,8.44,,,0.0,18.0,14.0,9.5,10,8.0
17,Тамбов,Химки,Михаил Вилков,2.8,3.1,2.6,26,1,0,557,1967,-1410,38,62,13,13,2,7,309,481,77,54,13,34,4,8,47,37,24,17,11,8,2,8,13,8,120,131,5,20,2,3,4,9,1,11,5-3-2,6.66,4-4-2,6.91,14.25,8.22,,,4.0,20,14.0,11.0,18.0,12.0
18,Краснодар,Арсенал,Сергей Иванов,1.4,4.75,7.0,29,1,0,1516,609,907,63,37,15,14,4,3,555,309,51,61,16,16,12,6,56,55,27,23,13,15,4,4,8,18,150,147,14,11,7,4,8,5,6,6,4-2-3-1,7.26,4-2-3-1,6.62,6.0,11.33,,,8.0,27.0,10,14.0,10,11.5
19,Уфа,Спартак,Станислав Васильев,3.8,3.2,2.05,19,1,1,414,2525,-2111,29,71,14,5,3,0,256,615,65,69,10,30,8,14,36,60,16,23,13,15,5,8,13,8,141,149,7,21,2,5,4,16,3,5,5-4-1,6.66,3-4-3,7.07,23.17,6.19,,,5.0,28.0,9.0,10.0,10,10.5
20,Урал,Локомотив,Алексей Валерьевич Матюнин,4.75,3.5,1.75,27,0,0,163,2675,-2512,32,68,19,8,4,2,289,608,48,49,13,33,6,9,34,51,14,16,13,12,1,14,9,5,108,130,5,21,1,8,3,12,2,9,4-2-3-1,6.75,4-2-3-1,7.13,15.36,17.67,,,2.0,14.0,14.0,15.0,16.0,13.0
21,Ахмат,Ротор,Сергей Лапочкин,2.2,3.0,3.6,29,0,0,1873,441,1432,55,45,16,13,3,4,463,369,71,94,23,21,13,14,59,57,28,20,17,18,3,3,15,6,130,146,25,7,9,3,17,5,8,2,4-2-3-1,6.77,4-4-2,6.7,6.87,15.17,,,10.0,24.0,10,17.5,13.0,10.5
22,Динамо,Ростов,Николай Волошин,2.05,3.1,4.0,26,2,0,336,1567,-1231,33,67,12,14,3,3,252,521,85,72,14,21,16,11,56,70,25,38,12,12,2,5,13,18,153,160,6,11,3,1,5,5,1,6,4-3-3,7.17,4-2-3-1,6.71,13.26,4.89,,,4.0,20,16.0,14.0,14.0,13.5
23,Зенит,ЦСКА,Виталий Мешков,1.75,3.5,4.75,25,1,1,1859,539,1320,61,39,9,16,1,4,604,382,74,45,28,13,13,10,63,37,23,17,15,7,8,6,8,22,143,116,16,13,7,4,10,8,6,5,4-3-1-2,7.22,3-4-2-1,7.09,12.43,15.79,,,6.0,26.0,10,9.5,12.0,11.5
24,Урал,Краснодар,Евгений Андреевич Турбин,5.25,4.333333333333334,1.55,16,1,0,735,1466,-731,32,68,6,10,2,6,275,574,62,50,18,25,14,8,55,40,26,23,12,8,4,6,12,14,127,143,12,15,4,6,9,10,3,5,4-2-3-1,6.77,4-2-3-1,7.24,24.0,8.71,,,11.0,26.0,16.5,16.333333333333332,14.0,14.333333333333334
25,Химки,Ахмат,Павел Кукуян,2.6,3.0,2.9,37,1,0,972,1516,-544,39,61,18,19,6,5,271,422,69,84,19,26,24,6,63,61,20,24,13,15,7,7,7,9,138,141,12,17,3,6,9,11,3,6,3-4-2-1,6.86,4-2-3-1,6.87,11.67,4.13,,,7.0,26.0,6.0,12.333333333333334,17.5,17.0
26,Арсенал,Динамо,Владимир Москалев,4.75,3.2,1.83,22,1,0,1135,654,481,48,52,10,12,4,3,327,349,63,73,19,15,25,10,58,50,18,20,11,15,4,3,15,23,128,112,12,7,4,3,8,5,4,2,4-4-2,6.62,4-2-3-1,7.05,13.0,6.73,,,2.0,19.0,11.5,12.333333333333334,12.0,13.333333333333334
27,Зенит,Тамбов,Игорь Панин,1.22,6.0,13.0,22,1,0,3014,375,2639,65,35,12,10,1,2,574,319,73,53,33,9,6,7,40,36,9,8,17,12,10,0,9,20,128,108,25,6,10,4,12,3,13,3,4-4-2,7.26,5-3-2,6.73,8.62,29.44,,,8.0,29.0,9.0,9.333333333333334,8.0,11.666666666666666
28,ЦСКА,Рубин Казань,Кирилл Левников,1.7,3.5,5.25,18,1,1,1760,760,1000,54,46,9,9,2,4,451,389,50,60,25,7,12,17,47,58,17,22,19,20,10,3,9,22,144,127,20,14,7,6,9,4,11,10,3-4-2-1,6.97,4-2-3-1,6.69,8.83,13.12,,,3.5,23.0,11.0,13.0,12.0,9.333333333333334
29,Ротор,Сочи,Сергей Иванов,3.6,3.0,2.2,27,0,1,699,1803,-1104,45,55,21,6,4,1,418,515,72,73,20,28,11,15,53,86,31,44,13,14,1,7,10,7,151,162,13,17,2,8,5,11,8,6,4-4-1-1,6.64,3-4-2-1,6.81,10.24,15.21,,,7.5,28.0,8.0,11.333333333333334,5.0,10.0
30,Уфа,Ростов,Михаил Вилков,3.0,2.9,2.6,30,0,0,389,1580,-1191,41,59,16,14,2,2,350,500,73,75,15,21,6,8,48,70,24,40,10,11,2,2,13,11,169,166,5,18,2,7,4,12,1,6,5-4-1,6.65,4-2-3-1,6.7,13.89,10.93,,,9.0,26.0,11.5,11.333333333333334,14.0,13.666666666666666
31,Спартак,Локомотив,Сергей Карасев,2.5,3.1,2.9,36,0,1,1942,338,1604,58,42,15,21,1,6,420,312,53,53,33,7,16,4,56,54,19,23,7,15,6,1,8,11,134,106,17,9,8,3,7,5,10,4,3-4-1-2,7.08,4-4-2,7.07,6.6,8.87,,,4.5,29.0,10.5,8.666666666666666,12.0,11.333333333333334
32,Тамбов,Сочи,Алексей Валерьевич Матюнин,3.75,3.25,2.05,22,0,0,575,1295,-720,45,55,11,11,2,1,447,552,69,51,20,22,5,12,44,42,21,20,11,8,1,3,12,9,147,138,11,16,1,6,8,9,3,7,5-3-2,6.68,3-4-2-1,6.91,24.36,14.12,,,4.0,20.5,13.5,11.25,5.5,9.0
33,Арсенал,Химки,Николай Волошин,1.83,3.6,4.2,26,0,1,2598,273,2325,69,31,10,16,1,5,502,239,42,70,43,7,20,15,72,44,28,17,12,9,12,4,4,16,139,123,27,3,4,2,11,2,16,1,4-4-2,6.74,3-5-2,6.83,7.2,11.2,,,6.0,26.0,11.0,11.75,15.5,13.75
34,Локомотив,Ахмат,Игорь Панин,1.85,3.4,4.333333333333334,34,0,2,1697,680,1017,62,38,11,23,5,9,473,283,52,73,23,17,14,8,65,57,29,20,9,20,3,2,10,10,141,131,17,10,5,5,8,6,9,4,4-2-3-1,6.97,4-2-3-1,6.87,5.91,9.12,,,5.5,25.5,10.0,13.75,18.0,17.5
35,Ротор,Спартак,Алексей Васильевич Сухой,6.0,4.0,1.53,31,0,0,342,2493,-2151,26,74,16,15,5,6,215,571,58,50,8,34,8,15,48,57,16,24,15,12,0,15,10,15,118,140,12,22,6,6,6,16,6,6,5-4-1,6.65,3-4-1-2,7.06,17.0,3.4,,,9.0,21.0,14.5,13.75,5.0,10.25
36,Рубин Казань,Уфа,Павел Кукуян,1.83,3.25,4.75,24,0,0,1711,468,1243,50,50,11,13,1,5,420,416,65,66,13,18,5,9,46,41,16,18,14,12,7,5,7,11,118,122,20,12,11,3,13,5,7,7,4-2-3-1,6.79,5-3-2,6.65,13.82,23.45,,,9.0,31.5,8.0,9.25,11.0,12.5
37,Краснодар,ЦСКА,Владислав Безбородов,2.2,3.5,3.1,29,0,1,1393,968,425,53,47,13,16,2,2,464,394,67,56,19,20,8,12,51,45,19,15,12,12,6,3,9,26,162,149,18,17,7,10,11,5,7,12,4-2-3-1,7.1,4-2-3-1,6.92,10.24,8.61,,,2.5,20.5,15.0,13.25,14.0,12.0
38,Ростов,Урал,Сергей Лапочкин,1.6,3.75,5.75,27,0,0,1838,442,1396,51,49,11,16,0,2,380,375,71,68,32,14,9,7,49,54,22,28,9,12,11,1,6,12,150,142,12,6,2,1,6,1,6,5,4-2-3-1,6.82,4-2-3-1,6.86,10.71,12.82,,,8.5,26.5,13.0,13.75,16.0,13.75
39,Динамо,Зенит,Станислав Васильев,4.5,3.4,1.83,26,1,0,483,1736,-1253,36,64,15,11,7,5,274,468,58,70,11,32,10,11,47,45,18,13,17,13,1,11,17,1,102,135,6,18,2,4,2,10,4,8,5-4-1,6.92,4-4-2,7.26,17.31,10.83,,,4.0,23.5,14.0,13.0,9.5,10.0
40,Спартак,Арсенал,Алексей Валерьевич Матюнин,1.5699999999999998,4.0,5.75,25,2,1,1818,337,1481,70,30,9,16,1,5,592,237,65,52,17,12,22,15,67,42,21,10,17,20,4,4,18,15,155,151,7,5,3,2,4,1,3,4,3-4-1-2,7.1,4-2-3-1,6.8,4.48,12.71,,,3.6666666666666665,21.0,12.0,11.2,14.0,11.4
41,Химки,Ротор,Кирилл Левников,1.85,3.3,4.333333333333334,29,0,1,1973,408,1565,62,38,12,17,4,3,493,301,53,77,29,12,16,12,51,50,17,12,8,20,9,3,15,15,167,153,17,8,3,2,8,2,9,6,3-4-3,6.78,5-4-1,6.67,7.82,12.89,,,4.333333333333333,21.333333333333332,12.0,14.2,13.0,14.2
42,Уфа,Динамо,Евгений Андреевич Турбин,4.1,3.0,2.05,23,0,1,513,1209,-696,40,60,13,10,2,1,344,515,98,81,15,15,6,9,39,50,15,17,13,16,1,3,8,11,154,150,7,11,2,6,2,7,5,4,5-4-1,6.65,3-4-2-1,6.94,16.39,11.57,,,9.5,21.0,13.0,12.6,12.0,13.4
43,Локомотив,Зенит,Владимир Москалев,4.75,4.0,1.65,15,0,0,216,1535,-1319,43,57,12,3,3,0,402,494,44,69,7,35,10,14,40,45,24,12,11,11,2,6,9,9,114,141,7,9,1,0,3,6,4,3,4-2-3-1,6.92,4-2-2-2,7.14,12.29,11.12,,,4.5,20.5,10.5,13.2,10.0,10.2
44,Ахмат,ЦСКА,Сергей Иванов,3.8,3.4,1.95,28,0,1,2064,954,1110,55,45,13,15,3,7,416,339,76,72,20,9,13,16,51,45,10,18,19,12,8,6,11,12,145,133,19,12,5,8,12,5,7,7,4-2-3-1,6.85,4-2-3-1,6.94,9.27,9.23,,,6.666666666666667,27.666666666666668,16.0,18.6,14.666666666666666,12.8
45,Рубин Казань,Тамбов,Виталий Мешков,1.6,3.7,5.75,17,1,1,1591,615,976,59,41,10,7,3,1,523,353,52,54,24,15,14,9,47,47,17,8,11,26,7,2,9,15,142,116,15,7,8,3,8,4,7,3,4-2-3-1,6.87,5-3-2,6.7,11.41,15.83,,,5.5,25.5,9.0,9.6,9.0,11.2
46,Краснодар,Ростов,Сергей Карасев,1.83,3.5,4.333333333333334,27,0,0,1672,500,1172,62,38,13,14,2,2,542,310,72,79,17,19,20,3,54,54,25,22,7,18,8,3,13,15,169,154,23,14,7,4,13,5,10,9,4-2-3-1,7.08,4-2-3-1,6.85,6.76,11.26,,,5.333333333333333,31.333333333333332,14.0,13.2,14.0,13.2
47,Сочи,Урал,Михаил Вилков,1.61,3.75,5.75,26,0,0,980,911,69,46,54,14,12,1,2,406,478,66,69,28,22,10,8,33,47,11,18,7,10,12,5,16,15,132,135,13,10,1,2,5,8,8,2,5-4-1,6.93,4-4-2,6.82,11.57,14.06,,,6.5,28.0,12.5,9.4,16.0,14.2
48,Тамбов,Уфа,Кирилл Левников,2.5,2.9,3.0,24,1,0,1066,870,196,49,51,11,13,2,4,473,490,89,95,14,17,6,7,39,46,15,15,10,13,1,5,17,12,137,142,8,9,4,3,5,2,3,7,5-3-2,6.73,5-4-1,6.65,16.71,13.53,,,5.0,23.25,12.666666666666666,10.5,12.0,12.666666666666666
49,Урал,Химки,Владимир Москалев,2.2,3.2,3.3,25,2,0,1329,616,713,59,41,10,15,1,3,440,297,113,63,17,18,4,6,57,35,27,15,16,9,4,3,16,11,137,137,10,12,6,4,6,6,4,6,4-2-3-1,6.86,4-2-3-1,6.78,8.93,14.33,,,4.0,18.666666666666668,13.0,13.833333333333334,15.666666666666666,13.833333333333334
50,Ахмат,Сочи,Виталий Мешков,2.45,3.2,2.9,25,0,1,1726,582,1144,63,37,12,13,0,2,513,293,88,84,32,19,16,1,41,44,18,15,5,17,5,6,9,7,153,153,20,8,6,1,13,4,7,4,4-2-3-1,6.8,5-4-1,6.93,6.82,18.79,,,5.0,22.666666666666668,14.5,17.666666666666668,7.333333333333333,10.166666666666666
51,Динамо,Рубин Казань,Сергей Лапочкин,1.83,3.25,4.5,30,0,1,772,932,-160,43,57,18,12,6,4,332,450,63,72,19,10,24,24,60,71,13,22,24,19,7,3,18,8,164,158,15,16,3,6,8,8,7,8,4-2-3-1,6.92,4-2-3-1,6.86,8.0,6.86,,,6.333333333333333,26.666666666666668,14.333333333333334,12.833333333333334,10.5,9.666666666666666
52,ЦСКА,Спартак,Сергей Карасев,2.37,3.25,3.0,22,2,1,560,1358,-798,42,58,11,11,3,4,345,466,58,62,13,19,14,18,57,63,17,28,25,13,6,5,18,15,138,157,10,14,5,4,5,7,5,7,4-2-3-1,6.95,3-4-1-2,7.1,8.53,8.72,,,5.0,30.25,10.0,13.166666666666666,10.0,10.833333333333334
53,Зенит,Арсенал,Павел Кукуян,1.28,5.5,9.5,26,2,0,1626,710,916,52,48,11,15,1,3,481,441,70,63,22,12,13,9,51,37,18,13,9,9,5,3,7,19,127,125,22,14,5,4,13,5,9,9,4-4-2,7.12,3-4-2-1,6.73,12.78,13.74,,,8.0,29.0,10.5,9.0,15.0,12.166666666666666
54,Ростов,Локомотив,Владислав Безбородов,2.37,3.2,3.1,25,0,0,1333,367,966,54,46,10,15,1,2,457,381,72,81,33,17,5,11,48,35,16,12,14,10,8,2,13,13,169,155,11,7,3,1,5,4,6,3,4-2-3-1,6.84,4-2-3-1,6.9,8.09,12.76,,,3.0,23.333333333333332,12.0,13.333333333333334,15.0,13.0
55,Краснодар,Химки,Сергей Лапочкин,1.36,4.75,8.5,20,3,2,2607,451,2156,68,32,8,12,0,1,555,251,49,57,23,10,14,6,44,27,12,4,11,12,8,4,10,12,120,111,28,6,16,2,24,3,4,3,4-2-3-1,7.08,5-4-1,6.74,7.17,21.0,,,7.25,27.5,13.666666666666666,13.166666666666666,15.5,14.0
56,Урал,Зенит,Сергей Карасев,9.0,5.25,1.3,13,0,1,595,1501,-906,50,50,8,5,2,1,504,497,58,58,22,23,9,8,44,41,16,17,18,11,1,11,19,11,148,133,8,19,2,6,4,10,4,9,4-2-3-1,6.9,4-4-2,7.12,10.75,14.74,,,5.4,28.6,12.25,13.285714285714286,8.25,9.285714285714286
57,Арсенал,Сочи,Евгений Кукуляк,2.75,3.1,2.7,28,2,1,957,1557,-600,43,57,14,14,3,3,307,409,73,50,23,21,6,5,40,39,17,16,9,10,7,5,13,9,143,149,12,13,5,4,6,10,6,3,3-4-3,6.71,5-4-1,6.94,15.67,8.33,,,4.0,20,10.75,12.571428571428571,8.75,10.571428571428571
58,Уфа,ЦСКА,Николай Волошин,5.0,3.1,1.75,31,0,0,574,1794,-1220,36,64,18,13,2,2,325,570,66,65,18,14,7,21,42,58,16,15,11,11,3,7,11,8,148,139,12,23,3,10,2,13,10,10,5-4-1,6.65,4-2-3-1,6.96,10.57,7.59,,,6.0,26.0,13.0,12.714285714285714,14.75,12.857142857142858
59,Рубин Казань,Спартак,Кирилл Левников,3.3,3.2,2.15,32,0,2,1865,551,1314,54,46,11,21,6,4,437,373,63,57,23,15,19,21,61,63,14,18,16,25,6,3,16,20,160,140,23,6,7,1,14,4,9,2,4-3-3,6.89,3-4-1-2,7.03,7.35,5.82,,,5.2,23.4,9.25,10.0,10.333333333333334,10.857142857142858
60,Локомотив,Тамбов,Евгений Андреевич Турбин,1.5,4.0,6.0,31,1,0,1334,583,751,56,44,19,12,5,2,468,359,67,70,9,13,15,8,41,53,14,13,8,20,5,2,14,16,140,121,11,5,6,2,7,4,4,1,4-4-2,6.89,5-3-2,6.77,8.35,12.89,,,7.333333333333333,21.666666666666668,11.0,13.285714285714286,8.333333333333334,10.571428571428571
61,Динамо,Ахмат,Михаил Вилков,2.1,3.2,3.6,29,0,0,1633,639,994,60,40,13,16,4,5,459,297,62,90,27,18,27,18,80,60,30,13,20,24,10,7,5,16,170,156,22,10,3,4,13,6,9,4,4-2-3-1,6.88,4-1-4-1,6.8,5.48,11.5,,,5.333333333333333,27.333333333333332,15.25,13.571428571428571,19.25,16.857142857142858
62,Тамбов,Спартак,Игорь Панин,6.5,4.0,1.5,32,0,0,437,1686,-1249,35,65,19,13,4,3,254,473,63,66,12,16,2,11,37,56,13,20,10,10,1,1,9,6,113,121,9,15,2,4,5,6,4,9,5-3-2,6.78,3-4-1-2,7.03,12.35,6.5,,,8.333333333333334,28.333333333333332,12.25,10.75,13.0,12.125
63,Зенит,Уфа,Алексей Васильевич Сухой,1.16,6.0,17.0,11,2,0,1900,418,1482,60,40,4,7,1,1,589,377,83,68,16,12,2,6,23,27,9,10,6,10,2,1,8,19,131,123,23,6,8,4,16,2,7,4,4-4-2,7.09,5-4-1,6.66,31.57,32.27,,,10.0,26.0,10.666666666666666,8.75,12.333333333333334,13.375
64,Сочи,Краснодар,Сергей Карасев,3.6,3.4,2.0,23,1,0,317,2493,-2176,26,74,17,6,6,3,234,646,59,68,9,29,9,19,36,49,12,10,13,11,4,9,14,12,125,142,7,26,2,9,4,17,3,9,5-4-1,6.89,4-2-3-1,7.1,16.73,4.64,,,5.0,26.0,13.0,11.0,12.666666666666666,12.428571428571429
65,Арсенал,Ростов,Виталий Мешков,3.1,3.0,2.45,25,1,3,1845,823,1022,61,39,12,13,4,7,434,273,80,71,21,16,7,10,41,41,15,19,11,8,5,3,14,16,184,163,15,8,4,5,8,5,7,3,4-4-2,6.72,4-2-3-1,6.86,4.0,10.93,,,4.25,23.25,11.4,12.75,14.0,12.857142857142858
66,Ахмат,Урал,Павел Кукуян,1.8,3.4,4.75,39,1,0,1436,603,833,53,47,25,14,6,3,475,420,69,78,16,14,14,12,60,49,21,13,16,10,3,2,20,14,127,152,19,4,6,2,11,3,8,1,4-2-3-1,6.79,4-2-3-1,6.9,5.43,12.82,,,7.0,28.25,13.666666666666666,16.75,14.666666666666666,12.625
67,ЦСКА,Локомотив,Михаил Вилков,2.0,3.4,3.7,22,0,1,1536,949,587,56,44,8,14,2,2,518,398,51,67,21,15,16,9,43,48,11,17,11,17,10,5,11,17,146,125,21,15,4,6,10,10,11,5,4-2-3-1,6.99,4-4-2,6.9,13.67,10.58,,,6.25,27.75,10.333333333333334,12.875,15.0,14.0
68,Ротор,Рубин Казань,Владислав Безбородов,7.5,4.2,1.44,24,0,1,283,3202,-2919,26,74,15,9,4,3,216,613,56,66,11,31,11,24,38,65,8,25,17,14,4,12,7,11,124,143,7,27,2,7,4,15,3,12,5-4-1,6.68,4-3-3,6.87,22.92,4.89,,,3.0,23.75,15.0,14.666666666666666,11.0,10.125
69,Химки,Динамо,Сергей Иванов,5.75,3.75,1.6,26,1,0,547,2167,-1620,39,61,13,13,5,3,330,496,83,54,10,28,10,20,54,68,23,31,13,12,2,9,17,8,170,160,12,26,4,9,8,16,4,10,5-4-1,6.67,4-2-3-1,6.91,12.17,7.28,,,7.5,27.75,12.0,13.75,11.333333333333334,13.5
70,Уфа,Ротор,Виталий Мешков,1.75,3.25,5.25,35,0,0,1377,430,947,55,45,20,15,5,7,428,366,77,92,37,7,5,7,29,34,3,6,9,11,7,2,6,4,153,133,13,6,4,0,8,1,5,5,3-4-2-1,6.61,3-4-3,6.65,8.64,16.77,,,5.6,23.6,14.0,12.666666666666666,14.333333333333334,14.714285714285714
71,Тамбов,Арсенал,Владислав Безбородов,3.0,3.1,2.45,37,0,1,1733,767,966,59,41,14,23,0,5,432,289,78,90,25,15,2,7,47,39,15,11,12,15,5,4,11,6,151,149,16,11,6,5,13,4,3,7,3-5-2,6.74,5-4-1,6.71,7.16,10.73,,,3.8,23.8,13.6,11.666666666666666,15.0,12.666666666666666
72,Урал,ЦСКА,Станислав Васильев,5.5,4.0,1.6,22,0,0,1105,974,131,54,46,10,12,2,3,468,397,78,51,21,14,5,4,45,29,17,11,16,7,4,7,12,15,140,143,8,12,1,3,4,11,4,1,4-3-3,6.86,4-2-3-1,6.97,9.35,28.22,,,6.666666666666667,24.333333333333332,11.4,12.777777777777779,14.4,12.333333333333334
73,Спартак,Зенит,Павел Кукуян,3.6,3.5,2.0,28,0,0,1000,1551,-551,57,43,14,14,2,3,523,380,46,55,23,23,11,8,48,46,18,17,8,11,3,6,14,12,125,131,13,22,4,11,9,9,4,13,3-4-1-2,7.03,4-3-3,7.12,9.05,12.79,,,7.4,30.4,11.25,12.222222222222221,7.6,8.222222222222221
74,Локомотив,Химки,Евгений Кукуляк,1.53,4.0,6.0,31,1,0,1832,915,917,56,44,13,18,0,4,460,358,63,62,18,12,10,3,49,42,15,12,10,16,4,3,23,18,128,122,18,11,7,2,10,6,8,5,4-4-2,6.96,5-4-1,6.71,9.19,8.65,,,6.0,28.0,13.0,14.0,14.8,13.666666666666666
75,Сочи,Ростов,Евгений Андреевич Турбин,2.45,2.9,3.1,24,1,0,1387,616,771,58,42,9,15,1,8,359,255,84,67,22,9,5,4,57,35,27,20,15,5,8,3,13,15,154,132,14,8,8,3,7,5,7,3,5-4-1,6.88,4-2-3-1,6.85,8.94,14.33,,,7.25,24.0,14.0,11.666666666666666,13.8,12.875
76,Рубин Казань,Ахмат,Владимир Москалев,1.9,3.4,4.0,29,0,0,812,1436,-624,51,49,15,14,3,4,339,319,64,69,11,20,24,14,66,53,27,9,18,22,3,8,11,13,160,162,10,8,5,2,7,3,3,5,4-3-3,6.91,4-2-3-1,6.82,7.69,6.8,,,4.0,20.25,9.6,10.0,18.6,17.666666666666668
77,Динамо,Краснодар,Кирилл Левников,2.9,3.25,2.37,16,1,0,885,1197,-312,38,62,9,7,4,3,349,560,70,70,15,14,18,6,49,57,14,23,19,21,7,7,32,19,146,161,15,14,10,3,8,5,7,9,4-2-3-1,6.92,4-3-3,7.09,9.59,7.17,,,6.0,24.833333333333332,14.8,13.444444444444445,11.0,11.625
78,Зенит,Сочи,Сергей Иванов,1.4,4.6,7.0,17,2,0,1202,1084,118,57,43,5,12,1,3,582,426,85,64,13,25,8,6,40,37,15,12,12,17,2,3,20,15,128,128,14,12,7,3,11,5,3,7,4-4-2,7.12,5-4-1,6.89,17.36,15.18,,,7.6,27.4,9.0,8.8,9.8,11.4
79,Краснодар,Рубин Казань,Михаил Вилков,1.9,3.4,4.0,25,1,0,1189,483,706,52,48,10,15,2,4,411,388,61,63,19,10,13,17,58,38,19,13,23,10,6,4,15,23,128,127,11,8,4,3,7,5,4,3,4-3-3,7.05,4-4-2,6.9,8.32,8.7,,,5.8,26.6,12.25,11.11111111111111,10.5,10.5
80,Локомотив,Уфа,Павел Кукуян,1.5699999999999998,3.6,5.75,29,0,0,1691,388,1303,60,40,9,20,2,1,480,318,59,62,16,2,8,0,53,20,17,10,10,4,7,5,8,14,141,134,12,2,5,0,5,1,7,1,4-4-2,6.98,3-5-2,6.64,12.42,11.73,,,7.0,30.0,13.0,13.9,11.0,13.4
81,Химки,Спартак,Кирилл Левников,5.0,3.6,1.7,27,0,0,875,1450,-575,35,65,15,12,6,3,314,580,69,59,8,12,8,11,38,57,10,20,12,16,3,3,17,8,156,159,22,10,10,7,13,7,9,3,3-4-2-1,6.72,3-4-2-1,7.04,19.59,6.67,,,6.142857142857143,23.571428571428573,12.25,14.1,13.0,12.4
82,Арсенал,Урал,Сергей Лапочкин,2.0,3.2,4.0,24,1,0,471,1565,-1094,42,58,14,10,3,4,378,508,79,74,12,25,9,10,51,62,16,27,21,15,2,3,15,16,162,194,9,11,1,4,4,8,5,3,4-2-3-1,6.71,4-2-3-1,6.85,8.2,9.05,,,6.0,26.0,11.5,13.7,14.5,12.5
83,Ротор,Тамбов,Василий Казарцев,3.2,2.87,2.5,29,0,0,1848,590,1258,64,36,12,17,3,4,482,256,87,74,12,20,14,8,51,52,17,24,12,12,3,7,2,11,124,117,16,9,5,4,5,5,11,4,4-2-3-1,6.67,5-3-2,6.76,6.55,14.35,,,9.0,20.0,15.0,14.75,9.25,11.9
84,ЦСКА,Динамо,Владислав Безбородов,2.15,3.2,3.6,23,0,0,1845,828,1017,58,42,11,12,1,4,544,366,52,57,14,23,16,29,44,68,7,12,19,27,5,6,11,24,173,157,18,10,10,3,7,6,11,4,4-2-3-1,6.97,4-2-3-1,6.95,6.47,12.96,,,4.0,26.0,9.75,12.3,11.75,13.0
85,Ростов,Ахмат,Алексей Валерьевич Матюнин,2.35,3.0,3.3,29,1,0,1121,1741,-620,44,56,13,16,2,2,304,355,55,85,10,29,5,19,58,48,23,25,17,6,5,13,8,7,121,163,20,15,9,4,12,10,8,5,4-1-4-1,6.8,4-4-2,6.82,9.76,8.41,,,4.25,22.0,11.333333333333334,13.11111111111111,17.833333333333332,17.3
86,Динамо,Сочи,Алексей Васильевич Сухой,2.0,3.1,3.75,40,2,1,1289,953,336,47,53,20,20,4,4,481,530,76,85,16,16,14,5,60,47,11,10,17,14,5,3,16,15,126,136,19,11,9,6,10,8,9,3,4-2-3-1,6.94,3-4-3,6.86,11.39,7.18,,,7.333333333333333,21.0,13.833333333333334,12.909090909090908,10.166666666666666,11.454545454545455
87,Зенит,Рубин Казань,Николай Волошин,1.44,4.0,6.5,18,1,1,1579,414,1165,65,35,13,5,2,1,547,304,67,62,33,8,14,15,46,47,15,12,21,18,4,2,12,19,150,127,8,9,2,2,7,5,1,4,4-2-3-1,7.1,4-2-3-1,6.86,5.1,20.93,,,5.333333333333333,27.666666666666668,8.2,8.454545454545455,11.4,10.909090909090908
88,Краснодар,Спартак,Владислав Безбородов,2.6,3.5,2.55,31,0,2,1289,972,317,51,49,11,20,4,3,408,388,59,63,12,16,8,7,59,48,21,20,14,12,5,5,18,13,148,138,17,14,6,5,9,9,8,5,4-3-3,7.05,3-4-1-2,7.03,10.6,8.08,,,4.142857142857143,25.571428571428573,11.8,11.0,12.833333333333334,12.363636363636363
89,Локомотив,Ротор,Сергей Иванов,1.44,4.0,8.0,28,1,1,2606,339,2267,76,24,15,13,3,3,552,182,51,56,41,7,6,4,45,39,18,10,12,12,10,2,3,10,141,110,20,5,3,3,15,3,5,2,4-4-2,6.99,4-2-3-1,6.67,3.2,22.54,,,7.0,25.666666666666668,12.333333333333334,13.454545454545455,14.5,14.444444444444445
90,Урал,Тамбов,Евгений Кукуляк,2.05,3.1,3.8,29,0,0,1312,400,912,65,35,14,15,6,4,583,303,61,71,20,8,9,21,75,45,30,20,30,10,3,4,6,10,154,146,12,6,1,1,7,3,5,3,4-2-3-1,6.85,5-3-2,6.78,6.56,22.07,,,5.0,29.5,11.166666666666666,12.272727272727273,10.8,12.363636363636363
91,Ростов,Химки,Василий Казарцев,1.75,3.6,4.5,20,0,0,1246,701,545,58,42,10,10,2,3,472,336,69,75,13,13,3,5,35,38,11,21,14,7,4,2,21,14,154,160,14,14,7,9,7,12,7,2,4-1-4-1,6.85,3-4-2-1,6.72,6.52,19.55,,,8.0,24.5,11.75,13.1,15.333333333333334,14.181818181818182
92,Ахмат,Уфа,Игорь Панин,1.7,3.4,5.5,40,1,0,894,1133,-239,41,59,17,23,3,3,344,483,80,62,16,25,15,9,51,64,13,25,14,15,4,2,6,21,153,163,8,6,3,1,6,3,2,3,4-2-3-1,6.8,3-4-3,6.64,11.94,4.97,,,8.0,29.25,16.5,17.181818181818183,12.8,14.0
93,ЦСКА,Арсенал,Панин Игорь Николаевич,1.4,4.5,7.5,27,1,0,2326,545,1781,59,41,14,13,1,3,510,350,42,62,18,10,15,17,47,51,11,11,16,19,10,3,11,13,123,116,23,6,8,2,11,3,12,3,4-2-3-1,6.96,4-2-3-1,6.72,8.33,17.73,,,4.0,20,10.0,12.181818181818182,17.0,13.727272727272727
94,Рубин Казань,Арсенал,Василий Казарцев,1.61,3.5,5.75,24,2,0,935,1146,-211,43,57,12,12,2,2,321,421,74,55,14,20,9,12,43,48,10,9,17,22,8,4,17,7,137,131,16,17,3,4,13,5,3,12,4-2-3-1,6.86,4-2-3-1,6.7,19.5,8.35,,,7.0,23.0,10.5,10.416666666666666,16.2,13.666666666666666
95,Ахмат,Краснодар,Евгений Кукуляк,2.37,3.4,3.0,34,0,0,1135,790,345,39,61,20,14,2,5,309,473,86,83,20,13,9,7,51,46,9,10,21,15,6,1,18,9,152,161,11,9,6,2,6,1,5,8,4-1-3-2,6.8,4-3-3,7.02,8.8,8.73,,,6.666666666666667,29.333333333333332,16.6,17.166666666666668,10.2,11.0
96,Спартак,Ростов,Виталий Мешков,1.8,3.4,4.75,38,0,1,1911,428,1483,63,37,18,20,4,6,548,327,82,98,32,12,26,4,84,60,46,23,5,18,2,0,10,20,211,174,11,8,2,1,8,2,3,6,3-4-1-2,7.03,4-1-4-1,6.84,4.71,7.91,,,6.666666666666667,25.5,11.8,13.0,14.0,12.818181818181818
97,Сочи,Локомотив,Станислав Васильев,2.4,3.1,3.0,23,2,0,783,1384,-601,32,68,11,12,4,4,270,578,47,113,18,26,5,14,33,39,10,13,10,7,6,5,10,11,105,134,14,9,4,2,10,3,4,6,3-4-2-1,6.86,4-3-1-2,6.97,26.0,8.06,,,6.25,23.75,13.0,12.166666666666666,14.8,13.583333333333334
98,Уфа,Урал,Владимир Москалев,2.25,2.9,3.6,33,0,2,831,1198,-367,43,57,19,14,4,3,388,506,70,74,18,21,11,15,53,57,22,22,11,10,3,7,14,18,137,161,13,11,3,5,9,8,4,3,3-4-2-1,6.64,4-2-3-1,6.87,9.71,7.11,,,4.6,22.0,15.0,14.75,13.6,12.416666666666666
99,Химки,Зенит,Алексей Валерьевич Матюнин,5.25,4.333333333333334,1.5699999999999998,20,0,1,986,1025,-39,45,55,10,10,1,3,427,520,64,94,19,16,7,6,41,53,18,26,10,16,7,5,9,20,163,163,11,9,4,2,4,4,7,5,3-4-3,6.75,4-3-3,7.07,17.4,12.0,,,4.2,23.4,12.8,13.833333333333334,8.666666666666666,8.833333333333334
100,Ротор,ЦСКА,Павел Кукуян,11.0,4.5,1.33,20,0,1,409,2078,-1669,34,66,11,9,2,2,335,646,61,59,16,16,4,9,44,60,21,29,13,17,5,7,17,15,154,152,7,22,2,6,4,14,3,8,4-2-2-2,6.68,4-2-3-1,6.97,27.54,6.38,,,6.428571428571429,29.857142857142858,14.4,14.3,14.0,12.333333333333334
101,Тамбов,Динамо,Сергей Карасев,5.75,3.3,1.72,29,0,1,386,3062,-2676,26,74,14,15,5,4,189,531,64,52,13,26,10,10,40,42,14,11,10,10,3,10,12,1,116,127,6,26,3,10,6,12,0,14,5-3-2,6.79,4-2-3-1,6.95,16.19,3.89,,,5.571428571428571,25.571428571428573,13.666666666666666,12.583333333333334,11.8,13.5
102,Сочи,Уфа,Николай Волошин,1.7,3.4,5.25,28,0,0,1217,519,698,56,44,10,18,1,1,488,375,69,86,14,13,12,7,62,40,31,15,10,11,2,4,14,10,160,156,11,7,4,2,8,5,3,2,3-4-3,6.87,3-4-1-2,6.64,8.48,11.83,,,4.75,25.25,12.666666666666666,12.076923076923077,14.5,15.076923076923077
103,Урал,Спартак,Павел Кукуян,5.0,3.25,1.8,32,1,2,1067,1119,-52,46,54,14,18,3,3,378,450,76,46,26,27,7,13,49,33,10,11,16,2,7,6,11,19,133,133,10,17,4,6,9,11,1,6,4-2-3-1,6.88,3-4-1-2,7.02,15.13,9.41,,,6.125,28.625,11.571428571428571,12.538461538461538,13.857142857142858,13.384615384615385
104,Арсенал,Ротор,Станислав Васильев,1.85,3.5,4.2,27,1,0,1653,1255,398,52,48,14,13,2,4,373,345,58,69,27,16,6,14,51,50,18,17,20,15,3,10,13,13,132,140,22,14,4,4,10,8,12,6,4-2-3-1,6.7,3-4-3,6.68,8.89,6.04,,,6.6,23.6,11.857142857142858,13.538461538461538,14.2,14.0
105,Тамбов,Ахмат,Сергей Иванов,4.75,3.5,1.75,27,0,0,354,1968,-1614,42,58,12,15,1,2,355,477,81,75,14,30,0,6,33,36,9,11,11,11,3,8,17,10,139,145,7,19,1,7,3,8,4,11,3-5-2,6.77,4-4-2,6.82,20.0,10.4,,,6.857142857142857,26.0,13.714285714285714,12.692307692307692,17.571428571428573,17.384615384615383
106,Химки,Рубин Казань,Сергей Лапочкин,3.6,3.5,1.95,31,0,0,1156,900,256,38,62,12,19,4,3,316,493,62,57,18,24,7,13,51,35,12,9,17,12,4,7,20,21,143,153,17,15,8,2,10,8,7,7,3-4-2-1,6.74,4-2-3-1,6.87,10.65,6.28,,,6.166666666666667,25.666666666666668,12.333333333333334,13.538461538461538,10.333333333333334,10.538461538461538
107,ЦСКА,Ростов,Алексей Валерьевич Матюнин,1.5,4.2,6.0,15,1,0,1347,565,782,53,47,6,9,3,0,420,360,72,82,13,15,17,13,37,50,10,16,13,23,5,5,22,25,169,153,23,7,9,2,13,6,10,1,4-2-3-1,6.99,4-1-4-1,6.83,10.47,9.05,,,4.166666666666667,22.833333333333332,10.666666666666666,12.076923076923077,14.857142857142858,13.416666666666666
108,Динамо,Локомотив,Игорь Панин,2.55,3.2,2.75,29,2,1,1612,694,918,51,49,18,11,4,6,425,401,51,51,14,9,16,11,42,54,8,13,14,17,8,2,23,13,133,118,17,9,6,7,8,6,9,3,4-2-3-1,6.96,4-4-2,6.95,5.38,12.26,,,7.6,31.4,14.714285714285714,13.615384615384615,14.333333333333334,13.461538461538462
109,Зенит,Краснодар,Владимир Москалев,1.5699999999999998,4.333333333333334,5.0,16,0,1,2282,505,1777,55,45,6,10,2,2,494,400,60,66,32,8,20,8,59,42,21,17,17,17,6,2,8,23,156,148,22,7,10,1,11,5,11,2,4-3-3,7.08,4-2-3-1,6.99,9.65,12.52,,,5.0,23.833333333333332,9.0,8.923076923076923,10.833333333333334,11.25
110,Краснодар,Тамбов,Сергей Лапочкин,1.36,4.333333333333334,8.5,25,1,0,1984,194,1790,66,34,13,12,6,6,638,314,61,65,13,13,12,7,37,30,12,6,8,9,8,0,2,9,131,115,19,6,7,1,11,1,8,5,4-2-3-1,6.96,3-5-2,6.77,13.08,16.88,,,6.285714285714286,26.428571428571427,11.666666666666666,11.153846153846153,11.5,12.642857142857142
111,Ахмат,Зенит,Сергей Карасев,4.2,3.5,1.85,26,1,1,1108,884,224,46,54,12,14,0,3,394,457,65,58,17,20,10,7,45,53,18,18,9,19,4,5,16,15,161,153,12,9,4,3,8,8,4,1,4-4-2,6.84,4-2-3-1,7.09,14.39,8.19,,,6.0,26.0,17.166666666666668,17.214285714285715,8.857142857142858,8.714285714285714
112,Локомотив,Арсенал,Алексей Васильевич Сухой,1.7,3.8,4.75,34,0,0,1073,889,184,48,52,13,21,3,3,381,410,68,59,17,13,9,11,47,47,9,13,16,16,5,2,5,11,132,122,9,12,5,3,5,6,4,6,4-4-2,6.9,4-2-3-1,6.72,10.78,10.29,,,7.5,25.75,12.714285714285714,13.285714285714286,15.5,13.571428571428571
113,Спартак,Динамо,Сергей Иванов,2.15,3.3,3.4,26,0,0,797,1116,-319,57,43,16,10,2,2,492,364,65,50,19,24,13,1,68,42,13,18,32,9,3,10,12,14,123,145,11,16,5,9,6,6,5,10,3-4-1-2,7.01,4-2-3-1,6.98,6.56,14.8,,,6.375,26.125,12.833333333333334,13.714285714285714,12.333333333333334,13.928571428571429
114,ЦСКА,Сочи,Евгений Кукуляк,1.5699999999999998,4.0,5.75,24,1,1,1042,963,79,59,41,10,14,3,2,573,372,70,75,11,19,17,5,42,41,10,13,10,16,4,8,8,21,164,154,5,11,3,3,2,9,3,2,4-2-3-1,6.99,3-4-3,6.87,12.13,11.12,,,6.75,30.5,10.0,11.642857142857142,11.571428571428571,11.928571428571429
115,Ротор,Урал,Владимир Москалев,2.87,3.0,2.62,28,0,0,683,941,-258,49,51,15,13,4,4,358,355,57,56,12,29,5,5,41,36,12,10,14,10,2,2,12,6,134,150,10,7,3,1,6,5,4,2,4-4-2,6.7,4-2-3-1,6.88,14.33,11.94,,,4.857142857142857,22.714285714285715,13.833333333333334,13.916666666666666,13.666666666666666,12.642857142857142
116,Рубин Казань,Ростов,Павел Кукуян,2.45,3.2,2.9,26,0,0,364,1158,-794,43,57,10,16,2,2,414,521,90,75,3,17,20,16,60,66,27,28,10,18,0,4,13,14,194,180,5,13,2,4,2,6,3,7,4-1-4-1,6.85,4-1-4-1,6.83,13.94,6.97,,,6.111111111111111,29.0,10.714285714285714,11.142857142857142,14.125,13.076923076923077
117,Уфа,Химки,Станислав Васильев,2.7,3.0,2.8,30,0,2,1945,411,1534,60,40,14,16,5,3,494,332,85,82,31,8,7,6,64,57,30,27,17,13,5,2,12,11,180,177,18,7,6,4,13,6,5,1,5-3-2,6.64,3-4-2-1,6.76,7.4,12.89,,,6.5,24.166666666666668,15.571428571428571,15.285714285714286,14.571428571428571,13.428571428571429
118,Арсенал,Зенит,Евгений Кукуляк,6.5,4.333333333333334,1.45,25,0,0,546,1694,-1148,41,59,16,9,4,1,370,504,85,73,13,27,14,9,48,62,21,29,6,12,3,10,26,16,170,177,8,17,1,2,3,15,5,2,4-2-3-1,6.72,4-3-3,7.06,9.44,6.27,,,6.4,29.2,12.125,14.066666666666666,9.5,9.066666666666666
119,Химки,Краснодар,Сергей Иванов,6.0,4.0,1.53,23,0,0,633,1942,-1309,26,74,15,8,3,3,255,741,49,83,9,16,3,11,35,56,16,22,13,14,2,4,27,28,143,162,12,10,4,1,6,6,6,4,3-4-3,6.77,4-2-3-1,6.96,13.86,4.8,,,6.111111111111111,26.11111111111111,12.285714285714286,13.6,10.714285714285714,11.285714285714286
120,Ахмат,Локомотив,Кирилл Левников,1.85,3.3,4.5,24,0,0,900,884,16,49,51,13,11,2,3,415,418,96,66,21,16,12,7,49,52,18,21,12,16,5,6,13,11,175,172,20,15,6,6,11,7,9,8,4-4-2,6.84,4-5-1,6.9,8.92,11.32,,,6.5,24.0,16.428571428571427,16.866666666666667,13.857142857142858,13.266666666666667
121,Ростов,Динамо,Сергей Лапочкин,3.6,3.1,2.1,23,1,0,1129,1079,50,41,59,12,11,1,2,306,444,76,66,22,23,8,8,41,52,19,22,11,12,8,6,19,14,156,158,12,10,7,4,8,8,4,2,4-1-4-1,6.85,4-2-3-1,6.97,14.0,10.38,,,7.0,26.25,11.4,13.285714285714286,12.0,13.666666666666666
122,Урал,Сочи,Станислав Васильев,3.3,3.1,2.3,17,0,0,1439,613,826,62,38,9,8,3,5,617,374,85,52,36,20,8,10,30,38,7,16,12,11,3,5,6,16,156,148,9,9,2,1,6,3,3,6,4-2-3-1,6.88,3-4-3,6.87,11.31,16.29,,,6.714285714285714,25.0,11.875,12.666666666666666,11.875,12.066666666666666
123,Уфа,Тамбов,Алексей Валерьевич Матюнин,1.9,3.0,4.75,28,2,0,1523,644,879,58,42,16,12,3,5,564,386,58,71,15,11,8,7,34,40,11,12,8,10,2,4,21,21,106,118,17,7,9,3,9,4,8,3,3-5-2,6.66,3-5-2,6.77,9.65,17.87,,,4.0,21.714285714285715,15.375,15.2,11.571428571428571,12.6
124,Рубин Казань,ЦСКА,Виталий Мешков,3.75,3.6,1.9,32,0,0,694,1538,-844,42,58,16,16,8,2,349,466,78,49,10,25,7,9,46,48,13,13,17,16,5,6,17,10,139,154,14,19,6,1,10,8,4,11,4-2-3-1,6.83,4-2-3-1,6.97,7.54,6.67,,,7.142857142857143,27.285714285714285,10.625,11.066666666666666,13.285714285714286,11.533333333333333
125,Спартак,Ротор,Николай Волошин,1.36,4.75,8.5,43,1,0,1531,712,819,51,49,21,22,3,1,406,395,50,64,16,11,13,9,61,50,11,15,17,13,9,3,10,24,127,137,22,14,8,6,15,9,7,5,3-4-1-2,7.03,4-4-2,6.72,6.87,6.32,,,4.2,25.8,13.285714285714286,13.866666666666667,14.0,14.0
126,Локомотив,Рубин Казань,Сергей Карасев,2.0,3.0,4.333333333333334,26,1,1,1683,620,1063,56,44,13,13,4,5,446,350,70,69,17,5,5,16,48,61,24,17,11,17,8,2,14,9,142,121,18,11,6,4,10,8,8,3,4-4-2,6.92,4-2-3-1,6.84,6.79,16.5,,,5.666666666666667,26.0,12.75,13.125,11.571428571428571,11.375
127,Спартак,Тамбов,Станислав Васильев,1.05,13.0,21.0,26,1,0,2155,517,1638,65,35,12,14,0,1,585,299,40,67,10,9,16,16,58,50,15,9,24,22,4,3,8,14,140,127,25,12,10,4,20,7,5,5,3-4-1-2,7.05,3-5-2,6.75,7.62,12.74,,,6.875,24.0,14.25,14.3125,11.625,12.5625
128,Краснодар,Ротор,Алексей Валерьевич Матюнин,1.25,5.75,11.0,22,3,0,1864,707,1157,63,37,11,11,3,4,564,311,48,65,12,14,9,6,45,35,14,9,12,13,5,8,11,8,127,138,20,13,11,6,14,9,6,4,4-4-2,6.96,4-3-3,6.72,7.55,20.62,,,4.5,22.5,11.857142857142858,11.066666666666666,15.142857142857142,14.571428571428571
129,Зенит,Урал,Игорь Панин,1.25,5.5,11.0,15,4,0,1688,1023,665,53,47,9,6,0,2,486,421,58,72,20,27,11,12,41,32,15,11,13,12,6,10,8,11,95,109,25,15,13,5,21,10,4,5,4-4-2,7.06,4-2-3-1,6.89,17.73,23.82,,,8.0,31.0,8.571428571428571,9.0625,13.571428571428571,12.4375
130,Ростов,Уфа,Евгений Кукуляк,2.05,3.1,4.0,26,0,0,1279,719,560,58,42,9,17,3,3,493,349,96,63,20,17,7,8,43,51,10,19,13,20,6,8,7,9,166,136,10,12,2,4,4,7,6,5,4-2-3-1,6.85,5-3-2,6.7,9.57,16.43,,,6.166666666666667,28.5,11.5,13.2,15.0,15.25
131,Динамо,Арсенал,Василий Казарцев,1.55,3.9,6.0,26,1,0,1268,885,383,46,54,12,14,2,1,449,524,74,73,14,9,7,7,53,52,17,22,17,15,5,2,30,7,154,165,20,11,4,2,12,6,8,5,4-1-4-1,6.94,4-3-3,6.73,9.1,19.33,,,6.25,23.25,15.125,13.5,16.285714285714285,14.1875
132,ЦСКА,Химки,Кирилл Левников,1.44,4.333333333333334,7.0,15,1,0,2095,368,1727,59,41,5,10,1,3,569,401,60,65,26,6,18,13,53,36,19,8,14,16,7,2,7,21,189,169,31,10,11,5,15,7,16,3,4-2-3-1,6.96,5-3-2,6.78,10.76,14.82,,,6.333333333333333,24.0,10.0,11.8125,14.75,13.6875
133,Сочи,Ахмат,Сергей Лапочкин,2.7,3.1,2.7,30,2,0,1138,1102,36,47,53,12,18,3,1,427,486,69,75,22,19,6,15,51,44,10,20,22,9,5,3,14,10,151,170,10,7,5,3,7,5,3,2,3-4-2-1,6.86,4-2-3-1,6.85,10.28,11.9,,,6.555555555555555,25.88888888888889,12.285714285714286,11.8125,17.25,16.625
134,Химки,Арсенал,Иван Сиденков,2.4,3.2,2.87,31,1,0,343,1957,-1614,35,65,15,16,3,2,354,640,70,75,10,24,8,20,61,51,27,18,16,9,2,9,17,5,158,184,7,17,2,5,3,9,4,8,3-4-2-1,6.79,4-2-3-1,6.73,12.46,10.27,,,4.0,20,12.625,13.470588235294118,16.0,14.176470588235293
135,Ротор,Уфа,Василий Казарцев,3.3,3.0,2.37,39,0,0,803,1039,-236,51,49,23,16,7,8,402,357,82,61,9,25,11,14,51,58,14,16,16,17,5,4,5,16,162,159,8,12,3,3,5,8,3,4,4-2-3-1,6.69,5-3-2,6.72,5.61,6.72,,,5.6,23.8,14.0,14.333333333333334,15.25,15.352941176470589
136,Сочи,Спартак,Игорь Панин,2.9,3.2,2.45,27,0,0,718,1640,-922,41,59,13,14,5,3,348,480,64,63,11,32,3,11,42,45,15,17,14,7,2,8,17,7,122,154,10,15,5,1,7,12,3,3,3-5-2,6.88,3-4-1-2,7.07,10.25,10.35,,,7.142857142857143,28.714285714285715,12.25,11.823529411764707,14.375,14.176470588235293
137,Зенит,Динамо,Сергей Иванов,1.6,3.8,5.5,21,2,0,1338,459,879,55,45,11,10,2,2,539,434,74,58,12,6,6,6,30,40,9,12,10,15,3,0,23,26,148,126,10,10,5,4,7,4,3,6,4-3-1-2,7.08,5-4-1,6.95,10.78,16.65,,,6.1,25.8,8.625,9.058823529411764,11.875,13.411764705882353
138,Тамбов,Рубин Казань,Кирилл Левников,15.0,8.0,1.12,16,0,1,245,1481,-1236,40,60,8,8,2,2,399,582,64,84,9,21,22,20,50,53,10,18,16,18,0,6,17,16,151,157,7,19,1,5,2,13,5,6,3-5-1-1,6.74,4-3-3,6.82,13.83,10.39,,,6.1,23.1,13.5,12.647058823529411,11.75,11.470588235294118
139,Краснодар,Локомотив,Владимир Москалев,1.66,3.75,5.0,30,2,0,1393,778,615,54,46,16,14,4,3,530,429,55,57,6,15,9,9,34,44,8,13,8,11,1,4,14,20,136,132,14,15,10,5,11,9,3,6,4-2-3-1,6.99,4-4-2,6.92,10.33,11.46,,,5.25,23.375,11.75,11.0625,13.5,13.117647058823529
140,Ахмат,Ростов,Николай Волошин,2.0,3.25,3.9,34,0,0,1267,877,390,51,49,20,14,1,0,360,340,93,81,23,17,16,11,58,71,19,21,18,27,9,2,13,15,186,167,12,8,4,3,5,4,7,4,4-2-3-1,6.83,4-3-3,6.84,5.45,6.03,,,4.166666666666667,28.666666666666668,16.0,16.705882352941178,14.333333333333334,12.9375
141,ЦСКА,Урал,Алексей Васильевич Сухой,1.33,5.0,9.5,30,1,1,1626,682,944,60,40,16,14,5,4,503,324,41,72,17,19,10,10,45,49,15,15,11,15,5,6,5,10,134,132,13,10,6,3,11,6,2,4,4-2-3-1,6.96,4-2-3-1,6.87,7.15,21.82,,,7.2,27.4,9.444444444444445,11.411764705882353,12.625,12.058823529411764
142,Сочи,Динамо,Виталий Мешков,2.62,3.1,2.75,27,0,0,1347,780,567,46,54,12,15,1,2,414,482,89,71,20,13,1,16,53,56,22,19,18,18,7,3,22,15,157,151,19,9,11,4,13,7,6,2,3-5-2,6.88,4-3-3,6.93,10.36,8.14,,,7.5,27.875,12.333333333333334,11.88888888888889,11.666666666666666,13.222222222222221
143,Ротор,Арсенал,Игорь Панин,2.9,3.0,2.55,36,0,0,453,1356,-903,39,61,18,18,2,6,279,415,66,64,13,25,11,11,44,50,17,13,9,17,5,3,17,12,151,155,10,20,2,4,6,10,4,10,4-3-3,6.7,4-2-3-1,6.73,12.18,4.27,,,7.25,28.5,15.125,14.875,16.0,14.277777777777779
144,Зенит,Спартак,Сергей Карасев,1.7,3.8,4.75,30,1,1,2299,285,2014,59,41,16,14,3,3,446,317,55,66,30,10,22,18,64,54,17,11,20,19,8,2,8,11,136,114,26,5,9,2,19,2,7,3,4-3-1-2,7.07,3-4-1-2,7.05,4.67,10.0,,,6.0,26.0,8.88888888888889,9.166666666666666,14.333333333333334,14.166666666666666
145,Краснодар,Уфа,Кирилл Левников,1.44,4.5,7.0,9,1,0,1813,588,1225,68,32,4,5,1,4,694,312,78,69,14,19,17,13,42,34,18,13,12,13,8,9,21,20,141,144,15,9,6,1,10,9,5,0,4-2-3-1,7.0,3-5-2,6.72,6.59,27.08,,,5.909090909090909,22.454545454545453,12.222222222222221,11.352941176470589,15.333333333333334,15.38888888888889
146,Химки,Локомотив,Алексей Валерьевич Матюнин,3.75,3.3,2.0,24,1,2,2019,687,1332,58,42,11,13,1,2,498,363,53,82,30,17,13,11,65,49,25,21,20,16,7,6,21,15,190,194,20,10,8,5,16,9,4,1,3-4-2-1,6.81,4-4-2,6.89,5.34,11.67,,,4.777777777777778,22.444444444444443,12.88888888888889,13.555555555555555,13.555555555555555,13.166666666666666
147,Ахмат,Рубин Казань,Станислав Васильев,2.2,3.1,3.4,21,0,0,1378,547,831,56,44,7,14,1,3,410,329,76,56,21,7,17,11,57,54,19,15,19,22,6,1,18,39,205,189,14,13,3,4,7,9,7,4,4-2-3-1,6.83,4-3-3,6.84,4.59,5.61,,,6.222222222222222,24.22222222222222,16.444444444444443,16.88888888888889,11.333333333333334,11.277777777777779
148,Ростов,ЦСКА,Владимир Москалев,3.6,3.2,2.1,26,0,1,991,1200,-209,52,48,13,13,3,5,481,449,56,53,24,12,26,28,66,50,13,7,23,18,1,2,15,15,154,140,11,17,4,8,6,10,5,7,4-1-4-1,6.86,4-2-3-1,6.95,8.26,10.29,,,5.444444444444445,24.11111111111111,11.142857142857142,13.0,13.625,11.666666666666666
149,Тамбов,Урал,Сергей Иванов,3.3,3.0,2.4,31,1,1,1261,880,381,49,51,14,17,4,2,454,468,76,74,25,22,7,6,57,54,19,23,18,14,5,2,11,12,161,171,11,11,5,4,7,9,4,2,5-3-2,6.74,4-2-3-1,6.86,9.35,10.35,,,5.909090909090909,25.363636363636363,12.88888888888889,12.38888888888889,12.777777777777779,12.166666666666666
150,Тамбов,Ротор,Иван Сиденков,3.4,3.3,2.1,30,1,0,699,1674,-975,36,64,13,17,1,2,310,531,60,60,13,30,12,13,44,37,11,8,12,10,3,4,23,16,139,140,11,12,4,7,7,11,4,1,5-3-2,6.75,4-2-3-1,6.72,14.48,8.17,,,5.0,31.0,13.0,12.473684210526315,14.625,15.058823529411764
151,Химки,Уфа,Артем Любимов,2.1,3.25,3.2,33,0,0,666,1375,-709,43,57,16,17,5,1,357,466,76,69,15,19,5,12,55,44,23,16,11,8,3,6,14,16,169,176,9,15,4,6,7,9,2,6,3-4-3,6.83,5-3-2,6.73,8.59,5.13,,,4.0,20,12.7,13.421052631578947,14.3,14.842105263157896
152,Зенит,Ростов,Алексей Валерьевич Матюнин,1.36,4.75,8.5,18,0,1,2022,522,1500,52,48,7,11,2,5,473,431,73,93,24,15,9,4,49,26,19,8,12,10,8,3,14,13,136,151,24,9,8,4,17,6,7,3,4-4-2,7.08,4-3-3,6.85,14.25,11.42,,,4.6,22.6,9.6,9.526315789473685,14.3,13.0
153,Сочи,Арсенал,Михаил Вилков,1.7,3.4,5.0,22,0,0,1216,792,424,50,50,10,12,1,3,468,464,66,96,12,15,7,11,44,39,15,19,14,8,2,6,9,7,133,157,11,6,7,1,6,4,5,2,3-4-2-1,6.89,4-2-3-1,6.73,16.06,14.06,,,5.833333333333333,26.333333333333332,12.3,11.894736842105264,16.2,14.473684210526315
154,Локомотив,ЦСКА,Павел Кукуян,3.4,3.25,2.15,31,2,0,290,2106,-1816,42,58,19,12,1,0,343,445,50,58,8,38,15,26,45,60,10,14,16,13,2,11,15,17,146,160,5,19,2,6,1,17,4,2,4-3-1-2,6.88,4-2-3-1,6.96,9.71,6.7,,,5.9,28.7,12.777777777777779,13.157894736842104,13.555555555555555,11.736842105263158
155,Спартак,Рубин Казань,Сергей Лапочкин,1.85,3.6,4.0,28,0,0,1407,517,890,58,42,18,10,6,4,433,312,49,60,30,13,15,10,46,64,15,20,12,22,7,2,10,27,146,125,13,14,5,5,8,10,5,4,4-4-2,7.03,4-3-3,6.86,7.68,8.74,,,6.3,26.3,14.0,14.157894736842104,11.6,11.421052631578947
156,Ахмат,Динамо,Владислав Безбородов,2.25,3.25,2.9,29,0,2,1287,609,678,49,51,14,15,7,2,404,421,90,83,26,8,13,11,53,55,18,23,9,11,9,1,14,18,165,153,15,9,4,2,11,6,4,3,4-4-1-1,6.83,4-3-3,6.93,13.56,7.0,,,4.5,26.25,15.5,16.36842105263158,12.0,13.31578947368421
157,Краснодар,Урал,Сергей Карасев,1.45,4.2,6.5,25,1,0,1602,1273,329,54,46,8,17,2,2,469,386,44,53,25,28,20,9,54,38,16,14,10,13,8,3,23,16,133,131,16,16,6,7,10,8,6,8,4-4-2,7.01,4-2-3-1,6.86,10.47,9.5,,,6.0,26.363636363636363,11.4,10.944444444444445,13.2,12.421052631578947
158,ЦСКА,Ахмат,Иван Сиденков,1.65,3.75,5.25,32,1,0,1130,478,652,52,48,16,16,2,5,460,418,57,79,15,12,21,8,58,47,19,11,13,17,5,1,16,20,157,161,19,6,6,0,11,2,8,4,4-2-3-1,6.95,4-4-2,6.82,8.71,6.53,,,4.0,30.5,10.1,11.75,17.333333333333332,16.25
159,Ротор,Химки,Сергей Иванов,2.5,3.1,3.0,17,0,0,480,1115,-635,45,55,14,3,4,0,494,589,128,93,8,11,7,8,50,51,15,27,25,10,3,5,32,10,193,225,8,6,1,0,8,2,0,4,4-2-3-1,6.74,5-3-2,6.83,15.72,18.85,,,5.916666666666667,25.833333333333332,15.444444444444445,15.166666666666666,14.222222222222221,13.55
160,Ростов,Сочи,Василий Казарцев,3.4,3.0,2.3,21,0,0,866,1078,-212,53,47,11,10,2,5,406,362,77,90,30,18,10,11,49,57,23,32,10,11,5,4,10,2,186,184,5,8,2,2,4,7,1,1,4-3-3,6.84,3-5-2,6.91,10.25,11.65,,,7.166666666666667,26.333333333333332,11.375,12.894736842105264,11.444444444444445,11.8
161,Урал,Уфа,Сергей Лапочкин,2.55,2.75,3.3,37,0,0,2224,205,2019,68,32,17,20,3,2,534,260,70,83,39,8,11,10,59,61,20,27,18,18,10,2,14,14,181,163,17,7,3,2,6,4,11,3,4-2-3-1,6.86,5-3-2,6.73,3.17,11.05,,,6.636363636363637,26.454545454545453,11.555555555555555,12.65,14.545454545454545,14.95
162,Динамо,Тамбов,Евгений Кукуляк,1.06,11.0,26.0,23,1,0,2971,176,2795,71,29,10,13,1,2,681,266,61,92,27,11,21,8,58,50,30,10,12,24,8,4,15,20,177,172,29,5,9,0,17,3,12,2,4-3-3,6.93,5-3-2,6.74,3.52,16.8,,,6.142857142857143,28.142857142857142,14.777777777777779,13.4,11.88888888888889,12.5
163,Спартак,Краснодар,Виталий Мешков,2.2,3.5,3.1,19,2,0,1090,1071,19,38,62,13,6,2,1,302,480,79,45,14,9,13,21,48,51,10,12,26,16,4,3,10,15,163,179,22,17,13,5,16,12,6,5,3-5-2,7.01,4-2-3-1,7.0,7.76,11.3,,,7.0,27.77777777777778,14.4,14.35,10.375,10.789473684210526
164,Арсенал,Локомотив,Кирилл Левников,3.0,3.1,2.5,39,0,0,887,1090,-203,39,61,14,25,3,4,300,471,73,81,18,12,6,19,72,54,23,16,21,14,4,2,15,14,170,154,10,15,2,4,6,7,4,8,4-2-3-1,6.71,4-3-1-2,6.88,11.84,3.25,,,5.833333333333333,21.333333333333332,12.555555555555555,14.35,13.5,13.45
165,Рубин Казань,Зенит,Сергей Карасев,5.25,3.8,1.65,18,1,0,390,2156,-1766,31,69,10,8,1,1,237,522,51,46,12,31,34,16,65,68,21,23,18,28,3,7,12,12,141,142,11,20,4,7,6,13,5,7,4-1-4-1,6.87,4-1-3-2,7.07,13.71,2.89,,,5.833333333333333,26.25,11.222222222222221,11.35,9.444444444444445,9.4
166,Химки,Ростов,Сергей Лапочкин,2.75,3.0,2.75,24,0,0,826,1306,-480,48,52,14,10,3,1,433,436,93,104,16,30,14,13,61,56,28,17,17,22,4,7,8,14,214,231,12,10,3,0,7,4,5,6,3-5-2,6.83,4-3-3,6.84,7.71,11.06,,,6.5,27.333333333333332,13.0,13.047619047619047,14.0,12.8
167,Урал,Ротор,Михаил Вилков,2.0,3.2,4.0,19,0,0,1849,371,1478,60,40,10,9,0,0,554,374,62,80,36,16,14,10,56,54,27,20,11,16,4,7,30,16,184,181,18,5,7,0,9,3,9,2,4-2-3-1,6.87,3-4-2-1,6.75,4.88,11.57,,,5.571428571428571,25.714285714285715,12.1,12.857142857142858,14.88888888888889,15.105263157894736
168,Арсенал,ЦСКА,Владислав Безбородов,6.5,3.75,1.55,29,2,0,825,1130,-305,42,58,13,16,5,3,319,441,62,76,22,20,8,12,46,46,15,15,14,14,3,4,11,11,154,152,7,12,3,4,2,6,5,6,5-4-1,6.71,4-2-3-1,6.96,8.21,7.94,,,5.0,26.555555555555557,12.7,14.333333333333334,13.4,11.952380952380953
169,Зенит,Ахмат,Виталий Мешков,1.3,5.25,10.0,21,0,0,1364,860,504,58,42,12,9,2,3,546,395,73,77,16,9,8,8,40,40,13,13,17,10,3,3,10,12,126,134,15,14,8,9,11,4,4,10,4-3-1-2,7.06,5-4-1,6.81,13.93,45.14,,,6.6,26.9,9.363636363636363,9.333333333333334,17.2,16.238095238095237
170,Динамо,Спартак,Сергей Иванов,2.5,3.3,2.75,28,1,1,600,1375,-775,47,53,18,10,2,4,325,368,75,83,13,21,10,23,57,65,14,19,29,21,4,4,9,16,186,212,11,13,2,5,8,8,3,5,4-1-4-1,6.94,3-4-1-2,7.03,5.85,6.04,,,5.769230769230769,25.153846153846153,14.3,13.238095238095237,14.3,14.285714285714286
171,Уфа,Рубин Казань,Игорь Панин,3.5,3.0,2.25,33,0,2,885,1724,-839,47,53,16,17,3,1,374,412,56,84,18,30,12,11,55,54,15,17,18,16,1,9,8,17,138,158,12,13,5,9,6,6,6,7,5-3-2,6.72,4-1-4-1,6.88,10.44,8.62,,,7.333333333333333,29.333333333333332,15.444444444444445,15.19047619047619,11.454545454545455,11.285714285714286
172,Тамбов,Краснодар,Шадыханов Павел,21.0,9.0,1.1,24,0,1,235,2864,-2629,22,78,13,11,2,2,213,754,61,55,6,21,4,15,36,48,14,11,12,13,3,6,18,7,135,148,7,18,3,8,5,9,2,9,5-3-2,6.74,4-2-3-1,6.97,17.31,3.96,,,4.0,20,13.0,12.523809523809524,9.88888888888889,10.55
173,Локомотив,Сочи,Алексей Валерьевич Матюнин,2.1,3.2,3.6,16,1,0,754,1709,-955,53,47,9,7,2,2,509,432,68,66,8,23,13,24,45,44,11,8,20,22,1,5,20,13,150,165,12,13,5,3,7,6,5,7,4-3-1-2,6.89,5-3-2,6.91,8.76,9.66,,,4.818181818181818,22.181818181818183,13.4,14.0,11.3,11.714285714285714
174,Ротор,Ростов,Кирилл Левников,3.5,2.9,2.3,25,0,1,912,1266,-354,58,42,10,15,2,2,425,300,78,76,15,16,17,6,56,59,26,27,5,19,4,8,19,17,182,175,12,13,2,9,8,10,4,3,4-2-3-1,6.76,4-3-3,6.83,7.46,6.48,,,5.923076923076923,22.692307692307693,15.3,14.8,13.666666666666666,12.666666666666666
175,Ахмат,Арсенал,Сергей Лапочкин,1.91,3.25,4.333333333333334,29,1,0,1275,833,442,46,54,13,16,3,4,361,432,66,58,19,15,9,12,53,57,20,20,10,19,8,2,21,12,142,152,16,5,5,3,12,4,4,1,4-3-3,6.79,4-2-3-1,6.7,7.07,7.65,,,6.3076923076923075,27.076923076923077,15.363636363636363,15.909090909090908,15.818181818181818,14.272727272727273
176,ЦСКА,Зенит,Евгений Кукуляк,3.2,3.25,2.25,20,1,1,478,1782,-1304,44,56,12,8,1,0,420,534,65,70,18,20,10,8,44,45,11,16,21,16,2,7,7,15,133,133,11,17,3,10,7,9,4,8,4-2-3-1,6.94,4-4-2,7.07,16.75,10.04,,,5.75,27.5,10.636363636363637,12.136363636363637,9.3,9.454545454545455
177,Уфа,Локомотив,Станислав Васильев,3.4,3.0,2.3,30,0,0,436,1546,-1110,36,64,18,12,2,3,360,615,54,73,12,25,28,14,58,54,15,7,19,24,3,7,17,22,143,148,9,13,2,2,6,8,3,5,5-3-2,6.72,4-3-1-2,6.9,14.73,5.39,,,6.0,23.9,15.5,15.227272727272727,14.545454545454545,13.772727272727273
178,Краснодар,Динамо,Василий Казарцев,1.8,4.0,4.0,24,1,0,775,1865,-1090,48,52,11,13,5,3,421,440,68,63,12,22,24,12,62,48,19,18,13,13,4,8,14,8,161,157,11,25,2,8,6,19,5,6,4-2-3-1,6.99,4-3-3,6.93,9.0,8.39,,,7.142857142857143,25.571428571428573,11.090909090909092,10.571428571428571,12.272727272727273,13.454545454545455
179,Спартак,Урал,Владимир Москалев,1.3,5.0,11.0,29,3,0,1726,601,1125,57,43,15,14,4,3,431,313,48,51,19,18,20,16,50,58,12,13,16,21,7,4,17,10,157,169,16,7,10,5,10,6,6,1,3-4-1-2,7.02,4-2-3-1,6.88,4.81,8.95,,,5.7,24.3,14.272727272727273,14.090909090909092,13.545454545454545,12.727272727272727
180,Сочи,Тамбов,Артем Любимов,1.07,9.0,21.0,21,1,0,2145,465,1680,62,38,11,10,3,2,583,356,59,81,25,15,8,9,48,47,24,20,10,11,4,3,13,15,146,153,24,9,10,3,17,4,7,5,3-5-2,6.89,3-4-3,6.71,5.87,28.8,,,6.0,33.0,12.090909090909092,11.5,12.0,12.545454545454545
181,Рубин Казань,Химки,Алексей Валерьевич Матюнин,1.6,3.75,6.0,24,1,2,2087,540,1547,62,38,11,13,4,3,468,290,65,70,30,13,28,19,60,57,16,13,22,26,11,2,5,17,166,156,16,8,6,3,12,4,4,4,4-1-4-1,6.9,5-3-2,6.84,6.44,9.54,,,4.75,21.666666666666668,11.1,11.545454545454545,13.1,13.090909090909092
182,Ротор,Локомотив,Панин Игорь Николаевич,5.0,3.3,1.8,35,0,1,671,1409,-738,37,63,14,21,3,5,298,493,70,61,14,14,20,10,46,63,9,24,8,18,5,4,15,13,162,150,6,12,2,3,1,6,5,6,4-2-3-1,6.74,4-3-1-2,6.91,12.32,4.56,,,4.0,27.0,14.818181818181818,14.571428571428571,14.333333333333334,13.695652173913043
183,Краснодар,Ахмат,Кирилл Левников,1.5699999999999998,4.0,5.5,24,0,1,1480,1116,364,67,33,10,14,4,1,632,298,45,64,19,10,10,12,36,29,2,7,14,9,6,6,8,16,138,123,12,19,5,8,8,13,4,6,4-2-3-1,6.97,4-2-3-1,6.81,7.3,21.75,,,5.785714285714286,22.857142857142858,11.083333333333334,10.590909090909092,16.454545454545453,15.782608695652174
184,Рубин Казань,Сочи,Владислав Безбородов,2.45,3.1,3.0,25,0,0,848,1364,-516,43,57,12,13,4,4,332,427,82,67,13,29,18,11,48,51,16,14,14,23,8,7,13,14,161,162,7,12,3,3,1,4,6,8,4-1-4-1,6.89,3-4-3,6.92,16.92,7.13,,,5.3,26.8,11.090909090909092,11.521739130434783,10.909090909090908,11.478260869565217
185,Динамо,Уфа,Иван Сиденков,1.65,3.5,6.0,32,2,0,1916,274,1642,65,35,13,19,1,3,627,324,69,65,9,9,12,7,56,47,16,19,15,12,2,2,19,11,127,148,18,6,6,1,12,3,6,3,4-3-3,6.92,5-3-2,6.72,7.48,19.21,,,5.0,31.0,14.636363636363637,13.434782608695652,15.0,15.347826086956522
186,Урал,Арсенал,Сергей Иванов,2.55,3.1,2.88,32,1,0,994,919,75,43,57,14,18,3,5,315,418,70,62,17,15,21,10,41,56,7,15,12,24,6,1,22,16,144,130,11,8,6,3,9,5,2,3,4-2-3-1,6.86,4-2-3-1,6.7,9.15,7.05,,,5.785714285714286,25.357142857142858,11.909090909090908,12.782608695652174,15.833333333333334,14.347826086956522
187,Тамбов,ЦСКА,Виталий Мешков,17.0,13.0,1.06,22,1,1,246,2723,-2477,30,70,14,8,5,1,265,601,68,55,5,26,12,22,35,47,11,14,12,9,0,7,19,7,123,133,7,26,2,11,3,18,4,8,3-5-2,6.69,4-2-3-1,6.94,30.1,7.47,,,6.454545454545454,26.363636363636363,13.0,12.434782608695652,13.636363636363637,12.130434782608695
188,Ростов,Спартак,Павел Кукуян,3.5,3.2,2.15,24,2,2,796,1414,-618,50,50,9,15,1,3,371,371,86,98,22,12,6,15,62,66,22,36,20,14,5,6,11,17,198,198,10,18,4,7,6,11,4,7,4-3-3,6.85,3-4-1-2,7.03,8.19,5.79,,,5.454545454545454,28.90909090909091,11.333333333333334,12.772727272727273,13.909090909090908,14.130434782608695
189,Зенит,Химки,Шадыханов Павел,1.14,7.5,17.0,22,1,0,1689,471,1218,60,40,11,11,2,1,589,392,61,61,26,10,14,18,59,45,21,12,22,14,5,3,12,17,158,158,21,8,4,2,13,2,8,6,4-3-1-2,7.06,3-4-2-1,6.84,7.38,16.27,,,4.0,24.0,9.583333333333334,9.391304347826088,13.090909090909092,13.08695652173913
190,Химки,Тамбов,Владислав Безбородов,1.17,6.5,15.0,19,0,0,2148,528,1620,62,38,11,8,0,1,610,367,78,72,22,10,14,15,44,44,16,10,11,16,9,5,19,13,187,186,22,6,3,2,14,2,8,4,3-4-2-1,6.83,3-5-2,6.7,5.32,18.43,,,5.545454545454546,26.636363636363637,13.083333333333334,13.0,11.818181818181818,12.5
191,Уфа,Ахмат,Павел Кукуян,3.1,3.0,2.5,30,2,0,1069,990,79,47,53,23,7,4,2,371,400,89,76,11,18,1,8,39,64,13,32,18,6,3,4,17,16,143,169,8,6,5,2,7,4,1,2,5-3-2,6.7,4-3-3,6.82,7.67,12.07,,,5.333333333333333,28.5,15.727272727272727,15.5,16.25,15.708333333333334
192,Ростов,Рубин Казань,Станислав Васильев,2.75,3.1,2.63,22,0,0,1652,559,1093,59,41,13,9,2,3,414,290,52,76,31,8,28,12,39,56,14,16,6,21,10,3,13,10,162,139,16,11,3,7,11,5,5,6,4-3-3,6.84,4-1-4-1,6.89,6.09,12.11,,,5.909090909090909,24.454545454545453,11.1,12.608695652173912,11.916666666666666,11.541666666666666
193,Арсенал,Краснодар,Иван Сиденков,4.333333333333334,3.6,1.8,32,0,0,1142,731,411,45,55,13,19,1,4,334,420,62,63,26,17,3,12,38,35,12,12,8,5,8,4,12,14,150,135,11,9,4,5,4,6,7,3,3-4-3,6.7,4-2-3-1,6.95,14.19,6.29,,,4.75,31.25,12.727272727272727,14.5,10.0,10.565217391304348
194,Динамо,Урал,Игорь Панин,1.36,4.5,9.0,34,0,1,1104,645,459,58,42,16,18,7,3,465,344,49,80,17,7,18,6,50,47,14,14,11,15,4,2,20,13,141,127,19,15,7,6,10,8,9,7,4-3-3,6.94,4-2-3-1,6.86,7.04,10.6,,,7.0,29.7,14.5,13.416666666666666,13.583333333333334,12.833333333333334
195,Сочи,Зенит,Владимир Москалев,5.5,4.0,1.5699999999999998,26,0,0,678,1449,-771,45,55,16,10,3,1,442,514,80,53,17,30,8,18,47,44,13,17,19,7,5,2,10,8,118,134,14,17,3,7,6,12,8,5,3-4-3,6.91,4-3-1-2,7.07,11.78,19.73,,,5.818181818181818,24.727272727272727,12.0,11.541666666666666,9.181818181818182,9.458333333333334
196,Локомотив,Спартак,Кирилл Левников,3.5,3.3,2.1,27,2,0,325,1886,-1561,45,55,18,9,6,3,339,384,69,53,7,33,9,33,52,50,18,7,19,7,0,12,9,8,126,165,11,21,5,10,8,10,3,11,4-3-1-2,6.91,3-4-1-2,7.02,7.65,8.12,,,5.733333333333333,22.933333333333334,13.0,14.0,14.0,14.166666666666666
197,ЦСКА,Ротор,Сергей Карасев,1.25,5.25,11.0,18,1,0,2408,376,2032,60,40,10,8,1,0,563,374,50,67,24,9,34,6,50,49,19,8,8,25,9,2,12,12,136,123,25,5,8,0,16,3,9,2,4-2-3-1,6.94,4-2-3-1,6.73,9.33,18.53,,,5.538461538461538,25.615384615384617,10.75,11.958333333333334,14.3,14.545454545454545
198,Ахмат,Химки,Василий Казарцев,1.85,3.5,4.0,23,2,0,903,1055,-152,39,61,13,10,6,3,351,549,68,58,11,13,19,19,58,50,14,13,23,16,6,3,12,18,139,145,11,12,5,6,7,5,4,7,3-4-2-1,6.81,3-5-2,6.84,14.57,6.06,,,7.25,25.375,15.166666666666666,15.36,12.916666666666666,12.92
199,Локомотив,Ростов,Михаил Вилков,1.8,3.5,4.5,22,2,1,1123,1171,-48,55,45,11,11,1,3,480,388,62,89,15,16,18,9,48,50,15,20,13,15,4,6,26,16,141,158,10,11,5,2,4,10,6,1,4-3-1-2,6.93,4-3-3,6.83,12.41,11.04,,,4.875,24.875,13.416666666666666,14.16,13.76923076923077,12.625
200,Ротор,Динамо,Павел Кукуян,5.0,3.4,1.75,27,0,0,613,2241,-1628,42,58,12,15,3,4,316,415,92,59,10,25,7,11,47,41,9,14,21,9,5,13,11,8,151,161,7,20,1,8,4,15,3,5,4-2-3-1,6.73,4-3-3,6.93,14.85,6.24,,,5.384615384615385,28.615384615384617,14.75,14.26086956521739,12.333333333333334,13.52
201,Краснодар,Зенит,Сергей Иванов,5.25,4.2,1.5699999999999998,17,1,0,522,1535,-1013,43,57,10,7,3,2,445,573,82,54,8,29,9,6,46,38,15,11,15,15,2,7,11,11,126,143,11,18,5,6,6,13,5,5,4-2-3-1,6.94,4-4-2,7.07,27.8,10.48,,,5.933333333333334,25.8,11.0,10.916666666666666,9.25,9.48
202,Урал,Рубин Казань,Артем Любимов,4.5,3.75,1.75,38,0,1,1517,643,874,57,43,20,18,2,7,447,333,52,86,24,7,20,11,60,57,20,13,13,19,5,1,9,9,150,124,7,7,2,4,2,3,5,4,4-2-3-1,6.86,4-3-3,6.9,6.17,9.86,,,5.5,27.0,12.083333333333334,13.04,11.692307692307692,11.44
203,Арсенал,Тамбов,Евгений Кукуляк,1.08,8.0,15.0,25,2,0,2472,197,2275,65,35,14,11,3,2,554,298,76,68,28,4,20,8,43,50,16,15,5,17,7,0,11,15,159,129,20,6,10,3,12,3,8,3,3-4-3,6.71,3-5-2,6.7,6.83,15.94,,,5.222222222222222,26.666666666666668,12.75,14.44,11.5,12.32
204,Сочи,ЦСКА,Станислав Васильев,2.88,3.3,2.4,18,1,0,1281,1106,175,42,58,9,9,4,2,405,553,68,63,22,22,12,17,49,51,20,18,18,14,4,5,15,13,129,152,18,10,13,3,13,6,5,4,3-4-3,6.92,4-2-3-1,6.95,14.64,12.11,,,5.833333333333333,24.25,12.307692307692308,11.72,13.166666666666666,11.88
205,Спартак,Уфа,Виталий Мешков,1.45,4.2,7.5,29,0,1,1550,702,848,65,35,12,17,5,2,601,316,56,81,23,5,16,8,47,50,18,17,7,16,8,2,10,6,180,161,14,13,4,4,5,11,9,2,3-4-1-2,7.01,5-4-1,6.71,7.14,12.09,,,6.416666666666667,26.0,14.333333333333334,13.96,15.307692307692308,15.8
206,Урал,Ахмат,Иван Сиденков,2.63,3.1,2.75,32,0,1,1974,627,1347,59,41,15,17,1,3,476,337,68,78,24,9,12,15,64,60,28,28,15,15,5,2,7,22,162,141,23,9,5,2,11,7,12,2,4-2-3-1,6.85,3-3-1-3,6.82,6.42,15.82,,,4.8,31.4,12.692307692307692,13.307692307692308,15.538461538461538,15.26923076923077
207,Зенит,Ротор,Виталий Мешков,1.1,9.0,23.0,16,1,0,3490,63,3427,72,28,12,4,1,0,666,257,54,77,36,9,17,6,45,31,17,9,12,10,14,0,11,11,133,126,32,2,17,1,23,1,9,1,4-4-2,7.06,3-4-2-1,6.73,5.75,35.88,,,6.461538461538462,26.23076923076923,9.692307692307692,9.384615384615385,13.727272727272727,14.166666666666666
208,Динамо,Химки,Евгений Кукуляк,1.36,4.5,9.0,19,0,0,1910,599,1311,60,40,5,14,0,3,568,381,85,86,16,8,11,26,60,35,19,8,21,16,3,3,10,18,179,180,21,6,8,2,10,5,11,1,4-3-3,6.94,3-4-3,6.84,16.6,12.08,,,5.2,26.5,14.615384615384615,13.576923076923077,12.692307692307692,12.807692307692308
209,Тамбов,Локомотив,Шадыханов Павел,14.0,9.5,1.09,19,1,1,627,2165,-1538,31,69,7,12,2,1,250,534,64,39,14,26,16,11,45,37,11,13,14,12,9,10,7,8,132,134,14,26,8,13,12,15,2,11,3-5-2,6.69,4-3-1-2,6.94,18.19,5.11,,,3.5,23.0,13.076923076923077,12.26923076923077,14.846153846153847,14.038461538461538
210,Уфа,Сочи,Игорь Панин,3.1,3.0,2.45,24,1,2,2129,498,1631,66,34,16,8,4,4,555,287,60,64,42,14,10,8,44,38,25,15,7,7,10,1,10,12,146,127,23,14,8,5,15,7,8,7,5-3-2,6.73,3-4-3,6.92,5.78,30.33,,,7.2727272727272725,30.09090909090909,16.333333333333332,15.846153846153847,11.083333333333334,11.615384615384615
211,Ростов,Арсенал,Владислав Безбородов,2.2,3.2,3.4,33,0,0,1964,434,1530,65,35,13,20,2,3,454,247,79,61,30,7,8,9,64,47,29,28,12,7,8,4,11,11,148,151,12,9,3,1,9,6,3,3,4-3-3,6.81,3-4-1-2,6.73,5.11,11.0,,,5.166666666666667,26.0,11.272727272727273,12.56,16.0,14.423076923076923
212,Спартак,ЦСКА,Павел Кукуян,2.38,3.25,3.0,20,0,0,1867,264,1603,57,43,12,8,4,2,522,390,54,73,21,6,19,14,54,49,20,17,18,17,6,2,25,14,146,162,22,5,6,0,16,2,6,3,3-4-1-2,6.99,4-2-3-1,6.94,5.74,20.44,,,5.5,28.5,14.153846153846153,13.884615384615385,12.846153846153847,11.76923076923077
213,Рубин Казань,Краснодар,Василий Казарцев,2.4,3.3,2.88,23,0,1,471,1725,-1254,38,62,15,8,1,2,389,632,47,71,14,13,16,24,43,69,17,21,13,18,3,7,16,12,121,132,5,16,2,7,3,10,2,6,4-1-4-1,6.9,4-2-3-1,6.93,10.23,11.89,,,7.444444444444445,25.11111111111111,11.166666666666666,11.692307692307692,10.818181818181818,10.88
214,Ротор,Ахмат,Станислав Васильев,3.4,3.1,2.2,27,1,0,953,1739,-786,45,55,9,18,3,5,369,438,69,53,14,26,6,17,58,51,21,18,18,18,2,9,14,20,150,159,7,20,1,7,2,9,5,11,4-2-3-1,6.71,3-4-3,6.81,9.83,6.86,,,5.846153846153846,23.76923076923077,14.538461538461538,13.76,15.642857142857142,15.333333333333334
215,Рубин Казань,Динамо,Виталий Мешков,3.0,3.3,2.3,20,1,0,354,2119,-1765,40,60,9,11,2,3,331,460,81,54,7,27,27,20,58,60,24,19,14,22,3,9,14,5,146,156,6,25,2,8,4,14,2,11,4-3-3,6.89,4-3-3,6.94,31.14,7.71,,,6.071428571428571,25.5,11.461538461538462,11.814814814814815,12.538461538461538,13.25925925925926
216,ЦСКА,Уфа,Василий Казарцев,1.62,3.8,5.5,11,0,0,1700,461,1239,54,46,5,6,0,4,522,436,87,91,22,19,14,7,40,34,19,16,8,11,8,2,9,21,169,152,23,7,8,3,15,4,8,3,4-2-3-1,6.93,5-3-2,6.73,24.0,12.36,,,7.0,24.9,10.692307692307692,11.62962962962963,15.428571428571429,15.851851851851851
217,Краснодар,Сочи,Иван Сиденков,1.91,3.6,3.75,26,0,1,1982,1016,966,68,32,12,14,3,3,607,283,77,56,33,17,9,7,51,36,20,18,12,5,3,6,11,14,146,147,14,11,3,8,10,7,4,4,4-2-3-1,6.95,3-4-3,6.92,9.75,15.52,,,4.666666666666667,31.5,10.928571428571429,10.76923076923077,10.846153846153847,11.481481481481481
218,Химки,Урал,Владимир Москалев,2.4,3.2,3.0,24,1,0,540,2342,-1802,32,68,10,14,1,3,279,544,90,60,9,38,7,17,34,46,5,12,13,13,5,9,8,6,140,134,9,22,4,9,6,13,3,9,3-4-3,6.84,4-2-3-1,6.86,15.25,7.06,,,5.666666666666667,24.833333333333332,12.923076923076923,12.851851851851851,13.923076923076923,13.37037037037037
219,Ростов,Тамбов,Игорь Панин,1.06,8.5,19.0,24,0,0,3146,199,2947,71,29,13,11,2,2,496,203,71,73,42,9,23,7,53,47,20,15,12,19,14,2,6,15,165,139,29,5,7,1,15,4,14,1,4-3-3,6.82,5-3-2,6.69,3.45,22.91,,,7.333333333333333,29.583333333333332,11.416666666666666,12.576923076923077,11.461538461538462,12.074074074074074
220,Зенит,Локомотив,Сергей Карасев,1.36,4.75,7.5,23,3,0,1186,1674,-488,43,57,11,12,2,5,369,465,40,44,15,26,16,9,49,42,16,13,14,12,2,5,8,9,96,108,19,18,12,5,14,12,5,6,4-4-2,7.09,4-3-1-2,6.95,14.88,8.95,,,5.214285714285714,25.071428571428573,9.857142857142858,9.481481481481481,14.642857142857142,13.962962962962964
221,Арсенал,Спартак,Сергей Иванов,4.5,3.8,1.73,23,1,1,416,1711,-1295,39,61,17,6,4,1,304,464,68,66,11,19,5,8,50,60,23,24,16,14,2,9,12,14,156,163,10,16,3,4,6,10,4,6,3-4-3,6.72,3-4-1-2,7.0,8.76,8.11,,,5.875,25.25,12.846153846153847,14.62962962962963,13.615384615384615,13.814814814814815
222,Ахмат,Тамбов,Алексей Валерьевич Матюнин,1.05,11.0,19.0,25,2,0,2472,555,1917,64,36,13,12,4,2,545,300,65,59,31,13,20,10,51,50,11,16,14,14,8,4,10,16,145,128,23,11,6,3,16,5,7,6,4-2-3-1,6.82,5-3-2,6.68,6.12,13.53,,,4.923076923076923,21.846153846153847,15.0,15.428571428571429,11.428571428571429,12.035714285714286
223,Сочи,Ротор,Сергей Карасев,1.33,4.5,9.0,16,1,1,1810,486,1324,53,47,8,8,1,3,449,412,55,92,28,13,21,11,54,57,25,24,11,17,6,5,10,13,186,158,22,12,10,3,14,11,8,1,3-4-3,6.92,4-2-3-1,6.72,10.89,10.33,,,5.333333333333333,24.933333333333334,12.071428571428571,11.571428571428571,12.916666666666666,13.576923076923077
224,Уфа,Зенит,Владимир Москалев,3.25,3.6,2.1,16,0,0,743,1648,-905,36,64,7,9,2,2,351,623,70,78,16,10,11,16,48,44,22,14,15,11,3,6,11,9,132,126,10,16,3,5,5,10,5,6,5-3-2,6.74,4-2-3-1,7.09,19.55,10.6,,,5.538461538461538,24.76923076923077,16.307692307692307,15.5,9.076923076923077,9.535714285714286
225,Арсенал,Рубин Казань,Кирилл Левников,2.7,3.2,2.7,25,2,0,261,1842,-1581,33,67,16,9,5,3,211,441,64,64,18,17,6,13,36,47,5,19,20,9,6,3,14,8,131,149,7,19,5,6,5,9,2,10,3-4-3,6.71,4-3-3,6.89,23.73,6.79,,,5.9375,23.1875,13.142857142857142,14.714285714285714,12.142857142857142,11.714285714285714
226,Локомотив,Динамо,Павел Кукуян,2.8,3.2,2.5,31,0,0,798,1208,-410,53,47,16,15,2,4,438,364,80,59,9,32,10,13,53,51,26,13,10,17,3,7,10,14,162,163,10,11,3,0,7,6,3,5,4-3-1-2,6.93,4-3-3,6.93,9.93,7.63,,,5.533333333333333,27.933333333333334,13.23076923076923,13.892857142857142,12.428571428571429,13.178571428571429
227,ЦСКА,Краснодар,Виталий Мешков,1.8,4.2,3.75,26,1,1,1475,945,530,51,49,10,16,1,4,478,438,63,58,10,24,28,18,58,41,10,9,23,20,3,5,8,22,149,152,10,8,6,2,8,3,2,5,4-2-3-1,6.93,4-2-2-2,6.94,11.68,8.1,,,6.0,25.133333333333333,10.285714285714286,11.392857142857142,10.583333333333334,10.814814814814815
228,Урал,Ростов,Шадыханов Павел,2.9,3.1,2.5,26,1,0,1269,1096,173,49,51,13,13,1,3,429,453,88,35,19,14,18,9,58,54,20,22,16,14,6,5,13,12,160,137,9,14,4,5,6,8,3,6,4-2-3-1,6.86,4-3-3,6.83,11.59,10.09,,,3.3333333333333335,21.666666666666668,12.857142857142858,13.392857142857142,13.571428571428571,12.592592592592593
229,Спартак,Химки,Владислав Безбородов,1.29,5.75,10.0,24,0,1,2141,344,1797,65,35,10,14,4,5,543,299,56,67,28,4,17,11,48,51,19,14,9,19,7,1,14,17,151,139,24,5,8,2,14,5,10,0,3-4-1-2,7.0,3-4-2-1,6.84,5.5,12.29,,,5.153846153846154,26.53846153846154,14.0,13.535714285714286,12.785714285714286,12.75
230,Ахмат,Спартак,Павел Кукуян,3.75,3.6,1.91,19,2,0,377,2122,-1745,38,62,11,8,3,3,302,493,50,57,9,17,9,9,41,47,9,11,20,21,2,4,7,5,130,133,4,20,3,8,3,13,1,7,3-4-3,6.83,3-4-1-2,7.0,19.85,7.74,,,5.5625,28.125,14.857142857142858,15.344827586206897,13.071428571428571,13.413793103448276
231,Динамо,ЦСКА,Кирилл Левников,3.2,3.6,2.1,17,0,1,1073,995,78,51,49,12,5,4,3,416,396,50,51,18,19,17,13,35,55,7,15,17,19,4,10,18,19,136,142,17,13,8,4,9,10,8,3,4-3-3,6.93,4-3-3,6.94,8.44,11.58,,,6.0588235294117645,23.294117647058822,13.928571428571429,13.241379310344827,12.5,11.344827586206897
232,Ростов,Краснодар,Алексей Валерьевич Матюнин,2.88,3.4,2.3,16,0,1,1143,829,314,40,60,9,7,2,1,333,508,63,85,19,8,9,5,49,39,25,13,11,16,6,1,13,14,155,158,17,7,2,3,10,5,7,2,4-3-3,6.83,4-2-3-1,6.92,14.68,7.95,,,5.0,22.071428571428573,11.538461538461538,12.607142857142858,11.0,11.0
233,Химки,Сочи,Сергей Иванов,4.5,3.75,1.75,23,0,0,874,858,16,52,48,14,9,1,1,484,444,82,57,13,13,3,5,36,39,11,12,15,12,9,4,10,9,191,183,12,12,3,1,8,6,4,6,3-4-2-1,6.83,3-4-3,6.93,12.35,14.06,,,5.823529411764706,25.11764705882353,12.714285714285714,12.793103448275861,11.071428571428571,11.448275862068966
234,Локомотив,Урал,Владислав Безбородов,1.36,5.0,7.5,33,0,0,3026,305,2721,68,32,10,23,2,8,526,246,42,57,43,10,9,15,60,30,19,8,15,9,9,4,13,23,134,108,23,1,3,0,15,0,8,1,4-3-1-2,6.93,4-2-3-1,6.87,5.73,10.45,,,5.428571428571429,26.357142857142858,13.428571428571429,13.96551724137931,13.928571428571429,13.379310344827585
235,Рубин Казань,Ротор,Виталий Мешков,1.5,4.1,6.5,27,0,0,1239,1024,215,47,53,12,15,4,5,347,381,49,69,10,13,9,11,47,54,14,18,15,21,9,6,13,14,122,131,22,11,6,3,13,6,9,5,4-3-3,6.89,4-2-3-1,6.73,11.06,7.52,,,5.9375,25.1875,11.285714285714286,11.620689655172415,12.538461538461538,13.37037037037037
236,Тамбов,Зенит,Антон Фролов,17.0,11.0,1.05,17,1,1,187,2947,-2760,30,70,6,11,0,1,257,574,56,69,7,30,10,9,30,43,6,13,8,20,1,12,20,8,117,134,8,26,5,12,5,16,3,10,5-4-1,6.68,4-2-3-1,7.09,21.36,4.93,,,4.0,20,12.642857142857142,12.03448275862069,9.071428571428571,9.517241379310345
237,Уфа,Арсенал,Сергей Карасев,1.95,3.0,4.333333333333334,19,2,1,1379,911,468,47,53,9,10,1,0,362,395,56,56,13,15,5,19,41,48,19,16,10,12,7,5,9,6,131,149,13,9,4,3,11,7,2,2,4-4-2,6.75,3-4-3,6.71,13.6,10.88,,,5.25,24.375,15.642857142857142,15.206896551724139,16.285714285714285,14.758620689655173
